id,file,line,field,english,korean,status,note
src/af_patterns.c:390:name,src/af_patterns.c,390,name,Focus Shortcuts,초점 단축키,translated,
src/af_patterns.c:393:help,src/af_patterns.c,393,help,"Choose af points directly, display OFF, arrows+SET.",AF 포인트를 화면 없이 직접 선택 (방향키+SET),translated,
src/af_patterns.c:394:help2,src/af_patterns.c,394,help2,Btw: Real focus patterns aren't working on 6D (yet?).,참고: 실제 초점 패턴은 6D에서 아직 작동하지 않음,translated,
src/af_patterns.c:396:name,src/af_patterns.c,396,name,Focus Patterns,초점 패턴,translated,
src/af_patterns.c:398:help,src/af_patterns.c,398,help,Custom AF patterns (photo mode only). Ported from 400plus.,사용자 지정 AF 패턴 (사진 모드 전용). 400plus에서 이식됨,translated,
src/af_patterns.c:402:name,src/af_patterns.c,402,name,Center selection,중앙 선택,translated,
src/af_patterns.c:404:help,src/af_patterns.c,404,help,Select a center-based AF pattern with LEFT and RIGHT keys.,좌우 키로 중앙 기반 AF 패턴 선택,translated,
src/af_patterns.c:407:name,src/af_patterns.c,407,name,Horizontal selection,수평 선택,translated,
src/af_patterns.c:409:help,src/af_patterns.c,409,help,Select a horizontal AF pattern with LEFT and RIGHT keys.,좌우 키로 수평 AF 패턴 선택,translated,
src/af_patterns.c:412:name,src/af_patterns.c,412,name,Vertical selection,수직 선택,translated,
src/af_patterns.c:415:help,src/af_patterns.c,415,help,Select a vertical AF pattern with LEFT and RIGHT keys.,좌우 키로 수직 AF 패턴 선택,translated,
src/af_patterns.c:418:name,src/af_patterns.c,418,name,Shortcut keys,단축키,translated,
src/af_patterns.c:421:help,src/af_patterns.c,421,help,"Choose patterns outside ML menu, display OFF, arrows+SET.",ML 메뉴 밖에서 화면 없이 패턴 선택 (방향키+SET),translated,
src/audio-ak.c:453:name,src/audio-ak.c,453,name,Analog Gain,아날로그 게인,translated,
src/audio-ak.c:464:help,src/audio-ak.c,464,help,Gain applied to both inputs in analog domain (preferred).,아날로그 단계에서 양쪽 입력에 적용되는 게인 (권장),translated,
src/audio-ak.c:470:name,src/audio-ak.c,470,name,Digital Gain,디지털 게인,translated,
src/audio-ak.c:472:help,src/audio-ak.c,472,help,"Digital gain (not recommended, use only for headphones!)","디지털 게인 (권장하지 않음, 헤드폰 전용으로만 사용!)",translated,
src/audio-ak.c:476:name,src/audio-ak.c,476,name,Left Digital Gain,좌측 디지털 게인,translated,
src/audio-ak.c:482:help,src/audio-ak.c,482,help,Digital gain (LEFT). Any nonzero value reduces quality.,디지털 게인 (좌측). 0이 아닌 값은 음질을 저하시킴,translated,
src/audio-ak.c:485:name,src/audio-ak.c,485,name,Right Digital Gain,우측 디지털 게인,translated,
src/audio-ak.c:491:help,src/audio-ak.c,491,help,Digital gain (RIGHT). Any nonzero value reduces quality.,디지털 게인 (우측). 0이 아닌 값은 음질을 저하시킴,translated,
src/audio-ak.c:495:name,src/audio-ak.c,495,name,AGC,AGC,translated,
src/audio-ak.c:498:help,src/audio-ak.c,498,help,Automatic Gain Control - turn it off :),자동 게인 조절(AGC) - 꺼두세요 :),translated,
src/audio-ak.c:507:name,src/audio-ak.c,507,name,Input source,입력 소스,translated,
src/audio-ak.c:512:help,src/audio-ak.c,512,help,Audio input: internal / external / both / balanced / auto.,오디오 입력: 내장 / 외장 / 둘 다 / 밸런스드 / 자동,translated,
src/audio-ak.c:519:name,src/audio-ak.c,519,name,Wind Filter,윈드 필터,translated,
src/audio-ak.c:521:help,src/audio-ak.c,521,help,High pass filter for wind noise reduction.,바람 소음 감소용 하이패스 필터,translated,
src/audio-ak.c:529:name,src/audio-ak.c,529,name,Close register log,레지스터 로그 닫기,translated,
src/audio-ak.c:536:name,src/audio-ak.c,536,name,Mic Power,마이크 전원,translated,
src/audio-ak.c:540:help,src/audio-ak.c,540,help,"Needed for int. and some other mics, but lowers impedance.",내장 및 일부 마이크에 필요하지만 임피던스가 낮아짐,translated,
src/audio-ak.c:548:name,src/audio-ak.c,548,name,Audio Meters,오디오 미터,translated,
src/audio-ak.c:552:help,src/audio-ak.c,552,help,"While recording only. -40...0 dB, yellow -12 dB, red -3 dB.","녹화 중에만 표시. -40~0dB, 노랑 -12dB, 빨강 -3dB",translated,
src/audio-ak.c:554:help,src/audio-ak.c,554,help,"Bar peak decay, -40...0 dB, yellow at -12 dB, red at -3 dB.","피크 감쇠 표시, -40~0dB, 노랑 -12dB, 빨강 -3dB",translated,
src/audio-ak.c:563:name,src/audio-ak.c,563,name,Headphone Mon.,헤드폰 모니터링,translated,
src/audio-ak.c:566:help,src/audio-ak.c,566,help,Monitoring via A-V jack. Disable if you use a SD display.,A-V 단자로 모니터링. SD 디스플레이 사용 시 끄세요,translated,
src/audio-ak.c:571:name,src/audio-ak.c,571,name,Headphone Volume,헤드폰 볼륨,translated,
src/audio-ak.c:577:help,src/audio-ak.c,577,help,Output volume for audio monitoring (headphones only).,오디오 모니터링 출력 볼륨 (헤드폰 전용),translated,
src/audio-common.c:423:name,src/audio-common.c,423,name,Audio meters,오디오 미터,translated,
src/audio-lapis.c:544:name,src/audio-lapis.c,544,name,Override audio settings,오디오 설정 재정의,translated,
src/audio-lapis.c:548:help,src/audio-lapis.c,548,help,Override audio setting by ML,ML이 오디오 설정을 재정의,translated,
src/audio-lapis.c:551:name,src/audio-lapis.c,551,name,Analog gain,아날로그 게인,translated,
src/audio-lapis.c:557:help,src/audio-lapis.c,557,help,Gain applied to both inputs in analog domain.,아날로그 단계에서 양쪽 입력에 적용되는 게인,translated,
src/audio-lapis.c:560:name,src/audio-lapis.c,560,name,Mic Boost,마이크 부스트,translated,
src/audio-lapis.c:566:help,src/audio-lapis.c,566,help,Analog mic boost.,아날로그 마이크 부스트,translated,
src/audio-lapis.c:569:name,src/audio-lapis.c,569,name,Digital Gain,디지털 게인,translated,
src/audio-lapis.c:571:help,src/audio-lapis.c,571,help,Digital Volume and R-L gain,디지털 볼륨 및 좌우 게인,translated,
src/audio-lapis.c:575:name,src/audio-lapis.c,575,name,Record Effect Mode,녹음 이펙트 모드,translated,
src/audio-lapis.c:580:help,src/audio-lapis.c,580,help,"Choose mode :Notch,EQ,Notch/EQ,Enhance [12],Loudness.","모드 선택: 노치, EQ, 노치/EQ, 인핸스[12], 라우드니스",translated,
src/audio-lapis.c:583:name,src/audio-lapis.c,583,name,Record Digital Volume ,녹음 디지털 볼륨,translated,
src/audio-lapis.c:587:help,src/audio-lapis.c,587,help,Record Digital Volume. ,녹음 디지털 볼륨,translated,
src/audio-lapis.c:590:name,src/audio-lapis.c,590,name,Left Digital Gain ,좌측 디지털 게인,translated,
src/audio-lapis.c:595:help,src/audio-lapis.c,595,help,Digital gain (LEFT). Any nonzero value reduces quality.,디지털 게인 (좌측). 0이 아닌 값은 음질을 저하시킴,translated,
src/audio-lapis.c:598:name,src/audio-lapis.c,598,name,Right Digital Gain,우측 디지털 게인,translated,
src/audio-lapis.c:603:help,src/audio-lapis.c,603,help,Digital gain (RIGHT). Any nonzero value reduces quality.,디지털 게인 (우측). 0이 아닌 값은 음질을 저하시킴,translated,
src/audio-lapis.c:606:name,src/audio-lapis.c,606,name,AGC,AGC,translated,
src/audio-lapis.c:609:help,src/audio-lapis.c,609,help,Automatic Gain Control - turn it off :),자동 게인 조절(AGC) - 꺼두세요 :),translated,
src/audio-lapis.c:617:name,src/audio-lapis.c,617,name,Input source,입력 소스,translated,
src/audio-lapis.c:623:help,src/audio-lapis.c,623,help,Audio input: internal / external / both / auto.,오디오 입력: 내장 / 외장 / 둘 다 / 자동,translated,
src/audio-lapis.c:627:name,src/audio-lapis.c,627,name,Wind Filter,윈드 필터,translated,
src/audio-lapis.c:628:help,src/audio-lapis.c,628,help,High pass filter for wind noise reduction. ML26121A.pdf p77,바람 소음 감소용 하이패스 필터 (ML26121A.pdf 77쪽 참조),translated,
src/audio-lapis.c:634:name,src/audio-lapis.c,634,name,DC filter,DC 필터,translated,
src/audio-lapis.c:638:help,src/audio-lapis.c,638,help,first-order high pass filter for DC cut,DC 제거용 1차 하이패스 필터,translated,
src/audio-lapis.c:641:name,src/audio-lapis.c,641,name,High Pass filter,하이패스 필터,translated,
src/audio-lapis.c:644:help,src/audio-lapis.c,644,help,second-order high pass filter for noise cut,노이즈 제거용 2차 하이패스 필터,translated,
src/audio-lapis.c:647:name,src/audio-lapis.c,647,name,HPF2 Cutoff Hz,HPF2 컷오프 주파수,translated,
src/audio-lapis.c:652:help,src/audio-lapis.c,652,help,Set the cut off frequency for noise reduction,노이즈 감소용 컷오프 주파수 설정,translated,
src/audio-lapis.c:670:name,src/audio-lapis.c,670,name,Headphone Mon.,헤드폰 모니터링,translated,
src/audio-lapis.c:673:help,src/audio-lapis.c,673,help,Monitoring via A-V jack. Disable if you use a SD display.,A-V 단자로 모니터링. SD 디스플레이 사용 시 끄세요,translated,
src/audio-lapis.c:677:name,src/audio-lapis.c,677,name,Headphone Volume,헤드폰 볼륨,translated,
src/audio-lapis.c:683:help,src/audio-lapis.c,683,help,Output volume for audio monitoring (headphones only).,오디오 모니터링 출력 볼륨 (헤드폰 전용),translated,
src/audio-lapis.c:688:name,src/audio-lapis.c,688,name,Audio Meters,오디오 미터,translated,
src/audio-lapis.c:691:help,src/audio-lapis.c,691,help,"Bar peak decay, -40...0 dB, yellow at -12 dB, red at -3 dB.","피크 감쇠 표시, -40~0dB, 노랑 -12dB, 빨강 -3dB",translated,
src/audio-lapis.c:555:choice:0,src/audio-lapis.c,555,choice:0,0 dB,0dB,translated,
src/audio-lapis.c:555:choice:1,src/audio-lapis.c,555,choice:1,+6 dB,+6dB,translated,
src/audio-lapis.c:555:choice:2,src/audio-lapis.c,555,choice:2,+15 dB,+15dB,translated,
src/audio-lapis.c:555:choice:3,src/audio-lapis.c,555,choice:3,+24 dB,+24dB,translated,
src/audio-lapis.c:555:choice:4,src/audio-lapis.c,555,choice:4,+33 dB,+33dB,translated,
src/audio-lapis.c:555:choice:5,src/audio-lapis.c,555,choice:5,+35 dB,+35dB,translated,
src/audio-lapis.c:564:choice:0,src/audio-lapis.c,564,choice:0,0 dB,0dB,translated,
src/audio-lapis.c:564:choice:1,src/audio-lapis.c,564,choice:1,+5 dB,+5dB,translated,
src/audio-lapis.c:564:choice:2,src/audio-lapis.c,564,choice:2,+10 dB,+10dB,translated,
src/audio-lapis.c:564:choice:3,src/audio-lapis.c,564,choice:3,+15 dB,+15dB,translated,
src/audio-lapis.c:564:choice:4,src/audio-lapis.c,564,choice:4,+20 dB,+20dB,translated,
src/audio-lapis.c:564:choice:5,src/audio-lapis.c,564,choice:5,+25 dB,+25dB,translated,
src/audio-lapis.c:564:choice:6,src/audio-lapis.c,564,choice:6,+30 dB,+30dB,translated,
src/audio-lapis.c:579:choice:0,src/audio-lapis.c,579,choice:0,Notch Filter,노치 필터,translated,
src/audio-lapis.c:579:choice:1,src/audio-lapis.c,579,choice:1,EQ,EQ,translated,
src/audio-lapis.c:579:choice:2,src/audio-lapis.c,579,choice:2,Notch EQ,노치 EQ,translated,
src/audio-lapis.c:579:choice:3,src/audio-lapis.c,579,choice:3,Enhnc REC,인핸스 REC,translated,
src/audio-lapis.c:579:choice:4,src/audio-lapis.c,579,choice:4,Enhnc RECPLAY,인핸스 REC/PLAY,translated,
src/audio-lapis.c:579:choice:5,src/audio-lapis.c,579,choice:5,Loud,라우드,translated,
src/audio-lapis.c:651:choice:0,src/audio-lapis.c,651,choice:0,80Hz,80Hz,translated,
src/audio-lapis.c:651:choice:1,src/audio-lapis.c,651,choice:1,100Hz,100Hz,translated,
src/audio-lapis.c:651:choice:2,src/audio-lapis.c,651,choice:2,130Hz,130Hz,translated,
src/audio-lapis.c:651:choice:3,src/audio-lapis.c,651,choice:3,160Hz,160Hz,translated,
src/audio-lapis.c:651:choice:4,src/audio-lapis.c,651,choice:4,200Hz,200Hz,translated,
src/audio-lapis.c:651:choice:5,src/audio-lapis.c,651,choice:5,260Hz,260Hz,translated,
src/audio-lapis.c:651:choice:6,src/audio-lapis.c,651,choice:6,320Hz,320Hz,translated,
src/audio-lapis.c:651:choice:7,src/audio-lapis.c,651,choice:7,400Hz,400Hz,translated,
src/audio-lapis.c:682:choice:0,src/audio-lapis.c,682,choice:0,0 dB,0dB,translated,
src/audio-lapis.c:682:choice:1,src/audio-lapis.c,682,choice:1,+2 dB,+2dB,translated,
src/audio-lapis.c:682:choice:2,src/audio-lapis.c,682,choice:2,+4 dB,+4dB,translated,
src/audio-lapis.c:682:choice:3,src/audio-lapis.c,682,choice:3,+6 dB,+6dB,translated,
src/audio-lapis.c:682:choice:4,src/audio-lapis.c,682,choice:4,+8 dB,+8dB,translated,
src/audio-lapis.c:682:choice:5,src/audio-lapis.c,682,choice:5,+10 dB,+10dB,translated,
src/audio-lapis.c:682:choice:6,src/audio-lapis.c,682,choice:6,+11 dB,+11dB,translated,
src/beep.c:1007:name,src/beep.c,1007,name,Speaker Volume,스피커 볼륨,translated,
src/beep.c:1012:help,src/beep.c,1012,help,Volume for ML beeps and WAV playback (1-5).,ML 경고음 및 WAV 재생 볼륨 (1-5),translated,
src/beep.c:1016:name,src/beep.c,1016,name,"Beep, test tones","경고음, 테스트음",translated,
src/beep.c:1020:help,src/beep.c,1020,help,"Configure ML beeps and play test tones (440Hz, 1kHz...)","ML 경고음 설정 및 테스트음 재생 (440Hz, 1kHz 등)",translated,
src/beep.c:1023:name,src/beep.c,1023,name,Enable Beeps,경고음 사용,translated,
src/beep.c:1026:help,src/beep.c,1026,help,Enable beep signal for misc events in ML.,ML의 각종 이벤트에 경고음 사용,translated,
src/beep.c:1029:name,src/beep.c,1029,name,Tone Waveform,파형,translated,
src/beep.c:1033:help,src/beep.c,1033,help,"Type of waveform to be generated: square, sine, white noise.","생성할 파형 종류: 구형파, 사인파, 백색소음",translated,
src/beep.c:1036:name,src/beep.c,1036,name,Tone Frequency,주파수,translated,
src/beep.c:1042:help,src/beep.c,1042,help,Frequency for ML beep and test tones (Hz).,ML 경고음 및 테스트음 주파수 (Hz),translated,
src/beep.c:1045:name,src/beep.c,1045,name,Play test tone,테스트음 재생,translated,
src/beep.c:1049:help,src/beep.c,1049,help,Play a 5-second test tone with current settings.,현재 설정으로 5초간 테스트음 재생,translated,
src/beep.c:1052:name,src/beep.c,1052,name,Test beep sound,경고음 테스트,translated,
src/beep.c:1056:help,src/beep.c,1056,help,Play a short beep which will be used for ML events.,ML 이벤트에 사용될 짧은 경고음 재생,translated,
src/beep.c:1064:name,src/beep.c,1064,name,Sound Recorder,사운드 레코더,translated,
src/beep.c:1066:help,src/beep.c,1066,help,Record and playback short audio clips (WAV).,짧은 오디오 클립 녹음 및 재생 (WAV),translated,
src/beep.c:1069:name,src/beep.c,1069,name,File name,파일 이름,translated,
src/beep.c:1072:help,src/beep.c,1072,help,Select a file name for playback.,재생할 파일 선택,translated,
src/beep.c:1075:name,src/beep.c,1075,name,Record,녹음,translated,
src/beep.c:1078:help,src/beep.c,1078,help,Press SET to start or stop recording.,SET을 눌러 녹음 시작/정지,translated,
src/beep.c:1081:name,src/beep.c,1081,name,Playback selected file,선택한 파일 재생,translated,
src/beep.c:1083:help,src/beep.c,1083,help,"Play back a WAV file, in built-in speaker or headphones.",내장 스피커 또는 헤드폰으로 WAV 파일 재생,translated,
src/beep.c:1086:name,src/beep.c,1086,name,Delete selected file,선택한 파일 삭제,translated,
src/beep.c:1088:help,src/beep.c,1088,help,Be careful :),주의하세요 :),translated,
src/bitrate-5d3.c:105:name,src/bitrate-5d3.c,105,name,REC indicators,녹화 표시,translated,
src/bitrate-5d3.c:153:name,src/bitrate-5d3.c,153,name,Bit Rate     ,비트레이트,translated,
src/bitrate-5d3.c:157:help,src/bitrate-5d3.c,157,help,H.264 bitrate. One unit = 10 mb/s.,H.264 비트레이트. 1단위 = 10Mb/s,translated,
src/bitrate-5d3.c:161:name,src/bitrate-5d3.c,161,name,Load H264.ini     ,H264.ini 불러오기,translated,
src/bitrate-5d3.c:166:help,src/bitrate-5d3.c,166,help,Bitrate settings,비트레이트 설정,translated,
src/bitrate-5d3.c:171:name,src/bitrate-5d3.c,171,name,REC indicator,녹화 표시,translated,
src/bitrate-5d3.c:176:help,src/bitrate-5d3.c,176,help,What to display in top-right corner while recording.,녹화 중 우측 상단에 표시할 내용,translated,
src/bitrate-6d.c:474:name,src/bitrate-6d.c,474,name,Encoder,인코더,translated,
src/bitrate-6d.c:476:help,src/bitrate-6d.c,476,help,"Change H.264 bitrate. Pick configs. Be careful, recording may stop!",H.264 비트레이트 변경. 설정 선택. 주의: 녹화가 멈출 수 있습니다!,translated,
src/bitrate-6d.c:481:name,src/bitrate-6d.c,481,name,Bit Rate     ,비트레이트,translated,
src/bitrate-6d.c:487:help,src/bitrate-6d.c,487,help,H.264 bitrate. One unit = 10 mb/s. 0 = Off,H.264 비트레이트. 1단위 = 10Mb/s. 0 = 끔,translated,
src/bitrate-6d.c:488:help2,src/bitrate-6d.c,488,help2,If not loading a config MUST set InitQP,설정을 불러오지 않는다면 InitQP를 반드시 지정하세요,translated,
src/bitrate-6d.c:491:name,src/bitrate-6d.c,491,name,InitQP     ,InitQP,translated,
src/bitrate-6d.c:497:help,src/bitrate-6d.c,497,help,Init QP - Lower is better. 0 = Off,초기 QP - 낮을수록 좋음. 0 = 끔,translated,
src/bitrate-6d.c:498:help2,src/bitrate-6d.c,498,help2,Overriding dynamic configs will result in fixed QP,동적 설정을 재정의하면 QP가 고정됩니다,translated,
src/bitrate-6d.c:501:name,src/bitrate-6d.c,501,name,Flush rate,플러시 주기,translated,
src/bitrate-6d.c:506:help,src/bitrate-6d.c,506,help,Flush movie buffer every n frames.,n프레임마다 동영상 버퍼를 플러시합니다.,translated,
src/bitrate-6d.c:509:name,src/bitrate-6d.c,509,name,GOP size,GOP 크기,translated,
src/bitrate-6d.c:514:help,src/bitrate-6d.c,514,help,Set GOP size to n frames.,GOP 크기를 n프레임으로 설정합니다.,translated,
src/bitrate-6d.c:517:name,src/bitrate-6d.c,517,name,Autoload Conf  ,자동 설정 로드,translated,
src/bitrate-6d.c:522:help,src/bitrate-6d.c,522,help,Auto Load Config at Start and/or Override BR/InitQP,시작 시 설정 자동 로드 및/또는 BR/InitQP 재정의,translated,
src/bitrate-6d.c:526:name,src/bitrate-6d.c,526,name,Config Select,설정 선택,translated,
src/bitrate-6d.c:531:help,src/bitrate-6d.c,531,help,Select an Encoder Config. If off H264.ini will load. Exit menu to apply.,인코더 설정 선택. 끄면 H264.ini가 로드됩니다. 메뉴를 나가면 적용됩니다.,translated,
src/bitrate-6d.c:537:name,src/bitrate-6d.c,537,name,Load Config,설정 불러오기,translated,
src/bitrate-6d.c:539:help,src/bitrate-6d.c,539,help,Manual Load Config from selection,선택한 설정을 수동으로 불러옵니다,translated,
src/bitrate-6d.c:543:name,src/bitrate-6d.c,543,name,Config Loaded ,설정 로드됨,translated,
src/bitrate-6d.c:550:help,src/bitrate-6d.c,550,help,Config Loaded. Disabling may keep some of the parameters,설정이 로드됨. 끄면 일부 값이 유지될 수 있습니다,translated,
src/bitrate-6d.c:555:name,src/bitrate-6d.c,555,name,REC indicator,녹화 표시,translated,
src/bitrate-6d.c:560:help,src/bitrate-6d.c,560,help,What to display in top-right corner while recording.,녹화 중 화면 우측 상단에 표시할 내용.,translated,
src/bitrate-6d.c:567:name,src/bitrate-6d.c,567,name,Sound Record,음성 녹음,translated,
src/bitrate-6d.c:572:help,src/bitrate-6d.c,572,help,Record audio with WAV separately. Source will auto select.,WAV로 오디오를 별도 녹음합니다. 입력 소스는 자동 선택됩니다.,translated,
src/bitrate-6d.c:575:name,src/bitrate-6d.c,575,name,Input Volume,입력 음량,translated,
src/bitrate-6d.c:581:help,src/bitrate-6d.c,581,help,Record audio with WAV separately.,WAV로 오디오를 별도 녹음합니다.,translated,
src/bitrate.c:522:name,src/bitrate.c,522,name,Bit Rate,비트레이트,translated,
src/bitrate.c:527:help,src/bitrate.c,527,help,"Change H.264 bitrate. Be careful, recording may stop!",H.264 비트레이트 변경. 주의: 녹화가 멈출 수 있습니다!,translated,
src/bitrate.c:531:name,src/bitrate.c,531,name,Mode,모드,translated,
src/bitrate.c:537:help,src/bitrate.c,537,help,Firmware default / CBR (recommended) / VBR (very risky),펌웨어 기본값 / CBR(권장) / VBR(매우 위험),translated,
src/bitrate.c:540:name,src/bitrate.c,540,name,CBR factor,CBR 배율,translated,
src/bitrate.c:547:help,src/bitrate.c,547,help,"1.0x = Canon default, 0.4x = 30minutes, 1.4x = fast card.","1.0x = 캐논 기본값, 0.4x = 30분, 1.4x = 고속 카드용.",translated,
src/bitrate.c:550:name,src/bitrate.c,550,name,QScale,QScale,translated,
src/bitrate.c:557:help,src/bitrate.c,557,help,Quality factor (-16 = best quality). Try not to use it!,화질 계수(-16 = 최고 화질). 가급적 사용하지 마세요!,translated,
src/bitrate.c:560:name,src/bitrate.c,560,name,Bitrate Info,비트레이트 정보,translated,
src/bitrate.c:563:help,src/bitrate.c,563,help,"A = average, B = instant bitrate, Q = instant QScale.","A = 평균, B = 순간 비트레이트, Q = 순간 QScale.",translated,
src/bitrate.c:566:name,src/bitrate.c,566,name,BuffWarnLevel,버퍼 경고 레벨,translated,
src/bitrate.c:571:help,src/bitrate.c,571,help,ML will pause CPU-intensive graphics if buffer gets full.,버퍼가 가득 차면 ML이 CPU 부하가 큰 그래픽 표시를 일시 중지합니다.,translated,
src/bitrate.c:580:name,src/bitrate.c,580,name,Sound Record,음성 녹음,translated,
src/bitrate.c:585:help,src/bitrate.c,585,help,You may get higher bitrates if you record sound separately.,음성을 별도로 녹음하면 비트레이트를 더 높일 수 있습니다.,translated,
src/bitrate.c:593:name,src/bitrate.c,593,name,Time Indicator,시간 표시,translated,
src/bitrate.c:595:help,src/bitrate.c,595,help,Time indicator while recording.,녹화 중 시간 표시.,translated,
src/bitrate.c:605:name,src/bitrate.c,605,name,Time indicator,시간 표시,translated,
src/config.c:874:name,src/config.c,874,name,Config options,설정 옵션,translated,
src/config.c:878:help,src/config.c,878,help,"Config auto save, manual save, restore defaults...","설정 자동 저장, 수동 저장, 기본값 복원 등...",translated,
src/config.c:881:name,src/config.c,881,name,SET at startup,시작 시 SET,translated,
src/config.c:887:help,src/config.c,887,help,[GLOBAL] If you hold the SET button pressed at camera startup:,[전역] 카메라 시작 시 SET 버튼을 누르고 있으면:,translated,
src/config.c:888:help2,src/config.c,888,help2,Do not load ML if you start the camera with SET pressed (default)\n,SET을 누른 채 시작하면 ML을 불러오지 않음(기본값)\n,translated,
src/config.c:892:name,src/config.c,892,name,Config preset,설정 프리셋,translated,
src/config.c:899:help,src/config.c,899,help,Choose a configuration preset.,설정 프리셋을 선택합니다.,translated,
src/config.c:902:name,src/config.c,902,name,Config AutoSave,설정 자동 저장,translated,
src/config.c:906:help,src/config.c,906,help,"If enabled, ML settings are saved automatically at shutdown.",켜면 종료 시 ML 설정이 자동으로 저장됩니다.,translated,
src/config.c:909:name,src/config.c,909,name,Save config now,지금 설정 저장,translated,
src/config.c:912:help,src/config.c,912,help,Save ML settings to current preset directory.,현재 프리셋 폴더에 ML 설정을 저장합니다.,translated,
src/config.c:915:name,src/config.c,915,name,Restore ML defaults,ML 기본값 복원,translated,
src/config.c:918:help,src/config.c,918,help,"This restores ML default settings, by deleting all CFG files.",모든 CFG 파일을 삭제하여 ML 기본 설정으로 복원합니다.,translated,
src/config.c:884:choice:0,src/config.c,884,choice:0,Bypass loading ML,ML 로드 건너뜀,translated,
src/config.c:884:choice:1,src/config.c,884,choice:1,Required to load ML,ML 로드 필수,translated,
src/console.c:71:name,src/console.c,71,name,Debug Console,디버그 콘솔,translated,
src/crop-mode-hack.c:79:name,src/crop-mode-hack.c,79,name,Movie crop mode,동영상 크롭 모드,translated,
src/crop-mode-hack.c:84:help,src/crop-mode-hack.c,84,help,Enables 600D movie crop-mode,600D 동영상 크롭 모드를 활성화합니다,translated,
src/cropmarks.c:174:name,src/cropmarks.c,174,name,Cropmarks,크롭마크,translated,
src/cropmarks.c:178:help,src/cropmarks.c,178,help,Cropmarks or custom grids for framing.,프레이밍을 위한 크롭마크 또는 사용자 그리드.,translated,
src/cropmarks.c:184:name,src/cropmarks.c,184,name,Bitmap,비트맵,translated,
src/cropmarks.c:189:help,src/cropmarks.c,189,help,You can draw your own cropmarks in Paint.,그림판에서 직접 크롭마크를 그릴 수 있습니다.,translated,
src/cropmarks.c:192:name,src/cropmarks.c,192,name,Show in photo mode,사진 모드에서 표시,translated,
src/cropmarks.c:196:help,src/cropmarks.c,196,help,Cropmarks are mostly used in movie mode.,크롭마크는 주로 동영상 모드에서 사용됩니다.,translated,
src/cropmarks.c:199:name,src/cropmarks.c,199,name,Show in PLAY mode,재생 모드에서 표시,translated,
src/cropmarks.c:202:help,src/cropmarks.c,202,help,You may also have cropmarks in Playback mode.,재생 모드에서도 크롭마크를 표시할 수 있습니다.,translated,
src/debug.c:891:name,src/debug.c,891,name,Memory Browser,메모리 브라우저,translated,
src/debug.c:894:help,src/debug.c,894,help,Display memory contents in real-time (hexdump).,메모리 내용을 실시간으로 표시(헥스덤프).,translated,
src/debug.c:897:name,src/debug.c,897,name,HexDump,헥스덤프,translated,
src/debug.c:902:help,src/debug.c,902,help,Address to be analyzed. Press Q to select the digit to edit.,분석할 주소. Q를 눌러 수정할 자릿수를 선택하세요.,translated,
src/debug.c:905:name,src/debug.c,905,name,Pointer dereference,포인터 역참조,translated,
src/debug.c:907:help,src/debug.c,907,help,Changes address to *(int*)addr [SET] or goes back [PLAY].,주소를 *(int*)addr로 변경[SET]하거나 이전으로 되돌립니다[PLAY].,translated,
src/debug.c:910:name,src/debug.c,910,name,Val hex32,Hex32 값,translated,
src/debug.c:913:help,src/debug.c,913,help,Value as hex.,16진수 값.,translated,
src/debug.c:916:name,src/debug.c,916,name,Val int32,Int32 값,translated,
src/debug.c:919:help,src/debug.c,919,help,Value as int32.,int32 값.,translated,
src/debug.c:922:name,src/debug.c,922,name,Val int16,Int16 값,translated,
src/debug.c:925:help,src/debug.c,925,help,Value as 2 x int16. Toggle: changes second value.,int16 2개로 표시. 토글: 두 번째 값 변경.,translated,
src/debug.c:928:name,src/debug.c,928,name,Val int8,Int8 값,translated,
src/debug.c:930:help,src/debug.c,930,help,Value as 4 x int8.,int8 4개로 표시.,translated,
src/debug.c:933:name,src/debug.c,933,name,Val string,문자열 값,translated,
src/debug.c:935:help,src/debug.c,935,help,Value as string.,문자열 값.,translated,
src/debug.c:942:name,src/debug.c,942,name,Flashlight,손전등,translated,
src/debug.c:945:help,src/debug.c,945,help,Turn on the front LED [PLAY] or make display bright [SET].,전면 LED 켜기[PLAY] 또는 화면 밝게[SET].,translated,
src/debug.c:949:name,src/debug.c,949,name,Screenshot - 10s,스크린샷 - 10초,translated,
src/debug.c:951:help,src/debug.c,951,help,Screenshot after 10 seconds => VRAMx.BMP.,10초 후 스크린샷 저장 => VRAMx.BMP.,translated,
src/debug.c:952:help2,src/debug.c,952,help2,The screenshot will contain BMP and YUV overlays.,BMP와 YUV 오버레이가 함께 포함됩니다.,translated,
src/debug.c:956:name,src/debug.c,956,name,Menu screenshots,메뉴 스크린샷,translated,
src/debug.c:959:help,src/debug.c,959,help,Take a screenshot for each ML menu.,ML 메뉴마다 스크린샷을 찍습니다.,translated,
src/debug.c:964:name,src/debug.c,964,name,Draw palette,팔레트 그리기,translated,
src/debug.c:966:help,src/debug.c,966,help,Display a test pattern to see the color palette.,색상 팔레트 확인용 테스트 패턴을 표시합니다.,translated,
src/debug.c:970:name,src/debug.c,970,name,Spy properties,속성 감시,translated,
src/debug.c:973:help,src/debug.c,973,help,Show properties as they change.,속성이 바뀔 때마다 표시합니다.,translated,
src/debug.c:976:name,src/debug.c,976,name,Dialog test,다이얼로그 테스트,translated,
src/debug.c:978:help,src/debug.c,978,help,Dialog templates (up/dn) and color palettes (left/right),다이얼로그 템플릿(상/하)과 색상 팔레트(좌/우),translated,
src/debug.c:982:name,src/debug.c,982,name,Dump ROM and RAM,ROM/RAM 덤프,translated,
src/debug.c:986:help,src/debug.c,986,help,"ROM0.BIN:F0000000, ROM1.BIN:F8000000, RAM4.BIN","ROM0.BIN:F0000000, ROM1.BIN:F8000000, RAM4.BIN",translated,
src/debug.c:988:help,src/debug.c,988,help,"ROM0.BIN:      NA, ROM1.BIN:FE000000, RAM4.BIN","ROM0.BIN:      NA, ROM1.BIN:FE000000, RAM4.BIN",translated,
src/debug.c:990:help,src/debug.c,990,help,"ROM0.BIN:E0000000, ROM1.BIN:F0000000, RAM4.BIN","ROM0.BIN:E0000000, ROM1.BIN:F0000000, RAM4.BIN",translated,
src/debug.c:994:name,src/debug.c,994,name,Dump image buffers,이미지 버퍼 덤프,translated,
src/debug.c:997:help,src/debug.c,997,help,"Dump all image buffers (LV, HD, RAW) from current video mode.","현재 영상 모드의 모든 이미지 버퍼(LV, HD, RAW)를 덤프합니다.",translated,
src/debug.c:1001:name,src/debug.c,1001,name,Unmount SD card,SD카드 마운트 해제,translated,
src/debug.c:1004:help,src/debug.c,1004,help,"Run before uploading files to a Wi-Fi card, to avoid data corruption.",데이터 손상을 막으려면 Wi-Fi 카드에 파일을 올리기 전에 실행하세요.,translated,
src/debug.c:1005:help2,src/debug.c,1005,help2,No further writes will be performed on your card from the camera.,이후 카메라에서 카드에 쓰기 작업을 하지 않습니다.,translated,
src/debug.c:1010:name,src/debug.c,1010,name,Don't click me!,누르지 마세요!,translated,
src/debug.c:1013:help,src/debug.c,1013,help,The camera may turn into a 1DX or it may explode.,카메라가 1DX로 변하거나 폭발할 수 있습니다.,translated,
src/debug.c:1018:name,src/debug.c,1018,name,Bootflag settings,부트플래그 설정,translated,
src/debug.c:1020:help,src/debug.c,1020,help,Change camera bootflag status,카메라 부트플래그 상태를 변경합니다,translated,
src/debug.c:1023:name,src/debug.c,1023,name,Disable bootflag,부트플래그 끄기,translated,
src/debug.c:1025:help,src/debug.c,1025,help,Calls DisableBootDisk EvProc,DisableBootDisk EvProc 호출,translated,
src/debug.c:1028:name,src/debug.c,1028,name,Enable bootflag,부트플래그 켜기,translated,
src/debug.c:1030:help,src/debug.c,1030,help,Calls EnableBootDisk EvProc,EnableBootDisk EvProc 호출,translated,
src/debug.c:1038:name,src/debug.c,1038,name,DM Log,DM 로그,translated,
src/debug.c:1041:help,src/debug.c,1041,help,Log DebugMessages,DebugMessages 기록,translated,
src/debug.c:1044:name,src/debug.c,1044,name,TryPostEvent Log,TryPostEvent 로그,translated,
src/debug.c:1047:help,src/debug.c,1047,help,Log TryPostEvents,TryPostEvents 기록,translated,
src/debug.c:1052:name,src/debug.c,1052,name,Show tasks,태스크 표시,translated,
src/debug.c:1054:help,src/debug.c,1054,help,Displays the tasks started by Canon and Magic Lantern.,Canon과 매직 랜턴이 실행한 태스크를 표시합니다.,translated,
src/debug.c:1057:name,src/debug.c,1057,name,Task list,태스크 목록,translated,
src/debug.c:1061:help,src/debug.c,1061,help,"Task info: name, priority, stack memory usage.","태스크 정보: 이름, 우선순위, 스택 메모리 사용량.",translated,
src/debug.c:1063:help,src/debug.c,1063,help,"Task info: ID, name, priority, wait_id, mem, state.","태스크 정보: ID, 이름, 우선순위, wait_id, 메모리, 상태.",translated,
src/debug.c:1073:name,src/debug.c,1073,name,Show CPU usage,CPU 사용량 표시,translated,
src/debug.c:1077:help,src/debug.c,1077,help,Display total CPU usage (percentage).,전체 CPU 사용량(%)을 표시합니다.,translated,
src/debug.c:1083:name,src/debug.c,1083,name,Show GUI events,GUI 이벤트 표시,translated,
src/debug.c:1087:help,src/debug.c,1087,help,Display GUI events (button codes).,GUI 이벤트(버튼 코드)를 표시합니다.,translated,
src/debug.c:1092:name,src/debug.c,1092,name,Test GUI modes (DANGEROUS!!!),GUI 모드 테스트(위험!!!),translated,
src/debug.c:1095:help,src/debug.c,1095,help,Cycle through all GUI modes and take screenshots.,모든 GUI 모드를 순회하며 스크린샷을 찍습니다.,translated,
src/debug.c:1101:name,src/debug.c,1101,name,Image buffers,이미지 버퍼,translated,
src/debug.c:1104:help,src/debug.c,1104,help,Display the image buffer sizes (LiveView and Craw).,"이미지 버퍼 크기(라이브 뷰, Craw)를 표시합니다.",translated,
src/debug.c:1110:name,src/debug.c,1110,name,Shutter Count,셔터 카운트,translated,
src/debug.c:1114:help,src/debug.c,1114,help,Number of shutter actions. Open submenu to learn more.,셔터 작동 횟수. 자세한 내용은 하위 메뉴를 여세요.,translated,
src/debug.c:1119:name,src/debug.c,1119,name,Total Shutter,총 셔터 횟수,translated,
src/debug.c:1122:help,src/debug.c,1122,help,Number of mechanical shutter actions (incl. sensor cleaning),기계식 셔터 작동 횟수(센서 클리닝 포함),translated,
src/debug.c:1125:name,src/debug.c,1125,name,Total Mirror,총 미러 횟수,translated,
src/debug.c:1128:help,src/debug.c,1128,help,"Number of mirror move actions (DSLR, 0 on mirrorless)","미러 작동 횟수(DSLR용, 미러리스는 0)",translated,
src/debug.c:1131:name,src/debug.c,1131,name,Total Shots,총 촬영 횟수,translated,
src/debug.c:1134:help,src/debug.c,1134,help,Number of photos made. Incl. silent (electronic) shots,촬영한 사진 수(무음/전자식 촬영 포함),translated,
src/debug.c:1139:help,src/debug.c,1139,help,Number of pics taken + number of LiveView actuations,촬영 사진 수 + 라이브 뷰 작동 수,translated,
src/debug.c:1147:name,src/debug.c,1147,name,Internal Temp,내부 온도,translated,
src/debug.c:1151:help,src/debug.c,1151,help,EFIC chip temperature (somewhere on the mainboard).,EFIC 칩 온도(메인보드 어딘가).,translated,
src/debug.c:1153:help,src/debug.c,1153,help,EFIC chip temperature (raw values).,EFIC 칩 온도(원시 값).,translated,
src/debug.c:1154:help2,src/debug.c,1154,help2,http://www.magiclantern.fm/forum/index.php?topic=9673.0,http://www.magiclantern.fm/forum/index.php?topic=9673.0,translated,
src/debug.c:1161:name,src/debug.c,1161,name,Ambient light,주변광,translated,
src/debug.c:1163:help,src/debug.c,1163,help,"Ambient light from the sensor under LCD, in raw units.",LCD 아래 센서가 측정한 주변광(원시 단위).,translated,
src/debug.c:1169:name,src/debug.c,1169,name,Battery level,배터리 잔량,translated,
src/debug.c:1171:help,src/debug.c,1171,help,Battery remaining. Wait for 2% discharge before reading.,배터리 잔량. 2% 소모된 후 확인하세요.,translated,
src/debug.c:1177:name,src/debug.c,1177,name,PROP Display,PROP 표시,translated,
src/debug.c:1182:help,src/debug.c,1182,help,Raw property display (read-only),원시 속성 표시(읽기 전용),translated,
src/electronic_level.c:145:name,src/electronic_level.c,145,name,Electronic level,전자 수평계,translated,
src/fio-ml.c:925:name,src/fio-ml.c,925,name,Card settings,카드 설정,translated,
src/fio-ml.c:927:help,src/fio-ml.c,927,help,Preferences related to SD/CF card operation.,SD/CF 카드 동작 관련 설정.,translated,
src/fio-ml.c:931:name,src/fio-ml.c,931,name,CF card,CF카드,translated,
src/fio-ml.c:933:help,src/fio-ml.c,933,help,CF card info: make and model.,CF카드 정보: 제조사와 모델명.,translated,
src/fio-ml.c:937:name,src/fio-ml.c,937,name,Card test at startup,시작 시 카드 테스트,translated,
src/fio-ml.c:941:help,src/fio-ml.c,941,help,File write test. Some cards may have compatibility issues.,파일 쓰기 테스트. 일부 카드는 호환성 문제가 있을 수 있습니다.,translated,
src/fio-ml.c:944:name,src/fio-ml.c,944,name,CF card workaround,CF카드 호환 설정,translated,
src/fio-ml.c:947:help,src/fio-ml.c,947,help,Slows down the CF write speed to let you use certain cards.,특정 카드를 쓸 수 있도록 CF 쓰기 속도를 낮춥니다.,translated,
src/fio-ml.c:948:help2,src/fio-ml.c,948,help2,(e.g. Kingston 16GB 266x is known to require this),(예: Kingston 16GB 266x 모델에 필요한 것으로 알려짐),translated,
src/fio-ml.c:952:name,src/fio-ml.c,952,name,Preferred card,우선 카드,translated,
src/fio-ml.c:957:help,src/fio-ml.c,957,help,Make sure your preferred card is selected at startup.,시작 시 우선 카드가 선택되어 있는지 확인하세요.,translated,
src/fio-ml.c:958:help2,src/fio-ml.c,958,help2,This changes Canon card selection at startup - nothing else.,시작 시 Canon의 카드 선택만 변경하며 그 외에는 영향이 없습니다.,translated,
src/fio-ml.c:956:choice:0,src/fio-ml.c,956,choice:0,OFF,끔,translated,
src/fio-ml.c:956:choice:1,src/fio-ml.c,956,choice:1,CF,CF,translated,
src/fio-ml.c:956:choice:2,src/fio-ml.c,956,choice:2,SD,SD,translated,
src/flexinfo.c:103:name,src/flexinfo.c,103,name,Top bar,상단 바,translated,
src/flexinfo.c:105:name,src/flexinfo.c,105,name,Bottom bar,하단 바,translated,
src/flexinfo.c:110:name,src/flexinfo.c,110,name,time hrs,시간(시),translated,
src/flexinfo.c:111:name,src/flexinfo.c,111,name,time :,시간(:),translated,
src/flexinfo.c:112:name,src/flexinfo.c,112,name,time min,시간(분),translated,
src/flexinfo.c:115:name,src/flexinfo.c,115,name,GB,GB,translated,
src/flexinfo.c:116:name,src/flexinfo.c,116,name,Space GB,여유 공간(GB),translated,
src/flexinfo.c:119:name,src/flexinfo.c,119,name,Pics,촬영 매수,translated,
src/flexinfo.c:122:name,src/flexinfo.c,122,name,°C,°C,translated,
src/flexinfo.c:123:name,src/flexinfo.c,123,name,Temp,온도,translated,
src/flexinfo.c:124:name,src/flexinfo.c,124,name,TempBG,온도 배경,translated,
src/flexinfo.c:129:name,src/flexinfo.c,129,name,mode,모드,translated,
src/flexinfo.c:132:name,src/flexinfo.c,132,name,focal,초점거리,translated,
src/flexinfo.c:133:name,src/flexinfo.c,133,name,focal mm,초점거리(mm),translated,
src/flexinfo.c:136:name,src/flexinfo.c,136,name,aperture,조리개,translated,
src/flexinfo.c:139:name,src/flexinfo.c,139,name,shutter,셔터 속도,translated,
src/flexinfo.c:142:name,src/flexinfo.c,142,name,ISO icon,ISO 아이콘,translated,
src/flexinfo.c:143:name,src/flexinfo.c,143,name,ISO val,ISO 값,translated,
src/flexinfo.c:146:name,src/flexinfo.c,146,name,wbmode,화이트 밸런스 모드,translated,
src/flexinfo.c:149:name,src/flexinfo.c,149,name,dist,거리,translated,
src/flexinfo.c:162:name,src/flexinfo.c,162,name,ISO Range,ISO 범위,translated,
src/flexinfo.c:165:name,src/flexinfo.c,165,name,WB GM,WB 그린/마젠타,translated,
src/flexinfo.c:166:name,src/flexinfo.c,166,name,WB BA,WB 블루/앰버,translated,
src/flexinfo.c:169:name,src/flexinfo.c,169,name,Battery Icon,배터리 아이콘,translated,
src/flexinfo.c:175:name,src/flexinfo.c,175,name,MLU,미러 업(MLU),translated,
src/flexinfo.c:178:name,src/flexinfo.c,178,name,Kelvin,색온도(K),translated,
src/flexinfo.c:181:name,src/flexinfo.c,181,name,Pics (clear),촬영 매수(투명),translated,
src/flexinfo.c:182:name,src/flexinfo.c,182,name,Pics,촬영 매수,translated,
src/flexinfo.c:185:name,src/flexinfo.c,185,name,Date,날짜,translated,
src/flexinfo.c:186:name,src/flexinfo.c,186,name,Build,빌드,translated,
src/flexinfo.c:188:name,src/flexinfo.c,188,name,Card label,카드 라벨,translated,
src/flexinfo.c:189:name,src/flexinfo.c,189,name,Copyright,저작권,translated,
src/flexinfo.c:192:name,src/flexinfo.c,192,name,GB,GB,translated,
src/flexinfo.c:193:name,src/flexinfo.c,193,name,Space,여유 공간,translated,
src/flexinfo.c:196:name,src/flexinfo.c,196,name,Hrs,시,translated,
src/flexinfo.c:197:name,src/flexinfo.c,197,name,:,:,translated,
src/flexinfo.c:198:name,src/flexinfo.c,198,name,Min,분,translated,
src/flexinfo.c:199:name,src/flexinfo.c,199,name,Sec,초,translated,
src/flexinfo.c:204:name,src/flexinfo.c,204,name,ISO Range,ISO 범위,translated,
src/flexinfo.c:207:name,src/flexinfo.c,207,name,WB GM,WB 그린/마젠타,translated,
src/flexinfo.c:208:name,src/flexinfo.c,208,name,WB BA,WB 블루/앰버,translated,
src/flexinfo.c:211:name,src/flexinfo.c,211,name,Battery Icon,배터리 아이콘,translated,
src/flexinfo.c:217:name,src/flexinfo.c,217,name,MLU,미러 업(MLU),translated,
src/flexinfo.c:220:name,src/flexinfo.c,220,name,Kelvin,색온도(K),translated,
src/flexinfo.c:223:name,src/flexinfo.c,223,name,Pics (clear),촬영 매수(투명),translated,
src/flexinfo.c:224:name,src/flexinfo.c,224,name,Pics,촬영 매수,translated,
src/flexinfo.c:227:name,src/flexinfo.c,227,name,Date,날짜,translated,
src/flexinfo.c:228:name,src/flexinfo.c,228,name,Build,빌드,translated,
src/flexinfo.c:230:name,src/flexinfo.c,230,name,Lens,렌즈,translated,
src/flexinfo.c:231:name,src/flexinfo.c,231,name,Copyright,저작권,translated,
src/flexinfo.c:234:name,src/flexinfo.c,234,name,GB,GB,translated,
src/flexinfo.c:235:name,src/flexinfo.c,235,name,Space,여유 공간,translated,
src/flexinfo.c:238:name,src/flexinfo.c,238,name,Hrs,시,translated,
src/flexinfo.c:239:name,src/flexinfo.c,239,name,:,:,translated,
src/flexinfo.c:240:name,src/flexinfo.c,240,name,Min,분,translated,
src/flexinfo.c:241:name,src/flexinfo.c,241,name,Sec,초,translated,
src/flexinfo.c:246:name,src/flexinfo.c,246,name,ISO Range,ISO 범위,translated,
src/flexinfo.c:249:name,src/flexinfo.c,249,name,WB GM,WB 그린/마젠타,translated,
src/flexinfo.c:250:name,src/flexinfo.c,250,name,WB BA,WB 블루/앰버,translated,
src/flexinfo.c:253:name,src/flexinfo.c,253,name,Battery Icon,배터리 아이콘,translated,
src/flexinfo.c:259:name,src/flexinfo.c,259,name,MLU,미러 업(MLU),translated,
src/flexinfo.c:262:name,src/flexinfo.c,262,name,Kelvin,색온도(K),translated,
src/flexinfo.c:265:name,src/flexinfo.c,265,name,HDR,HDR,translated,
src/flexinfo.c:268:name,src/flexinfo.c,268,name,Time,시각,translated,
src/flexinfo.c:273:name,src/flexinfo.c,273,name,ISO Range,ISO 범위,translated,
src/flexinfo.c:276:name,src/flexinfo.c,276,name,WB GM,WB 그린/마젠타,translated,
src/flexinfo.c:277:name,src/flexinfo.c,277,name,WB BA,WB 블루/앰버,translated,
src/flexinfo.c:280:name,src/flexinfo.c,280,name,Battery Icon,배터리 아이콘,translated,
src/flexinfo.c:286:name,src/flexinfo.c,286,name,MLU,미러 업(MLU),translated,
src/flexinfo.c:289:name,src/flexinfo.c,289,name,Kelvin,색온도(K),translated,
src/flexinfo.c:292:name,src/flexinfo.c,292,name,HDR,HDR,translated,
src/flexinfo.c:295:name,src/flexinfo.c,295,name,Time,시각,translated,
src/flexinfo.c:300:name,src/flexinfo.c,300,name,WB BA,WB 블루/앰버,translated,
src/flexinfo.c:301:name,src/flexinfo.c,301,name,WB GM,WB 그린/마젠타,translated,
src/flexinfo.c:304:name,src/flexinfo.c,304,name,MLU,미러 업(MLU),translated,
src/flexinfo.c:307:name,src/flexinfo.c,307,name,Kelvin,색온도(K),translated,
src/flexinfo.c:308:name,src/flexinfo.c,308,name,Kelvin (clear),색온도(투명),translated,
src/flexinfo.c:311:name,src/flexinfo.c,311,name,Time,시각,translated,
src/flexinfo.c:314:name,src/flexinfo.c,314,name,HDR,HDR,translated,
src/flexinfo.c:317:name,src/flexinfo.c,317,name,Space (clear),여유 공간(투명),translated,
src/flexinfo.c:318:name,src/flexinfo.c,318,name,Space Pics,여유 공간(매수),translated,
src/flexinfo.c:319:name,src/flexinfo.c,319,name,Space GB,여유 공간(GB),translated,
src/flexinfo.c:320:name,src/flexinfo.c,320,name,GB,GB,translated,
src/flexinfo.c:323:name,src/flexinfo.c,323,name,Lens,렌즈,translated,
src/flexinfo.c:324:name,src/flexinfo.c,324,name,Date,날짜,translated,
src/flexinfo.c:327:name,src/flexinfo.c,327,name,Build,빌드,translated,
src/flexinfo.c:328:name,src/flexinfo.c,328,name,Copyright,저작권,translated,
src/flexinfo.c:333:name,src/flexinfo.c,333,name,WB BA,WB 블루/앰버,translated,
src/flexinfo.c:334:name,src/flexinfo.c,334,name,WB GM,WB 그린/마젠타,translated,
src/flexinfo.c:337:name,src/flexinfo.c,337,name,MLU,미러 업(MLU),translated,
src/flexinfo.c:340:name,src/flexinfo.c,340,name,Kelvin,색온도(K),translated,
src/flexinfo.c:341:name,src/flexinfo.c,341,name,Kelvin (clear),색온도(투명),translated,
src/flexinfo.c:344:name,src/flexinfo.c,344,name,Time,시각,translated,
src/flexinfo.c:347:name,src/flexinfo.c,347,name,HDR,HDR,translated,
src/flexinfo.c:350:name,src/flexinfo.c,350,name,Space (clear),여유 공간(투명),translated,
src/flexinfo.c:351:name,src/flexinfo.c,351,name,Space Pics,여유 공간(매수),translated,
src/flexinfo.c:352:name,src/flexinfo.c,352,name,Space GB,여유 공간(GB),translated,
src/flexinfo.c:353:name,src/flexinfo.c,353,name,GB,GB,translated,
src/flexinfo.c:359:name,src/flexinfo.c,359,name,ISO Range,ISO 범위,translated,
src/flexinfo.c:362:name,src/flexinfo.c,362,name,WB GM,WB 그린/마젠타,translated,
src/flexinfo.c:363:name,src/flexinfo.c,363,name,WB BA,WB 블루/앰버,translated,
src/flexinfo.c:366:name,src/flexinfo.c,366,name,MLU,미러 업(MLU),translated,
src/flexinfo.c:369:name,src/flexinfo.c,369,name,Kelvin,색온도(K),translated,
src/flexinfo.c:372:name,src/flexinfo.c,372,name,HDR,HDR,translated,
src/flexinfo.c:375:name,src/flexinfo.c,375,name,Time,시각,translated,
src/flexinfo.c:378:name,src/flexinfo.c,378,name,Lens,렌즈,translated,
src/flexinfo.c:379:name,src/flexinfo.c,379,name,Date,날짜,translated,
src/flexinfo.c:381:name,src/flexinfo.c,381,name,Build,빌드,translated,
src/flexinfo.c:383:name,src/flexinfo.c,383,name,Space GB,여유 공간(GB),translated,
src/flexinfo.c:384:name,src/flexinfo.c,384,name,GB,GB,translated,
src/flexinfo.c:389:name,src/flexinfo.c,389,name,Max ISO Range,최대 ISO 범위,translated,
src/flexinfo.c:392:name,src/flexinfo.c,392,name,WB GM,WB 그린/마젠타,translated,
src/flexinfo.c:393:name,src/flexinfo.c,393,name,WB BA,WB 블루/앰버,translated,
src/flexinfo.c:396:name,src/flexinfo.c,396,name,MLU,미러 업(MLU),translated,
src/flexinfo.c:399:name,src/flexinfo.c,399,name,HDR,HDR,translated,
src/flexinfo.c:402:name,src/flexinfo.c,402,name,K ICON1,K 아이콘1,translated,
src/flexinfo.c:403:name,src/flexinfo.c,403,name,K ICON2,K 아이콘2,translated,
src/flexinfo.c:404:name,src/flexinfo.c,404,name,Kelvin,색온도(K),translated,
src/flexinfo.c:407:name,src/flexinfo.c,407,name,Lens,렌즈,translated,
src/flexinfo.c:408:name,src/flexinfo.c,408,name,Date,날짜,translated,
src/flexinfo.c:410:name,src/flexinfo.c,410,name,Time,시각,translated,
src/flexinfo.c:411:name,src/flexinfo.c,411,name,Build,빌드,translated,
src/flexinfo.c:412:name,src/flexinfo.c,412,name,Copyright,저작권,translated,
src/flexinfo.c:3164:name,src/flexinfo.c,3164,name,FlexInfo Settings,FlexInfo 설정,translated,
src/flexinfo.c:3169:name,src/flexinfo.c,3169,name,Show boundaries,경계선 표시,translated,
src/flexinfo.c:3172:help,src/flexinfo.c,3172,help,Enable boundary display for all elements.,모든 항목의 경계선을 표시합니다.,translated,
src/flexinfo.c:3175:name,src/flexinfo.c,3175,name,Use canon screen for edit,캐논 화면으로 편집,translated,
src/flexinfo.c:3179:help,src/flexinfo.c,3179,help,Screen will be captured when you leave this menu.,이 메뉴를 나가면 화면이 캡처됩니다.,translated,
src/flexinfo.c:3182:name,src/flexinfo.c,3182,name,Edit mode,편집 모드,translated,
src/flexinfo.c:3186:help,src/flexinfo.c,3186,help,Enter editing screen.,편집 화면으로 들어갑니다.,translated,
src/flexinfo.c:3190:name,src/flexinfo.c,3190,name,Save config,설정 저장,translated,
src/flexinfo.c:3192:help,src/flexinfo.c,3192,help,Save menu settings,메뉴 설정을 저장합니다.,translated,
src/flexinfo.c:3196:name,src/flexinfo.c,3196,name,Delete config,설정 삭제,translated,
src/flexinfo.c:3198:help,src/flexinfo.c,3198,help,Delete menu settings. Reboot to take effect.,메뉴 설정을 삭제합니다. 재부팅해야 적용됩니다.,translated,
src/flexinfo.c:3202:name,src/flexinfo.c,3202,name,Reset setup,설정 초기화,translated,
src/flexinfo.c:3204:help,src/flexinfo.c,3204,help,Reset menu settings,메뉴 설정을 초기화합니다.,translated,
src/focus.c:1087:name,src/focus.c,1087,name,Trap Focus,트랩 포커스,translated,
src/focus.c:1096:help,src/focus.c,1096,help,Takes a picture when the subject comes in focus. MF only.,피사체가 초점에 들어오면 촬영합니다. MF 전용.,translated,
src/focus.c:1105:name,src/focus.c,1105,name,Number of pics,촬영 매수,translated,
src/focus.c:1110:help,src/focus.c,1110,help,How many pictures to take when the subject comes in focus.,피사체가 초점에 들어올 때 촬영할 사진 수입니다.,translated,
src/focus.c:1122:name,src/focus.c,1122,name,Follow Focus,팔로우 포커스,translated,
src/focus.c:1128:help,src/focus.c,1128,help,Focus with arrow keys. MENU while REC = save focus point.,방향키로 초점 조절. 녹화 중 MENU = 초점 위치 저장.,translated,
src/focus.c:1133:name,src/focus.c,1133,name,Focus using,초점 조절 방식,translated,
src/focus.c:1137:help,src/focus.c,1137,help,You can focus with arrow keys or with the LCD sensor,방향키 또는 LCD 센서로 초점을 조절할 수 있습니다,translated,
src/focus.c:1147:name,src/focus.c,1147,name,Focus End Point,초점 종료 지점,translated,
src/focus.c:1152:help,src/focus.c,1152,help,[Q]: fix here rack end point. SET+L/R: start point.,[Q]: 여기를 랙 초점 종료점으로 지정. SET+좌/우: 시작점.,translated,
src/focus.c:1156:name,src/focus.c,1156,name,Rack Focus,랙 포커스,translated,
src/focus.c:1160:help,src/focus.c,1160,help,"Press SET for rack focus, or PLAY to also start recording.","SET을 누르면 랙 포커스, PLAY를 누르면 녹화도 함께 시작합니다.",translated,
src/focus.c:1167:name,src/focus.c,1167,name,Focus Stacking,포커스 스태킹,translated,
src/focus.c:1169:help,src/focus.c,1169,help,Takes pictures at different focus points.,서로 다른 초점 위치에서 사진을 촬영합니다.,translated,
src/focus.c:1173:name,src/focus.c,1173,name,Run focus stack,포커스 스택 실행,translated,
src/focus.c:1176:help,src/focus.c,1176,help,Run the focus stacking sequence.,포커스 스태킹 시퀀스를 실행합니다.,translated,
src/focus.c:1177:help2,src/focus.c,1177,help2,Tip: press MENU to interrupt the stacking sequence.,팁: MENU를 누르면 스태킹을 중단합니다.,translated,
src/focus.c:1180:name,src/focus.c,1180,name,Num. pics in front,앞쪽 촬영 매수,translated,
src/focus.c:1184:help,src/focus.c,1184,help,Number of shots in front of current focus point.,현재 초점 위치 앞쪽에서 촬영할 사진 수입니다.,translated,
src/focus.c:1185:help2,src/focus.c,1185,help2,"On some lenses, this may be reversed.",일부 렌즈에서는 반대일 수 있습니다.,translated,
src/focus.c:1188:name,src/focus.c,1188,name,Num. pics behind,뒤쪽 촬영 매수,translated,
src/focus.c:1192:help,src/focus.c,1192,help,Number of shots behind current focus point.,현재 초점 위치 뒤쪽에서 촬영할 사진 수입니다.,translated,
src/focus.c:1193:help2,src/focus.c,1193,help2,"On some lenses, this may be reversed.",일부 렌즈에서는 반대일 수 있습니다.,translated,
src/focus.c:1196:name,src/focus.c,1196,name,Focus steps / picture,촬영당 초점 스텝,translated,
src/focus.c:1200:help,src/focus.c,1200,help,Number of focus steps between two pictures.,두 사진 사이의 초점 스텝 수입니다.,translated,
src/focus.c:1203:name,src/focus.c,1203,name,Flash Delay,플래시 지연,translated,
src/focus.c:1206:help,src/focus.c,1206,help,Seconds between stack segments to let flashes recycle.,플래시 충전을 위해 스택 구간 사이에 두는 대기 시간(초)입니다.,translated,
src/focus.c:1209:name,src/focus.c,1209,name,Copy rack focus range,랙 포커스 범위 복사,translated,
src/focus.c:1211:help,src/focus.c,1211,help,Sets up stack focus to use the same range as rack focus.,스택 포커스가 랙 포커스와 같은 범위를 쓰도록 설정합니다.,translated,
src/focus.c:1216:name,src/focus.c,1216,name,Trigger mode,트리거 방식,translated,
src/focus.c:1220:help,src/focus.c,1220,help,Choose how to start the focus stacking sequence.,포커스 스태킹 시퀀스를 시작하는 방법을 선택합니다.,translated,
src/focus.c:1223:name,src/focus.c,1223,name,Bracket focus,포커스 브라케팅,translated,
src/focus.c:1227:help,src/focus.c,1227,help,Start in front or behind focus (varies among lenses),초점 앞쪽 또는 뒤쪽에서 시작 (렌즈마다 다름),translated,
src/focus.c:1236:name,src/focus.c,1236,name,Focus Settings,초점 설정,translated,
src/focus.c:1238:help,src/focus.c,1238,help,Tuning parameters and prefs for rack/stack/follow focus.,랙/스택/팔로우 포커스의 세부 설정입니다.,translated,
src/focus.c:1242:name,src/focus.c,1242,name,Step Size,스텝 크기,translated,
src/focus.c:1246:help,src/focus.c,1246,help,Step size for focus commands (same units as in EOS Utility),초점 명령의 스텝 크기입니다 (EOS Utility와 동일한 단위),translated,
src/focus.c:1249:name,src/focus.c,1249,name,Step Delay,스텝 지연,translated,
src/focus.c:1255:help,src/focus.c,1255,help,Delay between two successive focus commands.,연속된 초점 명령 사이의 지연 시간입니다.,translated,
src/focus.c:1258:name,src/focus.c,1258,name,Step Wait,스텝 대기,translated,
src/focus.c:1261:help,src/focus.c,1261,help,Wait for 'focus done' signal before sending next command.,다음 명령을 보내기 전 '초점 완료' 신호를 기다립니다.,translated,
src/focus.c:1264:name,src/focus.c,1264,name,Left/Right dir,좌/우 방향,translated,
src/focus.c:1268:help,src/focus.c,1268,help,Focus direction for Left and Right keys.,좌/우 키의 초점 이동 방향입니다.,translated,
src/focus.c:1271:name,src/focus.c,1271,name,Up/Down dir,상/하 방향,translated,
src/focus.c:1275:help,src/focus.c,1275,help,Focus direction for Up and Down keys.,상/하 키의 초점 이동 방향입니다.,translated,
src/focus.c:1278:name,src/focus.c,1278,name,Start Delay,시작 지연,translated,
src/focus.c:1282:help,src/focus.c,1282,help,Number of seconds before starting focus operation.,초점 동작을 시작하기 전 대기 시간(초)입니다.,translated,
src/focus.c:1289:name,src/focus.c,1289,name,DOF Settings,피사계심도 설정,translated,
src/focus.c:1292:help,src/focus.c,1292,help,Settings about Depth of Field info displays.,피사계심도 정보 표시 관련 설정입니다.,translated,
src/focus.c:1297:name,src/focus.c,1297,name,Circle of Confusion,착란원,translated,
src/focus.c:1302:help,src/focus.c,1302,help,Circle of confusion used for DOF calculations.,피사계심도 계산에 쓰이는 착란원 값입니다.,translated,
src/focus.c:1303:help2,src/focus.c,1303,help2,Default value: 19 for APS-C and 29 for full-frame cameras.,"기본값: APS-C 19, 풀프레임 29.",translated,
src/focus.c:1306:name,src/focus.c,1306,name,DOF formula,피사계심도 공식,translated,
src/focus.c:1310:help,src/focus.c,1310,help,Formula for computing the depth of field:,피사계심도를 계산하는 공식:,translated,
src/focus.c:1311:help2,src/focus.c,1311,help2,"Simple: only consider defocus blur, ignoring diffraction effects.\n",단순: 회절 효과를 무시하고 초점 흐림만 고려합니다.\n,translated,
src/focus.c:1315:name,src/focus.c,1315,name,DOF info in LiveView,라이브 뷰 DOF 정보,translated,
src/focus.c:1318:help,src/focus.c,1318,help,"Display DOF above Focus distance, in LiveView.",라이브 뷰에서 초점 거리 위에 DOF를 표시합니다.,translated,
src/focus.c:1309:choice:0,src/focus.c,1309,choice:0,Simple,단순,translated,
src/focus.c:1309:choice:1,src/focus.c,1309,choice:1,Diffraction-aware,회절 고려,translated,
src/fps-engio.c:1536:name,src/fps-engio.c,1536,name,FPS override,FPS 오버라이드,translated,
src/fps-engio.c:1541:help,src/fps-engio.c,1541,help,Changes FPS. Also disables sound and alters shutter speeds.,FPS를 변경합니다. 사운드가 꺼지고 셔터 속도도 바뀝니다.,translated,
src/fps-engio.c:1542:help2,src/fps-engio.c,1542,help2,"Tip: in photo mode, it makes LiveView usable in darkness.",팁: 사진 모드에서는 어두운 곳에서도 라이브 뷰를 쓸 수 있습니다.,translated,
src/fps-engio.c:1547:name,src/fps-engio.c,1547,name,Desired FPS,원하는 FPS,translated,
src/fps-engio.c:1554:help,src/fps-engio.c,1554,help,FPS value for recording. Video will play back at Canon FPS.,녹화에 쓸 FPS 값입니다. 재생은 캐논 기본 FPS로 됩니다.,translated,
src/fps-engio.c:1557:name,src/fps-engio.c,1557,name,Optimize for,최적화 대상,translated,
src/fps-engio.c:1573:help,src/fps-engio.c,1573,help,Changing FPS has side effects - choose what's best for you:,FPS를 바꾸면 부작용이 있습니다 - 상황에 맞게 선택하세요:,translated,
src/fps-engio.c:1591:name,src/fps-engio.c,1591,name,Shutter range,셔터 범위,translated,
src/fps-engio.c:1595:help,src/fps-engio.c,1595,help,"Shutter speed range, when Canon shows 1/30-1/4000.",캐논이 1/30-1/4000으로 표시할 때의 셔터 속도 범위입니다.,translated,
src/fps-engio.c:1596:help2,src/fps-engio.c,1596,help2,"You can fine-tune this, but don't expect miracles.",세부 조정은 가능하지만 큰 기대는 하지 마세요.,translated,
src/fps-engio.c:1601:name,src/fps-engio.c,1601,name,FPS timer A,FPS 타이머 A,translated,
src/fps-engio.c:1606:help,src/fps-engio.c,1606,help,"High values = lower FPS, more jello effect, faster shutter.",값이 클수록 FPS는 낮아지고 젤로 현상은 커지며 셔터는 빨라집니다.,translated,
src/fps-engio.c:1610:name,src/fps-engio.c,1610,name,FPS timer B,FPS 타이머 B,translated,
src/fps-engio.c:1615:help,src/fps-engio.c,1615,help,"High values = lower FPS, shutter speed converges to 1/fps.",값이 클수록 FPS는 낮아지고 셔터 속도는 1/fps에 수렴합니다.,translated,
src/fps-engio.c:1619:name,src/fps-engio.c,1619,name,Main Clock,메인 클럭,translated,
src/fps-engio.c:1622:help,src/fps-engio.c,1622,help,Timing generator freq. (READ-ONLY). FPS = F/timerA/timerB.,타이밍 생성기 주파수 (읽기 전용). FPS = F/timerA/timerB.,translated,
src/fps-engio.c:1626:name,src/fps-engio.c,1626,name,Actual FPS,실제 FPS,translated,
src/fps-engio.c:1629:help,src/fps-engio.c,1629,help,"Exact FPS (computed). For fine tuning, change timer values.",계산된 정확한 FPS입니다. 미세 조정은 타이머 값을 바꾸세요.,translated,
src/fps-engio.c:1633:name,src/fps-engio.c,1633,name,Rolling shutter,롤링 셔터,translated,
src/fps-engio.c:1636:help,src/fps-engio.c,1636,help,"Amount of jello effect. Multiply \""","젤로 현상의 정도입니다. 곱하기 \""",translated,
src/fps-engio.c:1642:name,src/fps-engio.c,1642,name,Constant expo,노출 고정,translated,
src/fps-engio.c:1646:help,src/fps-engio.c,1646,help,Keep the same exposure (brightness) as with default FPS.,기본 FPS와 같은 노출(밝기)을 유지합니다.,translated,
src/fps-engio.c:1647:help2,src/fps-engio.c,1647,help2,This works by lowering ISO => you may get pink highlights.,ISO를 낮춰서 작동하므로 하이라이트가 핑크빛을 띨 수 있습니다.,translated,
src/fps-engio.c:1654:name,src/fps-engio.c,1654,name,Sync w. Shutter,셔터 동기화,translated,
src/fps-engio.c:1657:help,src/fps-engio.c,1657,help,"Sync FPS with shutter speed, for long exposures in LiveView.",라이브 뷰 장노출을 위해 FPS를 셔터 속도에 동기화합니다.,translated,
src/fps-engio.c:1664:name,src/fps-engio.c,1664,name,Sound Record,사운드 녹음,translated,
src/fps-engio.c:1669:help,src/fps-engio.c,1669,help,"Sound goes out of sync, so it has to be recorded separately.",사운드가 어긋나므로 따로 녹음해야 합니다.,translated,
src/fps-engio.c:1677:name,src/fps-engio.c,1677,name,FPS ramping,FPS 램핑,translated,
src/fps-engio.c:1680:help,src/fps-engio.c,1680,help,Ramp between overridden FPS and default FPS. Undercrank only.,오버라이드된 FPS와 기본 FPS 사이를 램핑합니다. 언더크랭크 전용.,translated,
src/fps-engio.c:1681:help2,src/fps-engio.c,1681,help2,"To start ramping, press ",램핑을 시작하려면 누르세요 ,translated,
src/fps-engio.c:1687:name,src/fps-engio.c,1687,name,Ramp duration,램핑 시간,translated,
src/fps-engio.c:1693:help,src/fps-engio.c,1693,help,"Duration of FPS ramping (in real-time, not in playback).",FPS 램핑에 걸리는 시간입니다 (재생이 아닌 실제 시간 기준),translated,
src/gps.c:136:name,src/gps.c,136,name,GPS Power Save,GPS 절전,translated,
src/gps.c:140:help,src/gps.c,140,help,Disable the internal GPS at power off to save power.,전원을 끌 때 내장 GPS를 꺼서 절전합니다.,translated,
src/hdr.c:397:name,src/hdr.c,397,name,HDR video,HDR 동영상,translated,
src/hdr.c:402:help,src/hdr.c,402,help,Alternates ISO between frames. Flickers while recording.,프레임마다 ISO를 번갈아 적용합니다. 녹화 중 화면이 깜빡입니다.,translated,
src/hdr.c:406:name,src/hdr.c,406,name,ISO A,ISO A,translated,
src/hdr.c:413:help,src/hdr.c,413,help,ISO value for one half of the frames.,프레임 절반에 적용할 ISO 값입니다.,translated,
src/hdr.c:416:name,src/hdr.c,416,name,ISO B,ISO B,translated,
src/hdr.c:423:help,src/hdr.c,423,help,ISO value for the other half of the frames.,나머지 절반 프레임에 적용할 ISO 값입니다.,translated,
src/hdr.c:427:name,src/hdr.c,427,name,Extended mode,확장 모드,translated,
src/hdr.c:430:help,src/hdr.c,430,help,Extended ISO/Shutter settings.,확장 ISO/셔터 설정입니다.,translated,
src/hdr.c:433:name,src/hdr.c,433,name,Ext. steps,확장 스텝,translated,
src/hdr.c:437:help,src/hdr.c,437,help,Number of ISO/Shutter settings.,ISO/셔터 설정 개수입니다.,translated,
src/hdr.c:440:name,src/hdr.c,440,name,Ext. step edit,확장 스텝 편집,translated,
src/hdr.c:444:help,src/hdr.c,444,help,Edit ISO/Shutter settings.,ISO/셔터 설정을 편집합니다.,translated,
src/hdr.c:447:name,src/hdr.c,447,name,ISO,ISO,translated,
src/hdr.c:453:help,src/hdr.c,453,help,Edit ISO settings.,ISO 설정을 편집합니다.,translated,
src/hdr.c:456:name,src/hdr.c,456,name,Shutter,셔터,translated,
src/hdr.c:461:help,src/hdr.c,461,help,Edit Shutter settings.,셔터 설정을 편집합니다.,translated,
src/histogram.c:779:name,src/histogram.c,779,name,HistoBar,히스토 바,translated,
src/histogram.c:785:name,src/histogram.c,785,name,EV indic,EV 표시,translated,
src/ico.c:12:name,src/ico.c,12,name,menu_icons,메뉴 아이콘,translated,
src/lens.c:177:name,src/lens.c,177,name,NO LENS NAME,렌즈 이름 없음,translated,
src/lens.c:2063:name,src/lens.c,2063,name,Movie Logging,동영상 로그,translated,
src/lens.c:2066:help,src/lens.c,2066,help,"Save metadata for each movie, e.g. MVI_1234.LOG",각 동영상의 메타데이터를 저장 (예: MVI_1234.LOG),translated,
src/lens.c:2187:name,src/lens.c,2187,name,Lens Info Prefs,렌즈 정보 설정,translated,
src/lens.c:2192:name,src/lens.c,2192,name,Crop Factor Display,크롭 배율 표시,translated,
src/lens.c:2196:help,src/lens.c,2196,help,Display the 35mm equiv. focal length including crop factor.,크롭 배율을 반영한 35mm 환산 초점거리를 표시합니다.,translated,
src/lens.c:2201:name,src/lens.c,2201,name,Focus Distance Units,초점 거리 단위,translated,
src/lens.c:2205:help,src/lens.c,2205,help,Can select between Metric and Imperial focus distance units,미터법과 야드파운드법 중 선택할 수 있습니다.,translated,
src/lens.c:2215:name,src/lens.c,2215,name,Lens info,렌즈 정보,translated,
src/lens.c:2220:name,src/lens.c,2220,name,Name,이름,translated,
src/lens.c:2222:help,src/lens.c,2222,help,Show current lens name (as reported by your lens or adapter).,현재 렌즈(또는 어댑터)가 보고한 렌즈 이름을 표시합니다.,translated,
src/lens.c:2223:help2,src/lens.c,2223,help2,Read-only.,읽기 전용.,translated,
src/lens.c:2226:name,src/lens.c,2226,name,Focal len,초점거리,translated,
src/lens.c:2228:help,src/lens.c,2228,help,Show current lens focal length.,현재 렌즈의 초점거리를 표시합니다.,translated,
src/lens.c:2229:help2,src/lens.c,2229,help2,Read-only. Zoom lenses are only updated in LiveView.,읽기 전용. 줌 렌즈는 라이브 뷰에서만 갱신됩니다.,translated,
src/lens.c:2232:name,src/lens.c,2232,name,Lens ID,렌즈 ID,translated,
src/lens.c:2234:help,src/lens.c,2234,help,Show current lens ID. Should match exiftool TEST.CR2 -LensType -b.,현재 렌즈 ID를 표시합니다. exiftool TEST.CR2 -LensType -b 결과와 일치해야 합니다.,translated,
src/lens.c:2235:help2,src/lens.c,2235,help2,Read-only. Lenses from different manufacturers may have the same ID.,읽기 전용. 제조사가 다른 렌즈가 같은 ID를 가질 수 있습니다.,translated,
src/lens.c:2238:name,src/lens.c,2238,name,Serial num,일련번호,translated,
src/lens.c:2240:help,src/lens.c,2240,help,Show current lens serial number. Not all cameras report this.,현재 렌즈의 일련번호를 표시합니다. 일부 카메라는 지원하지 않습니다.,translated,
src/lens.c:2241:help2,src/lens.c,2241,help2,Read-only. Should match exiftool TEST.CR2 -LensSerialNumber .,읽기 전용. exiftool TEST.CR2 -LensSerialNumber 결과와 일치해야 합니다.,translated,
src/lens.c:2244:name,src/lens.c,2244,name,Version,버전,translated,
src/lens.c:2246:help,src/lens.c,2246,help,Show current lens version string.,현재 렌즈의 버전 문자열을 표시합니다.,translated,
src/lens.c:2247:help2,src/lens.c,2247,help2,Read-only.,읽기 전용.,translated,
src/lens.c:2250:name,src/lens.c,2250,name,Capability,기능 비트,translated,
src/lens.c:2252:help,src/lens.c,2252,help,Show current lens capability bits.,현재 렌즈의 기능 비트를 표시합니다.,translated,
src/lens.c:2253:help2,src/lens.c,2253,help2,Read-only.,읽기 전용.,translated,
src/lens.c:2256:name,src/lens.c,2256,name,Extender,익스텐더,translated,
src/lens.c:2258:help,src/lens.c,2258,help,Show current lens extender information byte.,현재 렌즈 익스텐더 정보 바이트를 표시합니다.,translated,
src/lens.c:2259:help2,src/lens.c,2259,help2,Read-only.,읽기 전용.,translated,
src/lens.c:3303:name,src/lens.c,3303,name,Clock,시계,translated,
src/lens.c:3310:name,src/lens.c,3310,name,Disp preset,화면 설정,translated,
src/lens.c:3315:name,src/lens.c,3315,name,Pic Quality,화질,translated,
src/lens.c:3320:name,src/lens.c,3320,name,ALO/HTP,ALO/HTP,translated,
src/lens.c:3326:name,src/lens.c,3326,name,Temperature,온도,translated,
src/lens.c:3332:name,src/lens.c,3332,name,MVI number,MVI 번호,translated,
src/lens.c:3337:name,src/lens.c,3337,name,FPS,FPS,translated,
src/lens.c:3342:name,src/lens.c,3342,name,Free space,여유 공간,translated,
src/lens.c:3348:name,src/lens.c,3348,name,Mode,모드,translated,
src/lens.c:3355:name,src/lens.c,3355,name,Focal len,초점거리,translated,
src/lens.c:3360:name,src/lens.c,3360,name,IS,IS,translated,
src/lens.c:3366:name,src/lens.c,3366,name,Aperture,조리개,translated,
src/lens.c:3372:name,src/lens.c,3372,name,Shutter,셔터,translated,
src/lens.c:3378:name,src/lens.c,3378,name,ISO,ISO,translated,
src/lens.c:3384:name,src/lens.c,3384,name,White Balance,화이트밸런스,translated,
src/lens.c:3390:name,src/lens.c,3390,name,Focus dist,피사체 거리,translated,
src/lens.c:3395:name,src/lens.c,3395,name,AF/MF,AF/MF,translated,
src/lens.c:3401:name,src/lens.c,3401,name,Exposure Compensation,노출 보정,translated,
src/lens.c:3407:name,src/lens.c,3407,name,Battery,배터리,translated,
src/lens.c:2195:choice:0,src/lens.c,2195,choice:0,OFF,끄기,translated,
src/lens.c:2195:choice:1,src/lens.c,2195,choice:1,"ON, 35mm eq.","켜기, 35mm 환산",translated,
src/lens.c:2203:choice:0,src/lens.c,2203,choice:0,mm/cm,mm/cm,translated,
src/lens.c:2203:choice:1,src/lens.c,2203,choice:1,ft/in,ft/in,translated,
src/lv-img-engio.c:907:name,src/lv-img-engio.c,907,name,Vignetting,비네팅,translated,
src/lv-img-engio.c:911:help,src/lv-img-engio.c,911,help,Vignetting correction or effects.,비네팅 보정 또는 효과.,translated,
src/lv-img-engio.c:917:name,src/lv-img-engio.c,917,name,Mid-range correction     ,중간 영역 보정,translated,
src/lv-img-engio.c:924:help,src/lv-img-engio.c,924,help,Correction applied between central area and corners.,중앙부와 모서리 사이에 적용되는 보정입니다.,translated,
src/lv-img-engio.c:925:help2,src/lv-img-engio.c,925,help2,Tip: set this to -1 for a nice vignette effect.,팁: -1로 설정하면 비네트 효과를 낼 수 있습니다.,translated,
src/lv-img-engio.c:928:name,src/lv-img-engio.c,928,name,Corner correction        ,모서리 보정,translated,
src/lv-img-engio.c:935:help,src/lv-img-engio.c,935,help,Correction with a stronger bias towards corners.,모서리 쪽에 더 강하게 적용되는 보정입니다.,translated,
src/lv-img-engio.c:938:name,src/lv-img-engio.c,938,name,Extreme corner correction,극단 모서리 보정,translated,
src/lv-img-engio.c:953:name,src/lv-img-engio.c,953,name,Image Fine-tuning,이미지 미세 조정,translated,
src/lv-img-engio.c:955:help,src/lv-img-engio.c,955,help,Subtle image enhancements via DIGIC register tweaks.,DIGIC 레지스터 조정을 통한 미세한 화질 개선입니다.,translated,
src/lv-img-engio.c:963:name,src/lv-img-engio.c,963,name,ML Digital ISO,ML 디지털 ISO,translated,
src/lv-img-engio.c:967:help,src/lv-img-engio.c,967,help,ISO tweaks. Negative gain has better highlight roll-off.,ISO 조정. 음수 게인은 하이라이트 롤오프가 더 부드럽습니다.,translated,
src/lv-img-engio.c:973:name,src/lv-img-engio.c,973,name,Black Level,블랙 레벨,translated,
src/lv-img-engio.c:981:help,src/lv-img-engio.c,981,help,"Adjust dark level, as with 'dcraw -k'. Fixes green shadows.",'dcraw -k'처럼 어두운 레벨을 조정합니다. 녹색 그림자를 보정합니다.,translated,
src/lv-img-engio.c:987:name,src/lv-img-engio.c,987,name,Shutter fine-tuning,셔터 미세 조정,translated,
src/lv-img-engio.c:994:help,src/lv-img-engio.c,994,help,Fine-tune shutter speed in approx 20-microsecond increments.,셔터 속도를 약 20마이크로초 단위로 미세 조정합니다.,translated,
src/lv-img-engio.c:1001:name,src/lv-img-engio.c,1001,name,Absolute Zero Sharpness,완전 제로 샤프니스,translated,
src/lv-img-engio.c:1004:help,src/lv-img-engio.c,1004,help,Disable sharpening completely (below Canon's zero level).,샤프니스를 완전히 비활성화합니다 (Canon 기본 제로 레벨보다 낮음).,translated,
src/lv-img-engio.c:1009:name,src/lv-img-engio.c,1009,name,Edge Emphasis,엣지 강조,translated,
src/lv-img-engio.c:1012:help,src/lv-img-engio.c,1012,help,Darken sharp edges in bright areas.,밝은 영역의 날카로운 가장자리를 어둠게 합니다.,translated,
src/lv-img-engio.c:1025:name,src/lv-img-engio.c,1025,name,Creative Effects,크리에이티브 효과,translated,
src/lv-img-engio.c:1027:help,src/lv-img-engio.c,1027,help,Experimental image filters found by digging into DIGIC.,DIGIC을 분석해 찾아낸 실험적 이미지 필터입니다.,translated,
src/lv-img-engio.c:1031:name,src/lv-img-engio.c,1031,name,Desaturate,채도 제거,translated,
src/lv-img-engio.c:1035:help,src/lv-img-engio.c,1035,help,Grayscale recording. Use WB or pic styles for fine tuning.,흑백 촬영. 화이트밸런스나 픽처 스타일로 미세 조정하세요.,translated,
src/lv-img-engio.c:1039:name,src/lv-img-engio.c,1039,name,Negative,네거티브,translated,
src/lv-img-engio.c:1043:help,src/lv-img-engio.c,1043,help,Negative image. Inverts all colors :),네거티브 이미지. 모든 색상을 반전합니다 :),translated,
src/lv-img-engio.c:1047:name,src/lv-img-engio.c,1047,name,Swap U-V,U-V 교체,translated,
src/lv-img-engio.c:1051:help,src/lv-img-engio.c,1051,help,Swaps U and V channels (red <--> blue).,U와 V 채널을 서로 바꿉니다 (빨강 <--> 파랑).,translated,
src/lv-img-engio.c:1055:name,src/lv-img-engio.c,1055,name,Cartoon Look,만화 효과,translated,
src/lv-img-engio.c:1060:help,src/lv-img-engio.c,1060,help,Cartoonish look obtained by emphasizing the edges.,가장자리를 강조해 만화 같은 느낌을 냅니다.,translated,
src/lv-img-engio.c:1074:name,src/lv-img-engio.c,1074,name,DIGIC poke,DIGIC 조작,translated,
src/lv-img-engio.c:1078:help,src/lv-img-engio.c,1078,help,Changes a DIGIC register to find out what it does. DANGER!,DIGIC 레지스터를 변경해 동작을 확인합니다. 위험!,translated,
src/lv-img-engio.c:1081:name,src/lv-img-engio.c,1081,name,Register family,레지스터 그룹,translated,
src/lv-img-engio.c:1086:help,src/lv-img-engio.c,1086,help,"DIGIC register address, mask=FFFF0000.","DIGIC 레지스터 주소, 마스크=FFFF0000.",translated,
src/lv-img-engio.c:1089:name,src/lv-img-engio.c,1089,name,Register base  ,레지스터 베이스,translated,
src/lv-img-engio.c:1094:help,src/lv-img-engio.c,1094,help,"DIGIC register address, mask=0000FF00.","DIGIC 레지스터 주소, 마스크=0000FF00.",translated,
src/lv-img-engio.c:1097:name,src/lv-img-engio.c,1097,name,Register offset,레지스터 오프셋,translated,
src/lv-img-engio.c:1103:help,src/lv-img-engio.c,1103,help,"DIGIC register address, mask=000000FC.","DIGIC 레지스터 주소, 마스크=000000FC.",translated,
src/lv-img-engio.c:1106:name,src/lv-img-engio.c,1106,name,Value          ,값,translated,
src/lv-img-engio.c:1110:help,src/lv-img-engio.c,1110,help,Current value of selected register. Change w. HalfShutter.,선택한 레지스터의 현재 값. 반셔터로 변경합니다.,translated,
src/lv-img-engio.c:1113:name,src/lv-img-engio.c,1113,name,Altering mode  ,변경 모드,translated,
src/lv-img-engio.c:1117:help,src/lv-img-engio.c,1117,help,How to change current value [HalfShutter]. MF(+) / AF(-).,현재 값 변경 방법 [반셔터]. MF(+) / AF(-).,translated,
src/lv-img-engio.c:1120:name,src/lv-img-engio.c,1120,name,Random register,무작위 레지스터,translated,
src/lv-img-engio.c:1122:help,src/lv-img-engio.c,1122,help,Click to select some random register.,클릭하면 임의의 레지스터를 선택합니다.,translated,
src/lv-img-engio.c:1128:name,src/lv-img-engio.c,1128,name,Dump DIGIC registers,DIGIC 레지스터 덤프,translated,
src/lv-img-engio.c:1131:help,src/lv-img-engio.c,1131,help,Saves the contents of DIGIC shadow copy to DIGIC.LOG.,DIGIC 섀도우 카피 내용을 DIGIC.LOG에 저장합니다.,translated,
src/mem.c:224:name,src/mem.c,224,name,malloc,malloc,translated,
src/mem.c:235:name,src/mem.c,235,name,AllocateMemory,AllocateMemory,translated,
src/mem.c:256:name,src/mem.c,256,name,RscMgr,RscMgr,translated,
src/mem.c:267:name,src/mem.c,267,name,task_mem,task_mem,translated,
src/mem.c:287:name,src/mem.c,287,name,shoot_malloc,shoot_malloc,translated,
src/mem.c:318:name,src/mem.c,318,name,srm_malloc,srm_malloc,translated,
src/mem.c:1628:name,src/mem.c,1628,name,Free Memory,여유 메모리,translated,
src/mem.c:1631:help,src/mem.c,1631,help,"Free memory, shared between ML and Canon firmware.","여유 메모리, ML과 Canon 펌웨어가 공유합니다.",translated,
src/mem.c:1635:name,src/mem.c,1635,name,Free Memory,여유 메모리,translated,
src/mem.c:1638:help,src/mem.c,1638,help,"Free memory, shared between ML and Canon firmware.","여유 메모리, ML과 Canon 펌웨어가 공유합니다.",translated,
src/mem.c:1639:help2,src/mem.c,1639,help2,Press SET for detailed info.,SET을 누르면 자세한 정보를 볼 수 있습니다.,translated,
src/mem.c:1643:name,src/mem.c,1643,name,Allocated RAM,할당된 RAM,translated,
src/mem.c:1647:help,src/mem.c,1647,help,Total memory allocated by ML. Press SET for detailed info.,ML이 할당한 전체 메모리. SET을 누르면 자세한 정보를 볼 수 있습니다.,translated,
src/mem.c:1669:name,src/mem.c,1669,name,stack space,스택 공간,translated,
src/mem.c:1673:help,src/mem.c,1673,help,Free memory available as stack space for user tasks.,사용자 태스크용 스택으로 쓸 수 있는 여유 메모리입니다.,translated,
src/mem.c:1676:name,src/mem.c,1676,name,shoot contig,촬영 연속 블록,translated,
src/mem.c:1680:help,src/mem.c,1680,help,Largest contiguous block from shoot memory.,촬영 메모리에서 가장 큰 연속 블록입니다.,translated,
src/mem.c:1683:name,src/mem.c,1683,name,shoot total,촬영 메모리 총량,translated,
src/mem.c:1687:help,src/mem.c,1687,help,Largest fragmented block from shoot memory.,촬영 메모리에서 가장 큰 조각난 블록입니다.,translated,
src/mem.c:1690:name,src/mem.c,1690,name,SRM job total,SRM 작업 총량,translated,
src/mem.c:1694:help,src/mem.c,1694,help,Free memory from SRM_AllocateMemoryResourceFor1stJob.,SRM_AllocateMemoryResourceFor1stJob의 여유 메모리입니다.,translated,
src/mem.c:1697:name,src/mem.c,1697,name,AUTOEXEC.BIN,AUTOEXEC.BIN,translated,
src/mem.c:1701:help,src/mem.c,1701,help,Memory reserved statically at startup for ML binary.,시작 시 ML 바이너리를 위해 정적으로 예약된 메모리입니다.,translated,
src/menu.c:316:name,src/menu.c,316,name,Customize Menus,메뉴 사용자 지정,translated,
src/menu.c:333:name,src/menu.c,333,name,(empty),(없음),translated,
src/menu.c:354:name,src/menu.c,354,name,Menu Preferences,메뉴 설정,translated,
src/menu.c:358:name,src/menu.c,358,name,Start in MyMenu,MyMenu로 시작,translated,
src/menu.c:361:help,src/menu.c,361,help,Go to My Menu every time you open ML menu.,ML 메뉴를 열 때마다 MyMenu로 이동합니다.,translated,
src/menu.c:364:name,src/menu.c,364,name,SET action,SET 동작,translated,
src/menu.c:368:help,src/menu.c,368,help,Choose the behavior of SET key in ML menu:,ML 메뉴에서 SET 키의 동작을 선택하세요:,translated,
src/menu.c:369:help2,src/menu.c,369,help2,"Pickbox: SET shows a list of choices, select and confirm.\n",픽박스: SET을 누르면 선택 목록이 나타나 고를 수 있습니다.\n,translated,
src/menuindex.c:38:name,src/menuindex.c,38,name,Press ,누르기 ,translated,
src/menuindex.c:44:name,src/menuindex.c,44,name,Press ,누르기 ,translated,
src/menuindex.c:47:name,src/menuindex.c,47,name,Press FUNC / PLAY,FUNC / PLAY 누르기,translated,
src/menuindex.c:50:name,src/menuindex.c,50,name,Pict.Style / PLAY,Pict.Style / PLAY,translated,
src/menuindex.c:53:name,src/menuindex.c,53,name,Press JUMP / PLAY,JUMP / PLAY 누르기,translated,
src/menuindex.c:56:name,src/menuindex.c,56,name,Tap or press PLAY,탭하거나 PLAY 누르기,translated,
src/menuindex.c:59:name,src/menuindex.c,59,name,Press Av / PLAY,Av / PLAY 누르기,translated,
src/menuindex.c:62:name,src/menuindex.c,62,name,Press Q / PLAY,Q / PLAY 누르기,translated,
src/menuindex.c:68:name,src/menuindex.c,68,name,... like this :),... 이렇게 :),translated,
src/menuindex.c:75:name,src/menuindex.c,75,name,Joystick long-press,조이스틱 길게 누르기,translated,
src/menuindex.c:81:name,src/menuindex.c,81,name,... like this :),... 이렇게 :),translated,
src/menuindex.c:90:name,src/menuindex.c,90,name,SET / main dial,SET / 다이얼,translated,
src/menuindex.c:93:name,src/menuindex.c,93,name,SET / ,SET / ,translated,
src/menuindex.c:101:name,src/menuindex.c,101,name,Zoom In,확대,translated,
src/menuindex.c:110:name,src/menuindex.c,110,name,Press MENU,MENU 누르기,translated,
src/menuindex.c:118:name,src/menuindex.c,118,name,Press ,누르기 ,translated,
src/menuindex.c:125:name,src/menuindex.c,125,name,Press ,누르기 ,translated,
src/menuindex.c:133:name,src/menuindex.c,133,name,SET at startup,부팅 시 SET,translated,
src/menuindex.c:138:help,src/menuindex.c,138,help,To change this setting: Prefs -> Config options,이 설정을 바꾸려면 Prefs → Config options 메뉴를 확인하세요.,translated,
src/menuindex.c:141:name,src/menuindex.c,141,name,Key Shortcuts,단축키,translated,
src/menuindex.c:146:name,src/menuindex.c,146,name,Complete user guide,전체 사용 설명서,translated,
src/menuindex.c:157:name,src/menuindex.c,157,name,About Magic Lantern,매직 랜턴 정보,translated,
src/menuindex.c:39:choice:0,src/menuindex.c,39,choice:0,Context help,상황별 도움말,translated,
src/menuindex.c:45:choice:0,src/menuindex.c,45,choice:0,Open submenu (Q),하위 메뉴 열기 (Q),translated,
src/menuindex.c:48:choice:0,src/menuindex.c,48,choice:0,Open submenu (Q),하위 메뉴 열기 (Q),translated,
src/menuindex.c:51:choice:0,src/menuindex.c,51,choice:0,Open submenu (Q),하위 메뉴 열기 (Q),translated,
src/menuindex.c:54:choice:0,src/menuindex.c,54,choice:0,Open submenu (Q),하위 메뉴 열기 (Q),translated,
src/menuindex.c:57:choice:0,src/menuindex.c,57,choice:0,Open submenu (Q),하위 메뉴 열기 (Q),translated,
src/menuindex.c:60:choice:0,src/menuindex.c,60,choice:0,Open submenu (Q),하위 메뉴 열기 (Q),translated,
src/menuindex.c:63:choice:0,src/menuindex.c,63,choice:0,Open submenu,하위 메뉴 열기,translated,
src/menuindex.c:77:choice:0,src/menuindex.c,77,choice:0,Open submenu,하위 메뉴 열기,translated,
src/menuindex.c:96:choice:0,src/menuindex.c,96,choice:0,Edit values,값 편집,translated,
src/menuindex.c:105:choice:0,src/menuindex.c,105,choice:0,Edit in LiveView,라이브 뷰에서 편집,translated,
src/menuindex.c:111:choice:0,src/menuindex.c,111,choice:0,Junkie mode,정키 모드,translated,
src/menuindex.c:119:choice:0,src/menuindex.c,119,choice:0,Overlays (PLAY only),오버레이 (재생 전용),translated,
src/menuindex.c:126:choice:0,src/menuindex.c,126,choice:0,Shortcuts (LV only),단축키 (라이브 뷰 전용),translated,
src/menuindex.c:137:choice:0,src/menuindex.c,137,choice:0,Bypass loading ML,ML 로딩 건너뛰기,translated,
src/menuindex.c:137:choice:1,src/menuindex.c,137,choice:1,Required to load ML,ML 로딩 시 필요,translated,
src/module.c:1947:name,src/module.c,1947,name,Module info,모듈 정보,translated,
src/module.c:1957:name,src/module.c,1957,name,Module,모듈,translated,
src/module.c:2038:name,src/module.c,2038,name,Show console,콘솔 표시,translated,
src/module.c:2042:help,src/module.c,2042,help,Keep console shown after modules were loaded,모듈 로딩 후에도 콘솔 표시 유지,translated,
src/module.c:2045:name,src/module.c,2045,name,Modules debug,모듈 디버그,translated,
src/module.c:2048:help,src/module.c,2048,help,Diagnostic options for modules.,모듈 진단 옵션.,translated,
src/module.c:2051:name,src/module.c,2051,name,Disable all modules,모든 모듈 비활성화,translated,
src/module.c:2054:help,src/module.c,2054,help,For troubleshooting.,문제 해결용.,translated,
src/module.c:2057:name,src/module.c,2057,name,Load modules after crash,충돌 후 모듈 로드,translated,
src/module.c:2060:help,src/module.c,2060,help,Load modules even after camera crashed and you took battery out.,카메라가 충돌해 배터리를 뺐다 끼워도 모듈을 로드합니다.,translated,
src/module.c:2063:name,src/module.c,2063,name,Show hidden modules,숨김 모듈 표시,translated,
src/module.c:2066:help,src/module.c,2066,help,"If modules have .hid files, show them anyway. Requires restart.",.hid 파일이 있는 모듈도 표시합니다. 재시작 필요.,translated,
src/movtweaks.c:990:name,src/movtweaks.c,990,name,Movie Record,동영상 녹화,translated,
src/movtweaks.c:995:help,src/movtweaks.c,995,help,Enable movie recording on 50D :) ,50D에서 동영상 녹화 활성화 :) ,translated,
src/movtweaks.c:1001:name,src/movtweaks.c,1001,name,Shutter Button,셔터 버튼,translated,
src/movtweaks.c:1005:help,src/movtweaks.c,1005,help,Block shutter button while recording (avoids ERR99),녹화 중 셔터 버튼 차단 (ERR99 방지),translated,
src/movtweaks.c:1006:help2,src/movtweaks.c,1006,help2,or hold it pressed halfway (enables image stabilization).,또는 반셔터를 누른 상태 유지 (손떨림 보정 활성화).,translated,
src/movtweaks.c:1013:name,src/movtweaks.c,1013,name,REC key,REC 키,translated,
src/movtweaks.c:1018:help,src/movtweaks.c,1018,help,Start recording by pressing shutter halfway. Wired remote.,반셔터로 녹화 시작. 유선 리모컨 지원.,translated,
src/movtweaks.c:1023:name,src/movtweaks.c,1023,name,Require long press,길게 누르기 필요,translated,
src/movtweaks.c:1028:help,src/movtweaks.c,1028,help,"If ON, you have to hold half-shutter pressed for 1 second.",켜면 반셔터를 1초간 눌러야 합니다.,translated,
src/movtweaks.c:1031:name,src/movtweaks.c,1031,name,Allowed actions,허용 동작,translated,
src/movtweaks.c:1036:help,src/movtweaks.c,1036,help,Select actions for half-shutter.,반셔터 동작을 선택합니다.,translated,
src/movtweaks.c:1044:name,src/movtweaks.c,1044,name,MOV/MP4 time limit,MOV/MP4 시간 제한,translated,
src/movtweaks.c:1050:help,src/movtweaks.c,1050,help,Change 29:59 movie recording limit,29:59 동영상 녹화 제한 변경,translated,
src/movtweaks.c:1051:help2,src/movtweaks.c,1051,help2,"Too long recording makes empty files on ExFAT, ok on FAT32","너무 길게 녹화하면 ExFAT에서 빈 파일 생성, FAT32는 정상",translated,
src/movtweaks.c:1056:name,src/movtweaks.c,1056,name,Gradual Exposure,점진적 노출,translated,
src/movtweaks.c:1059:help,src/movtweaks.c,1059,help,"Use smooth exposure transitions, by compensating with ISO.",ISO로 보정해 노출을 부드럽게 전환합니다.,translated,
src/movtweaks.c:1060:help2,src/movtweaks.c,1060,help2,"=> adjust ISO, shutter speed and aperture without large jumps.","=> ISO, 셔터 속도, 조리개를 급격한 변화 없이 조정.",translated,
src/movtweaks.c:1065:name,src/movtweaks.c,1065,name,Ramping speed,전환 속도,translated,
src/movtweaks.c:1071:help,src/movtweaks.c,1071,help,How fast the exposure transitions should be.,노출 전환 속도를 설정합니다.,translated,
src/movtweaks.c:1085:name,src/movtweaks.c,1085,name,Movie Tweaks,동영상 조정,translated,
src/movtweaks.c:1087:help,src/movtweaks.c,1087,help,"Movie Restart, Movie Logging, REC/Standby Notify...","동영상 재시작, 동영상 로깅, REC/대기 알림 등...",translated,
src/movtweaks.c:1093:name,src/movtweaks.c,1093,name,Movie Restart,동영상 재시작,translated,
src/movtweaks.c:1096:help,src/movtweaks.c,1096,help,"Auto-restart movie recording, if it happens to stop.",녹화가 멈추면 자동으로 재시작합니다.,translated,
src/movtweaks.c:1102:name,src/movtweaks.c,1102,name,REC/STBY notify,REC/STBY 알림,translated,
src/movtweaks.c:1120:help,src/movtweaks.c,1120,help,"Custom REC/STANDBY notifications, visual or audible",REC/STANDBY 사용자 지정 알림 (화면 또는 소리),translated,
src/movtweaks.c:1126:name,src/movtweaks.c,1126,name,Force LiveView,라이브 뷰 강제 사용,translated,
src/movtweaks.c:1131:help,src/movtweaks.c,1131,help,Always use LiveView (with manual lens or after lens swap).,항상 라이브 뷰 사용 (수동 렌즈 또는 렌즈 교체 후).,translated,
src/movtweaks.c:1137:name,src/movtweaks.c,1137,name,Shutter Lock,셔터 잠금,translated,
src/movtweaks.c:1140:help,src/movtweaks.c,1140,help,Lock shutter value in movie mode (change from Expo only).,동영상 모드에서 셔터 값 잠금 (Expo에서만 변경 가능).,translated,
src/movtweaks.c:1141:help2,src/movtweaks.c,1141,help2,Tip: it prevents you from changing it by mistake.,팁: 실수로 값이 바뀌는 것을 방지합니다.,translated,
src/movtweaks.c:1167:name,src/movtweaks.c,1167,name,Expo. Override,노출 오버라이드,translated,
src/movtweaks.c:1172:help,src/movtweaks.c,1172,help,Low-level manual exposure controls (bypasses Canon limits).,저수준 수동 노출 제어 (Canon 제한 우회).,translated,
src/movtweaks.c:1173:help2,src/movtweaks.c,1173,help2,"Useful for long exposures, manual lenses, manual video ctl.","장노출, 수동 렌즈, 수동 동영상 제어에 유용.",translated,
src/movtweaks.c:1004:choice:0,src/movtweaks.c,1004,choice:0,Leave unchanged,변경 안 함,translated,
src/movtweaks.c:1004:choice:1,src/movtweaks.c,1004,choice:1,Block during REC,녹화 중 차단,translated,
src/movtweaks.c:1004:choice:2,src/movtweaks.c,1004,choice:2,Hold during REC,녹화 중 유지,translated,
src/movtweaks.c:1017:choice:0,src/movtweaks.c,1017,choice:0,OFF,OFF,translated,
src/movtweaks.c:1017:choice:1,src/movtweaks.c,1017,choice:1,HalfShutter,반셔터,translated,
src/movtweaks.c:1027:choice:0,src/movtweaks.c,1027,choice:0,OFF,OFF,translated,
src/movtweaks.c:1027:choice:1,src/movtweaks.c,1027,choice:1,ON (1s),ON (1초),translated,
src/movtweaks.c:1035:choice:0,src/movtweaks.c,1035,choice:0,Start/Stop,시작/정지,translated,
src/movtweaks.c:1035:choice:1,src/movtweaks.c,1035,choice:1,Start only,시작만,translated,
src/movtweaks.c:1035:choice:2,src/movtweaks.c,1035,choice:2,Stop only,정지만,translated,
src/movtweaks.c:1070:choice:0,src/movtweaks.c,1070,choice:0,1 EV / 8 frames,1 EV / 8프레임,translated,
src/movtweaks.c:1070:choice:1,src/movtweaks.c,1070,choice:1,1 EV / 16 frames,1 EV / 16프레임,translated,
src/movtweaks.c:1070:choice:2,src/movtweaks.c,1070,choice:2,1 EV / 32 frames,1 EV / 32프레임,translated,
src/movtweaks.c:1070:choice:3,src/movtweaks.c,1070,choice:3,1 EV / 64 frames,1 EV / 64프레임,translated,
src/movtweaks.c:1070:choice:4,src/movtweaks.c,1070,choice:4,1 EV / 128 frames,1 EV / 128프레임,translated,
src/movtweaks.c:1070:choice:5,src/movtweaks.c,1070,choice:5,1 EV / 256 frames,1 EV / 256프레임,translated,
src/movtweaks.c:1070:choice:6,src/movtweaks.c,1070,choice:6,1 EV / 512 frames,1 EV / 512프레임,translated,
src/movtweaks.c:1129:choice:0,src/movtweaks.c,1129,choice:0,OFF,OFF,translated,
src/movtweaks.c:1129:choice:1,src/movtweaks.c,1129,choice:1,Start & CPUlens,시작 & CPU 렌즈,translated,
src/movtweaks.c:1129:choice:2,src/movtweaks.c,1129,choice:2,Always,항상,translated,
src/patch.c:454:name,src/patch.c,454,name,(empty),(비어 있음),translated,
src/patch.c:463:name,src/patch.c,463,name,Memory patches,메모리 패치,translated,
src/patch.c:467:help,src/patch.c,467,help,Show memory addresses patched in Canon code or data areas.,Canon 코드/데이터 영역에서 패치된 메모리 주소를 표시합니다.,translated,
src/picstyle.c:705:name,src/picstyle.c,705,name,Picture Style,픽처 스타일,translated,
src/picstyle.c:712:help,src/picstyle.c,712,help,Change current picture style.,현재 픽처 스타일을 변경합니다.,translated,
src/picstyle.c:718:name,src/picstyle.c,718,name,Active style,적용 중인 스타일,translated,
src/picstyle.c:725:help,src/picstyle.c,725,help,Change current picture style.,현재 픽처 스타일을 변경합니다.,translated,
src/picstyle.c:731:name,src/picstyle.c,731,name,Sharpness strength,샤프니스 강도,translated,
src/picstyle.c:734:help,src/picstyle.c,734,help,Adjust sharpness strength in current picture style.,현재 픽처 스타일의 샤프니스 강도를 조정합니다.,translated,
src/picstyle.c:738:name,src/picstyle.c,738,name,Sharpness fineness,샤프니스 세밀함,translated,
src/picstyle.c:741:help,src/picstyle.c,741,help,Adjust sharpness fineness in current picture style.,현재 픽처 스타일의 샤프니스 세밀함을 조정합니다.,translated,
src/picstyle.c:745:name,src/picstyle.c,745,name,Sharpness threshold,샤프니스 임계값,translated,
src/picstyle.c:748:help,src/picstyle.c,748,help,Adjust sharpness threshold in current picture style.,현재 픽처 스타일의 샤프니스 임계값을 조정합니다.,translated,
src/picstyle.c:753:name,src/picstyle.c,753,name,Sharpness,샤프니스,translated,
src/picstyle.c:756:help,src/picstyle.c,756,help,Adjust sharpness in current picture style.,현재 픽처 스타일의 샤프니스를 조정합니다.,translated,
src/picstyle.c:761:name,src/picstyle.c,761,name,Contrast,콘트라스트,translated,
src/picstyle.c:764:help,src/picstyle.c,764,help,Adjust contrast in current picture style.,현재 픽처 스타일의 콘트라스트를 조정합니다.,translated,
src/picstyle.c:768:name,src/picstyle.c,768,name,Saturation,채도,translated,
src/picstyle.c:771:help,src/picstyle.c,771,help,Adjust saturation in current picture style.,현재 픽처 스타일의 채도를 조정합니다.,translated,
src/picstyle.c:775:name,src/picstyle.c,775,name,Color Tone,색조,translated,
src/picstyle.c:778:help,src/picstyle.c,778,help,Adjust color tone in current picture style.,현재 픽처 스타일의 색조를 조정합니다.,translated,
src/picstyle.c:783:name,src/picstyle.c,783,name,Force style for REC,녹화용 스타일 강제 적용,translated,
src/picstyle.c:788:help,src/picstyle.c,788,help,Enable to override active picture style while recording.,켜면 녹화 중 픽처 스타일을 강제로 바꿉니다.,translated,
src/picstyle.c:793:name,src/picstyle.c,793,name,Style for recording,녹화용 스타일,translated,
src/picstyle.c:800:help,src/picstyle.c,800,help,Select which PicStyle to use while recording.,녹화 중 사용할 픽처 스타일을 선택합니다.,translated,
src/picstyle.c:840:name,src/picstyle.c,840,name,Pic.Style,픽처 스타일,translated,
src/picstyle.c:787:choice:0,src/picstyle.c,787,choice:0,OFF,OFF,translated,
src/picstyle.c:787:choice:1,src/picstyle.c,787,choice:1,ON,ON,translated,
src/powersave.c:584:name,src/powersave.c,584,name,Powersave in LiveView,라이브 뷰 절전,translated,
src/powersave.c:587:help,src/powersave.c,587,help,Options for reducing power consumption during idle times.,대기 중 전력 소비를 줄이는 옵션입니다.,translated,
src/powersave.c:591:name,src/powersave.c,591,name,Enable while recording,녹화 중에도 사용,translated,
src/powersave.c:594:help,src/powersave.c,594,help,Powersave always works during standby; optionally also while recording.,"절전 기능은 대기 중 항상 작동하며, 선택 시 녹화 중에도 작동합니다.",translated,
src/powersave.c:595:help2,src/powersave.c,595,help2,Other ML features may use the options below (e.g. intervalometer in LV).,아래 옵션은 다른 ML 기능(예: 라이브 뷰 인터벌로미터)에서도 사용됩니다.,translated,
src/powersave.c:599:name,src/powersave.c,599,name,Use LCD sensor,LCD 센서 사용,translated,
src/powersave.c:602:help,src/powersave.c,602,help,With the LCD sensor you may wakeup or force powersave mode.,LCD 센서로 절전 모드를 깨우거나 강제로 전환할 수 있습니다.,translated,
src/powersave.c:606:name,src/powersave.c,606,name,Use shortcut key,단축키 사용,translated,
src/powersave.c:610:help,src/powersave.c,610,help,Shortcut key for enabling powersave modes right away.,절전 모드를 즉시 켜는 단축키입니다.,translated,
src/powersave.c:613:name,src/powersave.c,613,name,Dim display,화면 어둡게,translated,
src/powersave.c:619:help,src/powersave.c,619,help,"Dim LCD display in LiveView when idle, to save power.",대기 중 라이브 뷰 화면을 어둡게 하여 전력을 절약합니다.,translated,
src/powersave.c:622:name,src/powersave.c,622,name,Turn off LCD,LCD 끄기,translated,
src/powersave.c:628:help,src/powersave.c,628,help,Turn off display. Will also pause LiveView if not recording.,화면을 끕니다. 녹화 중이 아니면 라이브 뷰도 일시정지됩니다.,translated,
src/powersave.c:631:name,src/powersave.c,631,name,Turn off GlobalDraw,GlobalDraw 끄기,translated,
src/powersave.c:637:help,src/powersave.c,637,help,"Turn off GlobalDraw when idle, to save some CPU cycles.",대기 중 GlobalDraw를 꺼서 CPU 사용을 줄입니다.,translated,
src/powersave.c:640:name,src/powersave.c,640,name,30-minute timer,30분 타이머,translated,
src/powersave.c:646:help,src/powersave.c,646,help,Prevent Canon firmware from turning off LiveView after 30 minutes.,캐논 펌웨어가 30분 후 라이브 뷰를 끄지 못하게 합니다.,translated,
src/powersave.c:647:help2,src/powersave.c,647,help2,LED will blink every 10s. WARNING: this limit is there for good reason!,LED가 10초마다 깜빡입니다. 경고: 이 제한에는 합당한 이유가 있습니다!,translated,
src/powersave.c:644:choice:0,src/powersave.c,644,choice:0,ON,켬,translated,
src/powersave.c:644:choice:1,src/powersave.c,644,choice:1,Disabled,끔,translated,
src/raw.c:2868:name,src/raw.c,2868,name,LV raw type,LV RAW 타입,translated,
src/raw.c:2872:help,src/raw.c,2872,help,Choose what type of raw stream we should use in LiveView.,라이브 뷰에서 사용할 RAW 스트림 종류를 선택합니다.,translated,
src/raw.c:2873:help2,src/raw.c,2873,help2,"See lv_af_raw, lv_rshd_raw, lv_set_raw, KindOfCraw...","참고: lv_af_raw, lv_rshd_raw, lv_set_raw, KindOfCraw 등",translated,
src/sd.c:91:name,src/sd.c,91,name,SD speed autotune,SD 속도 자동 조정,translated,
src/sd.c:95:help,src/sd.c,95,help,Run Canon's SD autotune. You can benchmark to check improvement,캐논의 SD 자동 조정을 실행합니다. 벤치마크로 개선 효과를 확인할 수 있습니다.,translated,
src/shoot.c:3352:name,src/shoot.c,3352,name,Advanced Bracket,고급 브라케팅,translated,
src/shoot.c:3356:help,src/shoot.c,3356,help,"Advanced bracketing (expo, flash, DOF). Press shutter once.","고급 브라케팅(노출, 플래시, 심도). 셔터를 한 번만 누르세요.",translated,
src/shoot.c:3361:name,src/shoot.c,3361,name,Bracket type,브라케팅 종류,translated,
src/shoot.c:3366:help,src/shoot.c,3366,help,Choose the variables to bracket:,브라케팅할 항목을 선택하세요:,translated,
src/shoot.c:3367:help2,src/shoot.c,3367,help2,Expo bracket. M: changes shutter. Others: changes AEcomp.\n,노출 브라케팅. M 모드: 셔터 변경. 그 외 모드: 노출보정 변경.\n,translated,
src/shoot.c:3372:name,src/shoot.c,3372,name,Frames,촬영 매수,translated,
src/shoot.c:3379:help,src/shoot.c,3379,help,Number of bracketed shots. Can be computed automatically.,브라케팅 촬영 매수. 자동 계산도 가능합니다.,translated,
src/shoot.c:3382:name,src/shoot.c,3382,name,EV increment,EV 간격,translated,
src/shoot.c:3390:help,src/shoot.c,3390,help,Exposure difference between two frames.,두 프레임 사이의 노출 차이입니다.,translated,
src/shoot.c:3393:name,src/shoot.c,3393,name,Sequence,촬영 순서,translated,
src/shoot.c:3398:help,src/shoot.c,3398,help,Bracketing sequence order / type. Zero is always first.,브라케팅 순서/방식. 0이 항상 먼저 촬영됩니다.,translated,
src/shoot.c:3406:name,src/shoot.c,3406,name,2-second delay,2초 지연,translated,
src/shoot.c:3409:help,src/shoot.c,3409,help,Delay before starting the exposure.,노출 시작 전 지연 시간입니다.,translated,
src/shoot.c:3410:help2,src/shoot.c,3410,help2,Only used if you start bracketing by pressing the shutter.,셔터로 브라케팅을 시작할 때만 적용됩니다.,translated,
src/shoot.c:3415:name,src/shoot.c,3415,name,ISO shifting,ISO 변경,translated,
src/shoot.c:3418:help,src/shoot.c,3418,help,Also use ISO as bracket variable. Range: 100 - max AutoISO.,ISO도 브라케팅 변수로 사용. 범위: 100 ~ 최대 오토 ISO.,translated,
src/shoot.c:3419:help2,src/shoot.c,3419,help2, \n, \n,translated,
src/shoot.c:3432:name,src/shoot.c,3432,name,Intervalometer,인터벌로미터,translated,
src/shoot.c:3436:help,src/shoot.c,3436,help,Take pictures at fixed intervals (for timelapse).,일정한 간격으로 촬영합니다(타임랩스용).,translated,
src/shoot.c:3441:name,src/shoot.c,3441,name,Take a pic every,촬영 간격,translated,
src/shoot.c:3447:help,src/shoot.c,3447,help,Duration between two shots.,두 촬영 사이의 시간 간격입니다.,translated,
src/shoot.c:3450:name,src/shoot.c,3450,name,Start trigger,시작 방식,translated,
src/shoot.c:3455:help,src/shoot.c,3455,help,How to trigger the intervalometer start:,인터벌로미터 시작 방식을 선택하세요:,translated,
src/shoot.c:3456:help2,src/shoot.c,3456,help2,"When you exit ML menu, or at camera startup.\n",ML 메뉴를 나갈 때 또는 카메라 시작 시.\n,translated,
src/shoot.c:3462:name,src/shoot.c,3462,name,Start after,시작 지연,translated,
src/shoot.c:3468:help,src/shoot.c,3468,help,Start the intervalometer after X seconds / minutes / hours.,X초/분/시간 후 인터벌로미터를 시작합니다.,translated,
src/shoot.c:3471:name,src/shoot.c,3471,name,Stop after,종료 조건,translated,
src/shoot.c:3477:help,src/shoot.c,3477,help,Stop the intervalometer after taking X shots.,X장 촬영 후 인터벌로미터를 종료합니다.,translated,
src/shoot.c:3488:name,src/shoot.c,3488,name,Bulb Timer,벌브 타이머,translated,
src/shoot.c:3492:help,src/shoot.c,3492,help,For very long exposures (several minutes).,매우 긴 노출(수 분)에 사용합니다.,translated,
src/shoot.c:3493:help2,src/shoot.c,3493,help2,"To trigger, hold shutter pressed halfway for 1 second.",셔터를 반누름 상태로 1초간 유지하면 시작됩니다.,translated,
src/shoot.c:3498:name,src/shoot.c,3498,name,Exposure duration,노출 시간,translated,
src/shoot.c:3505:name,src/shoot.c,3505,name,Display during exposure,노출 중 표시,translated,
src/shoot.c:3514:help,src/shoot.c,3514,help,Turn the screen on/off while taking bulb exposure.,벌브 노출 중 화면을 켜거나 끕니다.,translated,
src/shoot.c:3523:name,src/shoot.c,3523,name,LCDsensor Remote,LCD센서 리모컨,translated,
src/shoot.c:3528:help,src/shoot.c,3528,help,Use the LCD face sensor as a simple remote (avoids shake).,LCD 근접 센서를 간이 리모컨으로 사용(흔들림 방지).,translated,
src/shoot.c:3533:name,src/shoot.c,3533,name,Audio RemoteShot,소리 리모컨,translated,
src/shoot.c:3537:help,src/shoot.c,3537,help,Clap your hands or pop a balloon to take a picture.,박수를 치거나 풍선을 터뜨리면 촬영됩니다.,translated,
src/shoot.c:3541:name,src/shoot.c,3541,name,Trigger level (dB),감지 레벨(dB),translated,
src/shoot.c:3545:help,src/shoot.c,3545,help,Picture taken when sound level becomes X dB above average.,평균보다 X dB 이상 소리가 커지면 촬영됩니다.,translated,
src/shoot.c:3553:name,src/shoot.c,3553,name,Motion Detect,움직임 감지,translated,
src/shoot.c:3557:help,src/shoot.c,3557,help,Take a picture when subject is moving or exposure changes.,피사체가 움직이거나 노출이 변하면 촬영합니다.,translated,
src/shoot.c:3562:name,src/shoot.c,3562,name,Trigger by,감지 기준,translated,
src/shoot.c:3567:help,src/shoot.c,3567,help,Choose when the picture should be taken:,촬영 시점을 선택하세요:,translated,
src/shoot.c:3568:help2,src/shoot.c,3568,help2,EXP: reacts to exposure changes (large movements).\n,EXP: 노출 변화에 반응(큰 움직임).\n,translated,
src/shoot.c:3573:name,src/shoot.c,3573,name,Trigger level,감지 레벨,translated,
src/shoot.c:3577:help,src/shoot.c,3577,help,Higher values = less sensitive to motion.,값이 클수록 움직임에 덜 민감합니다.,translated,
src/shoot.c:3580:name,src/shoot.c,3580,name,Detect Size,감지 크기,translated,
src/shoot.c:3584:help,src/shoot.c,3584,help,Size of the area on which motion shall be detected.,움직임을 감지할 영역의 크기입니다.,translated,
src/shoot.c:3587:name,src/shoot.c,3587,name,Delay,지연,translated,
src/shoot.c:3593:help,src/shoot.c,3593,help,Delay between the detected motion and the picture taken.,움직임 감지 후 촬영까지의 지연 시간입니다.,translated,
src/shoot.c:3610:name,src/shoot.c,3610,name,Mirror Lockup,미러 락업,translated,
src/shoot.c:3617:help,src/shoot.c,3617,help,MLU tricks: hand-held or self-timer modes.,미러 락업 활용법: 핸드헬드 또는 셀프타이머 모드.,translated,
src/shoot.c:3619:help,src/shoot.c,3619,help,You can toggle MLU w. DirectPrint or link it to self-timer.,다이렉트 프린트 버튼으로 MLU를 켜거나 셀프타이머와 연동할 수 있습니다.,translated,
src/shoot.c:3621:help,src/shoot.c,3621,help,You can link MLU with self-timer (handy).,MLU를 셀프타이머와 연동할 수 있습니다(편리).,translated,
src/shoot.c:3626:name,src/shoot.c,3626,name,MLU mode,MLU 모드,translated,
src/shoot.c:3635:help,src/shoot.c,3635,help,Choose when mirror lock-up should be active:,미러 락업이 작동할 시점을 선택하세요:,translated,
src/shoot.c:3636:help2,src/shoot.c,3636,help2,"Always ON: just the Canon mode, press shutter twice.\n","항상 켜짐: 캐논 기본 모드, 셔터를 두 번 누릅니다.\n",translated,
src/shoot.c:3642:name,src/shoot.c,3642,name,Handheld Shutter,핸드헬드 셔터,translated,
src/shoot.c:3647:help,src/shoot.c,3647,help,At what shutter speeds you want to use handheld MLU.,핸드헬드 MLU를 사용할 셔터 속도 범위입니다.,translated,
src/shoot.c:3650:name,src/shoot.c,3650,name,Handheld Delay,핸드헬드 지연,translated,
src/shoot.c:3656:help,src/shoot.c,3656,help,Delay between mirror and shutter movement.,미러와 셔터 동작 사이의 지연 시간입니다.,translated,
src/shoot.c:3664:name,src/shoot.c,3664,name,Handheld Debug,핸드헬드 디버그,translated,
src/shoot.c:3667:help,src/shoot.c,3667,help,Check whether the 'mirror up' event is detected correctly.,'미러 업' 이벤트가 올바르게 감지되는지 확인합니다.,translated,
src/shoot.c:3671:name,src/shoot.c,3671,name,Normal MLU Delay,일반 MLU 지연,translated,
src/shoot.c:3677:help,src/shoot.c,3677,help,"MLU delay used with intervalometer, bracketing etc.","인터벌로미터, 브라케팅 등에 쓰이는 MLU 지연 시간입니다.",translated,
src/shoot.c:3688:help,src/shoot.c,3688,help,Experimental SRAW/MRAW mode. You may get corrupted files.,실험적인 SRAW/MRAW 모드입니다. 파일이 손상될 수 있습니다.,translated,
src/shoot.c:3694:name,src/shoot.c,3694,name,Voice Tags,음성 태그,translated,
src/shoot.c:3697:help,src/shoot.c,3697,help,"After you take a picture, press SET to add a voice tag.",촬영 후 SET을 누르면 음성 태그가 추가됩니다.,translated,
src/shoot.c:3698:help2,src/shoot.c,3698,help2,"For playback, go to Audio -> Sound Recorder.",재생하려면 오디오 -> 녹음기로 이동하세요.,translated,
src/shoot.c:3711:name,src/shoot.c,3711,name,Flash Tweaks,플래시 설정,translated,
src/shoot.c:3713:help,src/shoot.c,3713,help,"Flash exposure compensation, 3rd party flash in LiveView...","플래시 노출 보정, 라이브 뷰 타사 플래시 사용 등...",translated,
src/shoot.c:3717:name,src/shoot.c,3717,name,Flash expo comp.,플래시 노출 보정,translated,
src/shoot.c:3723:help,src/shoot.c,3723,help,"Flash exposure compensation, from -10EV to +3EV.","플래시 노출 보정, -10EV ~ +3EV.",translated,
src/shoot.c:3729:name,src/shoot.c,3729,name,Flash / No flash,플래시 유/무,translated,
src/shoot.c:3734:help,src/shoot.c,3734,help,"Take odd pictures with flash, even pictures without flash.",홀수 번째는 플래시를 사용하고 짝수 번째는 사용하지 않습니다.,translated,
src/shoot.c:3739:name,src/shoot.c,3739,name,3rd p. flash LV,타사 플래시 LV,translated,
src/shoot.c:3743:help,src/shoot.c,3743,help,A trick to allow 3rd party flashes to fire in LiveView.,라이브 뷰에서 타사 플래시가 발광하도록 하는 기능입니다.,translated,
src/shoot.c:3744:help2,src/shoot.c,3744,help2,!!! DISABLE THIS OPTION WHEN YOU ARE NOT USING IT !!!  ,!!! 사용하지 않을 때는 반드시 꺼두세요 !!!  ,translated,
src/shoot.c:3755:name,src/shoot.c,3755,name,Shoot Preferences,촬영 환경설정,translated,
src/shoot.c:3757:help,src/shoot.c,3757,help,"Autofocus, number of pics to take at once...","자동초점, 한 번에 촬영할 매수 등...",translated,
src/shoot.c:3762:name,src/shoot.c,3762,name,Pics at once,동시 촬영 매수,translated,
src/shoot.c:3768:help,src/shoot.c,3768,help,How many pictures to take at once (for each trigger event).,트리거 이벤트마다 한 번에 촬영할 매수입니다.,translated,
src/shoot.c:3769:help2,src/shoot.c,3769,help2,"For intervalometer, motion detect, trap focus, audio remote.","인터벌로미터, 움직임 감지, 트랩 포커스, 소리 리모컨에 적용됩니다.",translated,
src/shoot.c:3773:name,src/shoot.c,3773,name,Use Autofocus,자동초점 사용,translated,
src/shoot.c:3777:help,src/shoot.c,3777,help,"For intervalometer, audio remote shot and motion detect.","인터벌로미터, 소리 리모컨 촬영, 움직임 감지에 적용됩니다.",translated,
src/shoot.c:3778:help2,src/shoot.c,3778,help2,"Be careful, won't take pics if it can't autofocus.",주의: 초점을 맞추지 못하면 촬영되지 않습니다.,translated,
src/shoot.c:3786:name,src/shoot.c,3786,name,Post scripts,후처리 스크립트,translated,
src/shoot.c:3789:help,src/shoot.c,3789,help,Post-processing scripts for bracketing and focus stacking.,브라케팅과 포커스 스태킹용 후처리 스크립트입니다.,translated,
src/shoot.c:3795:name,src/shoot.c,3795,name,Intervalometer Script,인터벌로미터 스크립트,translated,
src/shoot.c:3798:help,src/shoot.c,3798,help,Scripts for sorting intervalometer sequences.,인터벌로미터 촬영 결과를 정리하는 스크립트입니다.,translated,
src/shoot.c:3804:name,src/shoot.c,3804,name,Snap Simulation,촬영 시뮬레이션,translated,
src/shoot.c:3816:help,src/shoot.c,3816,help,You can take virtual (fake) pictures just for testing.,테스트용으로 가상(가짜) 촬영을 할 수 있습니다.,translated,
src/shoot.c:3832:name,src/shoot.c,3832,name,LiveView zoom tweaks,라이브 뷰 줌 설정,translated,
src/shoot.c:3836:help,src/shoot.c,3836,help,"Disable x5 or x10, boost contrast/sharpness...","x5/x10 비활성화, 명암/선명도 강화 등...",translated,
src/shoot.c:3841:name,src/shoot.c,3841,name,Zoom x1,줌 x1,translated,
src/shoot.c:3846:help,src/shoot.c,3846,help,Disable the screen that lets you move the focus box before zooming,확대 전 초점 박스를 옮기는 화면을 비활성화합니다,translated,
src/shoot.c:3847:help2,src/shoot.c,3847,help2,(displayed as 'Zoom x1' on Canon' user interface),(캐논 인터페이스에는 'Zoom x1'으로 표시됨),translated,
src/shoot.c:3852:name,src/shoot.c,3852,name,Zoom x5,줌 x5,translated,
src/shoot.c:3857:help,src/shoot.c,3857,help,Disable x5 zoom in LiveView.,라이브 뷰에서 x5 줌을 비활성화합니다.,translated,
src/shoot.c:3861:name,src/shoot.c,3861,name,Zoom x10,줌 x10,translated,
src/shoot.c:3866:help,src/shoot.c,3866,help,Disable x10 zoom in LiveView.,라이브 뷰에서 x10 줌을 비활성화합니다.,translated,
src/shoot.c:3874:name,src/shoot.c,3874,name,Auto exposure on Zoom,줌 시 자동 노출,translated,
src/shoot.c:3877:help,src/shoot.c,3877,help,"Auto adjusts exposure, so you can focus manually wide open.",노출을 자동 조정해 개방 상태에서도 수동 초점을 맞추기 쉽습니다.,translated,
src/shoot.c:3885:name,src/shoot.c,3885,name,Increase SharpContrast,선명도/명암 강화,translated,
src/shoot.c:3888:help,src/shoot.c,3888,help,Increase sharpness and contrast when you zoom in LiveView.,라이브 뷰 확대 시 선명도와 명암을 높입니다.,translated,
src/shoot.c:3892:name,src/shoot.c,3892,name,Zoom on HalfShutter,반셔터 시 확대,translated,
src/shoot.c:3895:help,src/shoot.c,3895,help,Enable zoom when you hold the shutter halfway pressed.,셔터를 반누름하면 확대되도록 합니다.,translated,
src/shoot.c:3896:help2,src/shoot.c,3896,help2,This feature only works as long as you don't trigger autofocus.,자동초점이 작동하지 않을 때만 이 기능이 동작합니다.,translated,
src/shoot.c:3899:name,src/shoot.c,3899,name,Zoom with Focus Ring,초점링으로 확대,translated,
src/shoot.c:3902:help,src/shoot.c,3902,help,Zoom when you turn the focus ring (only some Canon lenses).,초점링을 돌리면 확대됩니다(일부 캐논 렌즈만 지원).,translated,
src/shoot.c:3908:name,src/shoot.c,3908,name,Double Click,더블 클릭,translated,
src/shoot.c:3911:help,src/shoot.c,3911,help,Double-click top-right button in LV. Shortcuts or Zoom.,라이브 뷰에서 우측 상단 버튼을 더블클릭. 바로가기 또는 확대.,translated,
src/shoot.c:3916:name,src/shoot.c,3916,name,Zoom with old button,이전 버튼으로 확대,translated,
src/shoot.c:3919:help,src/shoot.c,3919,help,"Use the old Zoom In button, as in 5D2. Double-click in LV.",5D2처럼 예전 확대 버튼을 사용합니다. 라이브 뷰에서 더블클릭.,translated,
src/shoot.c:3945:name,src/shoot.c,3945,name,White Balance,화이트 밸런스,translated,
src/shoot.c:3948:help,src/shoot.c,3948,help,Adjust Kelvin white balance and GM/BA WBShift.,켈빈 화이트 밸런스와 G/M·B/A 시프트를 조정합니다.,translated,
src/shoot.c:3949:help2,src/shoot.c,3949,help2,"Advanced: WBShift, RGB multipliers, Push-button WB...","고급: WB 시프트, RGB 배율, 원터치 WB 등...",translated,
src/shoot.c:3954:name,src/shoot.c,3954,name,White Balance,화이트 밸런스,translated,
src/shoot.c:3957:help,src/shoot.c,3957,help,Adjust Kelvin white balance.,켈빈 화이트 밸런스를 조정합니다.,translated,
src/shoot.c:3961:name,src/shoot.c,3961,name,WBShift G/M,WB 시프트 G/M,translated,
src/shoot.c:3967:help,src/shoot.c,3967,help,"Green-Magenta white balance shift, for fluorescent lights.","그린-마젠타 화이트 밸런스 시프트, 형광등용입니다.",translated,
src/shoot.c:3971:name,src/shoot.c,3971,name,WBShift B/A,WB 시프트 B/A,translated,
src/shoot.c:3977:help,src/shoot.c,3977,help,Blue-Amber WBShift; 1 unit = 5 mireks on Kelvin axis.,블루-앰버 WB 시프트; 1단위 = 켈빈 축 5미레드.,translated,
src/shoot.c:3981:name,src/shoot.c,3981,name,R multiplier,R 배율,translated,
src/shoot.c:3986:help,src/shoot.c,3986,help,"RED channel multiplier, for custom white balance.",커스텀 화이트 밸런스용 빨강 채널 배율입니다.,translated,
src/shoot.c:3990:name,src/shoot.c,3990,name,G multiplier,G 배율,translated,
src/shoot.c:3995:help,src/shoot.c,3995,help,"GREEN channel multiplier, for custom white balance.",커스텀 화이트 밸런스용 초록 채널 배율입니다.,translated,
src/shoot.c:3999:name,src/shoot.c,3999,name,B multiplier,B 배율,translated,
src/shoot.c:4004:help,src/shoot.c,4004,help,"BLUE channel multiplier, for custom white balance.",커스텀 화이트 밸런스용 파랑 채널 배율입니다.,translated,
src/shoot.c:4008:name,src/shoot.c,4008,name,Auto adjust Kelvin,켈빈 자동 조정,translated,
src/shoot.c:4010:help,src/shoot.c,4010,help,LiveView: adjust Kelvin value once for the current scene.,라이브 뷰: 현재 장면에 맞춰 켈빈 값을 한 번 조정합니다.,translated,
src/shoot.c:4013:name,src/shoot.c,4013,name,Auto adjust Green-Magenta,그린-마젠타 자동 조정,translated,
src/shoot.c:4015:help,src/shoot.c,4015,help,LiveView: adjust Green-Magenta once for the current scene.,라이브 뷰: 현재 장면에 맞춰 그린-마젠타를 한 번 조정합니다.,translated,
src/shoot.c:4018:name,src/shoot.c,4018,name,Auto adjust Kelvin + G/M,켈빈 + G/M 자동 조정,translated,
src/shoot.c:4020:help,src/shoot.c,4020,help,LiveView: adjust Kelvin and G-M once (Push-button WB).,라이브 뷰: 켈빈과 G-M을 한 번에 조정(원터치 WB).,translated,
src/shoot.c:4030:name,src/shoot.c,4030,name,ISO,ISO,translated,
src/shoot.c:4033:help,src/shoot.c,4033,help,Adjust and fine-tune ISO. Also displays APEX Sv value.,ISO를 조정하고 미세 설정합니다. APEX Sv 값도 표시됩니다.,translated,
src/shoot.c:4034:help2,src/shoot.c,4034,help2,"Advanced: digital ISO tweaks, HTP, ISO 50, ISO 800.000...","고급: 디지털 ISO 조정, HTP, ISO 50, ISO 800.000...",translated,
src/shoot.c:4041:name,src/shoot.c,4041,name,Equivalent ISO,실효 ISO,translated,
src/shoot.c:4042:help,src/shoot.c,4042,help,ISO equivalent (analog + digital components).,아날로그+디지털 성분을 합한 실효 ISO입니다.,translated,
src/shoot.c:4050:name,src/shoot.c,4050,name,Canon analog ISO,캐논 아날로그 ISO,translated,
src/shoot.c:4051:help,src/shoot.c,4051,help,Analog ISO component (ISO at which the sensor is driven).,아날로그 ISO 성분(센서가 구동되는 ISO)입니다.,translated,
src/shoot.c:4060:name,src/shoot.c,4060,name,Canon digital ISO,캐논 디지털 ISO,translated,
src/shoot.c:4061:help,src/shoot.c,4061,help,Canon's digital ISO component. Strongly recommended: 0.,캐논의 디지털 ISO 성분. 0을 강력히 권장합니다.,translated,
src/shoot.c:4071:name,src/shoot.c,4071,name,ML digital ISO,ML 디지털 ISO,translated,
src/shoot.c:4074:help,src/shoot.c,4074,help,ISO tweaks. Negative gain has better highlight roll-off.,ISO 조정. 음의 게인은 하이라이트 롤오프가 더 부드럽습니다.,translated,
src/shoot.c:4083:name,src/shoot.c,4083,name,ISO Selection,ISO 선택,translated,
src/shoot.c:4086:help,src/shoot.c,4086,help,What ISOs should be available from main menu and shortcuts.,메인 메뉴와 단축키에서 선택 가능한 ISO 범위입니다.,translated,
src/shoot.c:4094:name,src/shoot.c,4094,name,Min Movie AutoISO,동영상 최소 오토 ISO,translated,
src/shoot.c:4099:help,src/shoot.c,4099,help,Minimum value for Auto ISO in movie mode.,동영상 모드 오토 ISO의 최솟값입니다.,translated,
src/shoot.c:4103:name,src/shoot.c,4103,name,Max Movie AutoISO,동영상 최대 오토 ISO,translated,
src/shoot.c:4108:help,src/shoot.c,4108,help,Maximum value for Auto ISO in movie mode.,동영상 모드 오토 ISO의 최댓값입니다.,translated,
src/shoot.c:4112:name,src/shoot.c,4112,name,A-ISO smoothness,오토 ISO 부드러움,translated,
src/shoot.c:4116:help,src/shoot.c,4116,help,Speed for movie Auto ISO. Low values = smooth transitions.,동영상 오토 ISO 전환 속도. 값이 낮을수록 부드럽게 전환됩니다.,translated,
src/shoot.c:4126:name,src/shoot.c,4126,name,Shutter,셔터,translated,
src/shoot.c:4130:help,src/shoot.c,4130,help,Fine-tune shutter value. Displays APEX Tv or degrees equiv.,셔터 값을 미세 조정합니다. APEX Tv 또는 각도 환산값을 표시합니다.,translated,
src/shoot.c:4136:name,src/shoot.c,4136,name,Aperture,조리개,translated,
src/shoot.c:4140:help,src/shoot.c,4140,help,Adjust aperture. Also displays APEX aperture (Av) in stops.,조리개를 조정합니다. APEX 조리개(Av) 스탑값도 표시됩니다.,translated,
src/shoot.c:4150:name,src/shoot.c,4150,name,Expo. Lock,노출 고정,translated,
src/shoot.c:4154:help,src/shoot.c,4154,help,"In M mode, adjust Tv/Av/ISO without changing exposure.",M 모드에서 노출을 유지한 채 Tv/Av/ISO를 조정합니다.,translated,
src/shoot.c:4155:help2,src/shoot.c,4155,help2,It may change the way you use M mode. Maybe I'm just crazy.,M 모드 사용법이 달라질 수 있습니다. 제가 좀 별난 걸지도요.,translated,
src/shoot.c:4159:name,src/shoot.c,4159,name,Tv  -> ,Tv  -> ,translated,
src/shoot.c:4164:help,src/shoot.c,4164,help,"When you change Tv, ML adjusts Av and ISO to keep exposure.",Tv를 바꾸면 ML이 노출 유지를 위해 Av와 ISO를 조정합니다.,translated,
src/shoot.c:4167:name,src/shoot.c,4167,name,Av  -> ,Av  -> ,translated,
src/shoot.c:4172:help,src/shoot.c,4172,help,"When you change Av, ML adjusts Tv and ISO to keep exposure.",Av를 바꾸면 ML이 노출 유지를 위해 Tv와 ISO를 조정합니다.,translated,
src/shoot.c:4175:name,src/shoot.c,4175,name,ISO -> ,ISO -> ,translated,
src/shoot.c:4180:help,src/shoot.c,4180,help,"When you change ISO, ML adjusts Tv and Av to keep exposure.",ISO를 바꾸면 ML이 노출 유지를 위해 Tv와 Av를 조정합니다.,translated,
src/shoot.c:4188:name,src/shoot.c,4188,name,Expo. Presets,노출 프리셋,translated,
src/shoot.c:4192:help,src/shoot.c,4192,help,"Quickly toggle between two expo presets (ISO,Tv,Av,Kelvin).","두 노출 프리셋(ISO,Tv,Av,켈빈)을 빠르게 전환합니다.",translated,
src/shoot.c:3365:choice:0,src/shoot.c,3365,choice:0,"Exposure (Tv,Ae)","노출 (Tv,Ae)",translated,
src/shoot.c:3365:choice:1,src/shoot.c,3365,choice:1,Exposure (Flash),노출 (플래시),translated,
src/shoot.c:3365:choice:2,src/shoot.c,3365,choice:2,DOF (Aperture),심도 (조리개),translated,
src/shoot.c:3378:choice:0,src/shoot.c,3378,choice:0,Autodetect,자동감지,translated,
src/shoot.c:3378:choice:1,src/shoot.c,3378,choice:1,2,2,translated,
src/shoot.c:3378:choice:2,src/shoot.c,3378,choice:2,3,3,translated,
src/shoot.c:3378:choice:3,src/shoot.c,3378,choice:3,4,4,translated,
src/shoot.c:3378:choice:4,src/shoot.c,3378,choice:4,5,5,translated,
src/shoot.c:3378:choice:5,src/shoot.c,3378,choice:5,6,6,translated,
src/shoot.c:3378:choice:6,src/shoot.c,3378,choice:6,7,7,translated,
src/shoot.c:3378:choice:7,src/shoot.c,3378,choice:7,8,8,translated,
src/shoot.c:3378:choice:8,src/shoot.c,3378,choice:8,9,9,translated,
src/shoot.c:3378:choice:9,src/shoot.c,3378,choice:9,10,10,translated,
src/shoot.c:3378:choice:10,src/shoot.c,3378,choice:10,11,11,translated,
src/shoot.c:3378:choice:11,src/shoot.c,3378,choice:11,12,12,translated,
src/shoot.c:3397:choice:0,src/shoot.c,3397,choice:0,0 - --,0 - --,translated,
src/shoot.c:3397:choice:1,src/shoot.c,3397,choice:1,0 - + -- ++,0 - + -- ++,translated,
src/shoot.c:3397:choice:2,src/shoot.c,3397,choice:2,0 + ++,0 + ++,translated,
src/shoot.c:3411:choice:0,src/shoot.c,3411,choice:0,OFF,OFF,translated,
src/shoot.c:3411:choice:1,src/shoot.c,3411,choice:1,Auto,자동,translated,
src/shoot.c:3422:choice:0,src/shoot.c,3422,choice:0,OFF,OFF,translated,
src/shoot.c:3422:choice:1,src/shoot.c,3422,choice:1,Full,전체,translated,
src/shoot.c:3422:choice:2,src/shoot.c,3422,choice:2,Half,절반,translated,
src/shoot.c:3454:choice:0,src/shoot.c,3454,choice:0,Leave Menu,메뉴 종료,translated,
src/shoot.c:3454:choice:1,src/shoot.c,3454,choice:1,Half Shutter,반셔터,translated,
src/shoot.c:3454:choice:2,src/shoot.c,3454,choice:2,Take a Pic,촬영,translated,
src/shoot.c:3513:choice:0,src/shoot.c,3513,choice:0,Don't change,유지,translated,
src/shoot.c:3513:choice:1,src/shoot.c,3513,choice:1,Turn off,끄기,translated,
src/shoot.c:3513:choice:2,src/shoot.c,3513,choice:2,Show previous pic,이전 사진 표시,translated,
src/shoot.c:3527:choice:0,src/shoot.c,3527,choice:0,OFF,OFF,translated,
src/shoot.c:3527:choice:1,src/shoot.c,3527,choice:1,Near,가까이,translated,
src/shoot.c:3527:choice:2,src/shoot.c,3527,choice:2,Away,멀리,translated,
src/shoot.c:3527:choice:3,src/shoot.c,3527,choice:3,Wave,흔들기,translated,
src/shoot.c:3565:choice:0,src/shoot.c,3565,choice:0,Expo. change,노출 변화,translated,
src/shoot.c:3565:choice:1,src/shoot.c,3565,choice:1,Frame diff.,프레임 차이,translated,
src/shoot.c:3565:choice:2,src/shoot.c,3565,choice:2,Steady hands,정지 시,translated,
src/shoot.c:3583:choice:0,src/shoot.c,3583,choice:0,Small,작게,translated,
src/shoot.c:3583:choice:1,src/shoot.c,3583,choice:1,Medium,보통,translated,
src/shoot.c:3583:choice:2,src/shoot.c,3583,choice:2,Large,크게,translated,
src/shoot.c:3592:choice:0,src/shoot.c,3592,choice:0,OFF,OFF,translated,
src/shoot.c:3592:choice:1,src/shoot.c,3592,choice:1,0.1s,0.1s,translated,
src/shoot.c:3592:choice:2,src/shoot.c,3592,choice:2,0.2s,0.2s,translated,
src/shoot.c:3592:choice:3,src/shoot.c,3592,choice:3,0.3s,0.3s,translated,
src/shoot.c:3592:choice:4,src/shoot.c,3592,choice:4,0.4s,0.4s,translated,
src/shoot.c:3592:choice:5,src/shoot.c,3592,choice:5,0.5s,0.5s,translated,
src/shoot.c:3592:choice:6,src/shoot.c,3592,choice:6,0.6s,0.6s,translated,
src/shoot.c:3592:choice:7,src/shoot.c,3592,choice:7,0.7s,0.7s,translated,
src/shoot.c:3592:choice:8,src/shoot.c,3592,choice:8,0.8s,0.8s,translated,
src/shoot.c:3592:choice:9,src/shoot.c,3592,choice:9,0.9s,0.9s,translated,
src/shoot.c:3592:choice:10,src/shoot.c,3592,choice:10,1s,1s,translated,
src/shoot.c:3634:choice:0,src/shoot.c,3634,choice:0,Always ON,항상 켜짐,translated,
src/shoot.c:3634:choice:1,src/shoot.c,3634,choice:1,Self-Timer,셀프타이머,translated,
src/shoot.c:3634:choice:2,src/shoot.c,3634,choice:2,Handheld,핸드헬드,translated,
src/shoot.c:3646:choice:0,src/shoot.c,3646,choice:0,All values,전체 범위,translated,
src/shoot.c:3646:choice:1,src/shoot.c,3646,choice:1,1/2...1/125,1/2...1/125,translated,
src/shoot.c:3655:choice:0,src/shoot.c,3655,choice:0,0.1s,0.1s,translated,
src/shoot.c:3655:choice:1,src/shoot.c,3655,choice:1,0.2s,0.2s,translated,
src/shoot.c:3655:choice:2,src/shoot.c,3655,choice:2,0.3s,0.3s,translated,
src/shoot.c:3655:choice:3,src/shoot.c,3655,choice:3,0.4s,0.4s,translated,
src/shoot.c:3655:choice:4,src/shoot.c,3655,choice:4,0.5s,0.5s,translated,
src/shoot.c:3655:choice:5,src/shoot.c,3655,choice:5,0.75s,0.75s,translated,
src/shoot.c:3655:choice:6,src/shoot.c,3655,choice:6,1s,1s,translated,
src/shoot.c:3676:choice:0,src/shoot.c,3676,choice:0,0.5s,0.5s,translated,
src/shoot.c:3676:choice:1,src/shoot.c,3676,choice:1,0.75s,0.75s,translated,
src/shoot.c:3676:choice:2,src/shoot.c,3676,choice:2,1s,1s,translated,
src/shoot.c:3676:choice:3,src/shoot.c,3676,choice:3,2s,2s,translated,
src/shoot.c:3676:choice:4,src/shoot.c,3676,choice:4,3s,3s,translated,
src/shoot.c:3676:choice:5,src/shoot.c,3676,choice:5,4s,4s,translated,
src/shoot.c:3676:choice:6,src/shoot.c,3676,choice:6,5s,5s,translated,
src/shoot.c:3765:choice:0,src/shoot.c,3765,choice:0,1 (OFF),1 (OFF),translated,
src/shoot.c:3765:choice:1,src/shoot.c,3765,choice:1,2,2,translated,
src/shoot.c:3765:choice:2,src/shoot.c,3765,choice:2,3,3,translated,
src/shoot.c:3765:choice:3,src/shoot.c,3765,choice:3,4,4,translated,
src/shoot.c:3765:choice:4,src/shoot.c,3765,choice:4,5,5,translated,
src/shoot.c:3765:choice:5,src/shoot.c,3765,choice:5,6,6,translated,
src/shoot.c:3765:choice:6,src/shoot.c,3765,choice:6,7,7,translated,
src/shoot.c:3765:choice:7,src/shoot.c,3765,choice:7,8,8,translated,
src/shoot.c:3765:choice:8,src/shoot.c,3765,choice:8,9,9,translated,
src/shoot.c:3790:choice:0,src/shoot.c,3790,choice:0,OFF,OFF,translated,
src/shoot.c:3790:choice:1,src/shoot.c,3790,choice:1,Enfuse,Enfuse,translated,
src/shoot.c:3790:choice:2,src/shoot.c,3790,choice:2,Align+Enfuse,Align+Enfuse,translated,
src/shoot.c:3790:choice:3,src/shoot.c,3790,choice:3,File List,파일 목록,translated,
src/shoot.c:3799:choice:0,src/shoot.c,3799,choice:0,OFF,OFF,translated,
src/shoot.c:3799:choice:1,src/shoot.c,3799,choice:1,Bash,Bash,translated,
src/shoot.c:3799:choice:2,src/shoot.c,3799,choice:2,MS-DOS,MS-DOS,translated,
src/shoot.c:3799:choice:3,src/shoot.c,3799,choice:3,File List,파일 목록,translated,
src/shoot.c:3808:choice:0,src/shoot.c,3808,choice:0,OFF,OFF,translated,
src/shoot.c:3808:choice:1,src/shoot.c,3808,choice:1,Blink,깜빡임,translated,
src/shoot.c:3808:choice:2,src/shoot.c,3808,choice:2, & Beep, & 알림음,translated,
src/shoot.c:3844:choice:0,src/shoot.c,3844,choice:0,ON,ON,translated,
src/shoot.c:3844:choice:1,src/shoot.c,3844,choice:1,Disable,해제,translated,
src/shoot.c:3855:choice:0,src/shoot.c,3855,choice:0,ON,ON,translated,
src/shoot.c:3855:choice:1,src/shoot.c,3855,choice:1,Disable,해제,translated,
src/shoot.c:3865:choice:0,src/shoot.c,3865,choice:0,ON,ON,translated,
src/shoot.c:3865:choice:1,src/shoot.c,3865,choice:1,Disable,해제,translated,
src/shoot.c:3912:choice:0,src/shoot.c,3912,choice:0,OFF,OFF,translated,
src/shoot.c:3912:choice:1,src/shoot.c,3912,choice:1,Zoom,확대,translated,
src/shoot.c:3912:choice:2,src/shoot.c,3912,choice:2,Shortcuts,바로가기,translated,
src/shoot.c:3920:choice:0,src/shoot.c,3920,choice:0,OFF,OFF,translated,
src/shoot.c:3920:choice:1,src/shoot.c,3920,choice:1,ON (!),ON (!),translated,
src/shoot.c:4087:choice:0,src/shoot.c,4087,choice:0,C 100/160x,C 100/160x,translated,
src/shoot.c:4087:choice:1,src/shoot.c,4087,choice:1,ML ISOs,ML ISO,translated,
src/shoot.c:4163:choice:0,src/shoot.c,4163,choice:0,OFF,OFF,translated,
src/shoot.c:4163:choice:1,src/shoot.c,4163,choice:1,"Av,ISO","Av,ISO",translated,
src/shoot.c:4163:choice:2,src/shoot.c,4163,choice:2,"ISO,Av","ISO,Av",translated,
src/shoot.c:4171:choice:0,src/shoot.c,4171,choice:0,OFF,OFF,translated,
src/shoot.c:4171:choice:1,src/shoot.c,4171,choice:1,"Tv,ISO","Tv,ISO",translated,
src/shoot.c:4171:choice:2,src/shoot.c,4171,choice:2,"ISO,Tv","ISO,Tv",translated,
src/shoot.c:4179:choice:0,src/shoot.c,4179,choice:0,OFF,OFF,translated,
src/shoot.c:4179:choice:1,src/shoot.c,4179,choice:1,"Tv,Av","Tv,Av",translated,
src/shoot.c:4179:choice:2,src/shoot.c,4179,choice:2,"Av,Tv","Av,Tv",translated,
src/shoot.c:4191:choice:0,src/shoot.c,4191,choice:0,OFF,OFF,translated,
src/shoot.c:4191:choice:1,src/shoot.c,4191,choice:1,Press SET,SET 누름,translated,
src/shoot.c:4191:choice:2,src/shoot.c,4191,choice:2,Press ,누름 ,translated,
src/tcc-gui.c:391:name,src/tcc-gui.c,391,name,Show script,스크립트 보기,translated,
src/tcc-gui.c:396:help,src/tcc-gui.c,396,help,Display the contents of the selected script.,선택한 스크립트의 내용을 표시합니다.,translated,
src/tcc-gui.c:399:name,src/tcc-gui.c,399,name,Run script,스크립트 실행,translated,
src/tcc-gui.c:402:help,src/tcc-gui.c,402,help,Execute the selected script.,선택한 스크립트를 실행합니다.,translated,
src/tcc-gui.c:405:help,src/tcc-gui.c,405,help,Script parameter #1,스크립트 매개변수 #1,translated,
src/tcc-gui.c:408:help,src/tcc-gui.c,408,help,Script parameter #2,스크립트 매개변수 #2,translated,
src/tcc-gui.c:411:help,src/tcc-gui.c,411,help,Script parameter #3,스크립트 매개변수 #3,translated,
src/tcc-gui.c:414:help,src/tcc-gui.c,414,help,Script parameter #4,스크립트 매개변수 #4,translated,
src/tcc-gui.c:417:help,src/tcc-gui.c,417,help,Script parameter #5,스크립트 매개변수 #5,translated,
src/tcc-gui.c:420:help,src/tcc-gui.c,420,help,Script parameter #6,스크립트 매개변수 #6,translated,
src/tcc-gui.c:423:help,src/tcc-gui.c,423,help,Script parameter #7,스크립트 매개변수 #7,translated,
src/tcc-gui.c:426:help,src/tcc-gui.c,426,help,Script parameter #8,스크립트 매개변수 #8,translated,
src/tcc-gui.c:429:help,src/tcc-gui.c,429,help,Script parameter #9,스크립트 매개변수 #9,translated,
src/tcc-gui.c:439:name,src/tcc-gui.c,439,name,PicoC scripts...,PicoC 스크립트...,translated,
src/tcc-gui.c:441:help,src/tcc-gui.c,441,help,Run small C-like scripts. http://code.google.com/p/picoc/,간단한 C 유사 스크립트를 실행합니다. http://code.google.com/p/picoc/,translated,
src/tcc-gui.c:444:name,src/tcc-gui.c,444,name,Select script,스크립트 선택,translated,
src/tcc-gui.c:448:help,src/tcc-gui.c,448,help,Place your scripts under ML/SCRIPTS directory.,스크립트를 ML/SCRIPTS 폴더에 넣어두세요.,translated,
src/tcc-gui.c:451:name,src/tcc-gui.c,451,name,Show script,스크립트 보기,translated,
src/tcc-gui.c:456:help,src/tcc-gui.c,456,help,Display the contents of the selected script.,선택한 스크립트의 내용을 표시합니다.,translated,
src/tcc-gui.c:459:name,src/tcc-gui.c,459,name,Run script,스크립트 실행,translated,
src/tcc-gui.c:462:help,src/tcc-gui.c,462,help,Execute the selected script.,선택한 스크립트를 실행합니다.,translated,
src/tcc-gui.c:479:help,src/tcc-gui.c,479,help,"Run C scripts with TinyCC, http://bellard.org/tcc/.",TinyCC로 C 스크립트를 실행합니다. http://bellard.org/tcc/.,translated,
src/tcc-gui.c:480:help2,src/tcc-gui.c,480,help2,PLAY: quick start.,PLAY: 빠른 시작.,translated,
src/tweaks-eyefi.c:152:name,src/tweaks-eyefi.c,152,name,EyeFi Trick,EyeFi 트릭,translated,
src/tweaks-eyefi.c:154:help,src/tweaks-eyefi.c,154,help,Rename CR2 files to AVI (trick for EyeFi cards).,CR2 파일을 AVI로 이름 변경 (EyeFi 카드용 트릭).,translated,
src/tweaks-eyefi.c:157:name,src/tweaks-eyefi.c,157,name,Rename CR2 to AVI,CR2를 AVI로 변경,translated,
src/tweaks-eyefi.c:159:help,src/tweaks-eyefi.c,159,help,Rename CR2 files to AVI (trick for EyeFi cards).,CR2 파일을 AVI로 이름 변경 (EyeFi 카드용 트릭).,translated,
src/tweaks-eyefi.c:162:name,src/tweaks-eyefi.c,162,name,Rename AVI to CR2,AVI를 CR2로 변경,translated,
src/tweaks-eyefi.c:164:help,src/tweaks-eyefi.c,164,help,Rename back AVI files to CR2 (trick for EyeFi cards).,AVI 파일을 다시 CR2로 이름 변경 (EyeFi 카드용 트릭).,translated,
src/tweaks-eyefi.c:168:name,src/tweaks-eyefi.c,168,name,Rename 422 to MP4,422를 MP4로 변경,translated,
src/tweaks-eyefi.c:170:help,src/tweaks-eyefi.c,170,help,Rename 422 files to MP4 (trick for EyeFi cards).,422 파일을 MP4로 이름 변경 (EyeFi 카드용 트릭).,translated,
src/tweaks-eyefi.c:173:name,src/tweaks-eyefi.c,173,name,Rename MP4 to 422,MP4를 422로 변경,translated,
src/tweaks-eyefi.c:175:help,src/tweaks-eyefi.c,175,help,Rename back MP4 files to 422 (trick for EyeFi cards).,MP4 파일을 다시 422로 이름 변경 (EyeFi 카드용 트릭).,translated,
src/tweaks.c:1997:name,src/tweaks.c,1997,name,Focus box settings,초점 박스 설정,translated,
src/tweaks.c:2000:help,src/tweaks.c,2000,help,"Tweaks for LiveView focus box: move faster, snap to points.","라이브 뷰 초점 박스 조정: 더 빠르게 이동, 지점에 스냅.",translated,
src/tweaks.c:2005:name,src/tweaks.c,2005,name,Speed,속도,translated,
src/tweaks.c:2010:help,src/tweaks.c,2010,help,Move the focus box faster (in LiveView).,라이브 뷰에서 초점 박스를 더 빠르게 이동합니다.,translated,
src/tweaks.c:2015:name,src/tweaks.c,2015,name,Snap points,스냅 지점,translated,
src/tweaks.c:2030:help,src/tweaks.c,2030,help,Snap the focus box to preset points (press CENTER key),초점 박스를 미리 설정된 지점에 맞춥니다(CENTER 키),translated,
src/tweaks.c:2035:name,src/tweaks.c,2035,name,Display,표시,translated,
src/tweaks.c:2039:help,src/tweaks.c,2039,help,You can hide the focus box (the little white rectangle).,초점 박스(작은 흰색 사각형)를 숨길 수 있습니다.,translated,
src/tweaks.c:2050:name,src/tweaks.c,2050,name,Arrow/SET shortcuts,방향키/SET 단축키,translated,
src/tweaks.c:2054:help,src/tweaks.c,2054,help,Choose functions for arrows keys. Toggle w. ,방향키에 기능을 지정합니다. 전환: ,translated,
src/tweaks.c:2063:name,src/tweaks.c,2063,name,Audio Gain,오디오 게인,translated,
src/tweaks.c:2066:help,src/tweaks.c,2066,help,LEFT/RIGHT: input gain. UP/DOWN: output gain. SET: Input.,좌/우: 입력 게인. 상/하: 출력 게인. SET: 입력.,translated,
src/tweaks.c:2070:name,src/tweaks.c,2070,name,ISO/Kelvin,ISO/켈빈,translated,
src/tweaks.c:2073:help,src/tweaks.c,2073,help,LEFT/RIGHT: ISO. UP/DN: Kelvin white balance. SET: PushWB.,좌/우: ISO. 상/하: 켈빈 화이트 밸런스. SET: PushWB.,translated,
src/tweaks.c:2076:name,src/tweaks.c,2076,name,Shutter/Aperture,셔터/조리개,translated,
src/tweaks.c:2079:help,src/tweaks.c,2079,help,LEFT/RIGHT: Shutter. UP/DN: Aperture.  SET: 180d shutter.,좌/우: 셔터. 상/하: 조리개.  SET: 180도 셔터.,translated,
src/tweaks.c:2082:name,src/tweaks.c,2082,name,LCD Bright/Saturation,LCD 밝기/채도,translated,
src/tweaks.c:2085:help,src/tweaks.c,2085,help,LEFT/RIGHT: LCD bright. UP/DN: LCD saturation. SET: reset.,좌/우: LCD 밝기. 상/하: LCD 채도. SET: 초기화.,translated,
src/tweaks.c:2088:name,src/tweaks.c,2088,name,Use SET button,SET 버튼 사용,translated,
src/tweaks.c:2091:help,src/tweaks.c,2091,help,Enables functions for SET when you use arrow shortcuts.,방향키 단축키 사용 시 SET 버튼 기능이 활성화됩니다.,translated,
src/tweaks.c:2100:name,src/tweaks.c,2100,name,Misc key settings,기타 키 설정,translated,
src/tweaks.c:2103:help,src/tweaks.c,2103,help,Misc options related to shortcut keys.,단축키 관련 기타 옵션입니다.,translated,
src/tweaks.c:2107:name,src/tweaks.c,2107,name,LCD Sensor Shortcuts,LCD 센서 단축키,translated,
src/tweaks.c:2111:help,src/tweaks.c,2111,help,Use the LCD face sensor as an extra key in ML.,LCD 얼굴 센서를 ML의 추가 키로 사용합니다.,translated,
src/tweaks.c:2116:name,src/tweaks.c,2116,name,Sticky DOF Preview,DOF 미리보기 고정,translated,
src/tweaks.c:2119:help,src/tweaks.c,2119,help,Makes the DOF preview button sticky (press to toggle).,DOF 미리보기 버튼을 고정형으로 만듭니다(눌러서 전환).,translated,
src/tweaks.c:2124:name,src/tweaks.c,2124,name,Sticky HalfShutter,반셔터 고정,translated,
src/tweaks.c:2127:help,src/tweaks.c,2127,help,Makes the half-shutter button sticky (press to toggle).,반셔터 버튼을 고정형으로 만듭니다(눌러서 전환).,translated,
src/tweaks.c:2132:name,src/tweaks.c,2132,name,Swap MENU <--> ERASE,MENU <-> ERASE 교체,translated,
src/tweaks.c:2135:help,src/tweaks.c,2135,help,Swaps MENU and ERASE buttons.,MENU와 ERASE 버튼을 서로 바꿉니다.,translated,
src/tweaks.c:2140:name,src/tweaks.c,2140,name,Swap INFO <--> PLAY,INFO <-> PLAY 교체,translated,
src/tweaks.c:2143:help,src/tweaks.c,2143,help,Swaps INFO and PLAY buttons.,INFO와 PLAY 버튼을 서로 바꿉니다.,translated,
src/tweaks.c:2148:name,src/tweaks.c,2148,name,DigitalZoom Shortcut,디지털 줌 단축키,translated,
src/tweaks.c:2152:help,src/tweaks.c,2152,help,Movie: DISP + Zoom In toggles between 1x and 3x modes.,동영상: DISP+확대 버튼으로 1배/3배를 전환합니다.,translated,
src/tweaks.c:2164:name,src/tweaks.c,2164,name,Warning for bad settings,잘못된 설정 경고,translated,
src/tweaks.c:2167:help,src/tweaks.c,2167,help,Warn if some of your settings are changed by mistake.,설정이 실수로 변경되면 경고합니다.,translated,
src/tweaks.c:2171:name,src/tweaks.c,2171,name,Mode warning,모드 경고,translated,
src/tweaks.c:2176:help,src/tweaks.c,2176,help,Warn if you turn the mode dial to some other position.,모드 다이얼이 다른 위치로 돌아가면 경고합니다.,translated,
src/tweaks.c:2179:name,src/tweaks.c,2179,name,Quality warning,화질 경고,translated,
src/tweaks.c:2183:help,src/tweaks.c,2183,help,Warn if you change the picture quality to something else.,사진 화질이 변경되면 경고합니다.,translated,
src/tweaks.c:2186:name,src/tweaks.c,2186,name,ALO warning,ALO 경고,translated,
src/tweaks.c:2190:help,src/tweaks.c,2190,help,Warn if you enable ALO by mistake.,ALO가 실수로 켜지면 경고합니다.,translated,
src/tweaks.c:2193:name,src/tweaks.c,2193,name,WB warning,화이트 밸런스 경고,translated,
src/tweaks.c:2197:help,src/tweaks.c,2197,help,Warn if you disable AWB by mistake.,AWB가 실수로 꺼지면 경고합니다.,translated,
src/tweaks.c:2200:name,src/tweaks.c,2200,name,AF/MF warning,AF/MF 경고,translated,
src/tweaks.c:2204:help,src/tweaks.c,2204,help,Warn on Manual / Automatic Focus,수동/자동 초점 전환 시 경고,translated,
src/tweaks.c:2207:name,src/tweaks.c,2207,name,Warning message,경고 메시지,translated,
src/tweaks.c:2217:help,src/tweaks.c,2217,help,"Warn type, LED, Messagebox, Beep","경고 방식: LED, 메시지창, 알림음",translated,
src/tweaks.c:2323:name,src/tweaks.c,2323,name,LV Display,라이브 뷰 표시,translated,
src/tweaks.c:2327:help,src/tweaks.c,2327,help,Exposure simulation (LiveView display type).,노출 시뮬레이션(라이브 뷰 표시 방식).,translated,
src/tweaks.c:2329:name,src/tweaks.c,2329,name,ExpSim,노출 시뮬레이션,translated,
src/tweaks.c:2331:help,src/tweaks.c,2331,help,Exposure simulation.,노출 시뮬레이션.,translated,
src/tweaks.c:3438:name,src/tweaks.c,3438,name,LV DIGIC peaking,LV DIGIC 피킹,translated,
src/tweaks.c:3448:help,src/tweaks.c,3448,help,Focus peaking via DIGIC. No CPU usage!,DIGIC 기반 초점 피킹. CPU 사용 없음!,translated,
src/tweaks.c:3454:name,src/tweaks.c,3454,name,LV brightness,라이브 뷰 밝기,translated,
src/tweaks.c:3457:help,src/tweaks.c,3457,help,For LiveView preview only. Does not affect recording.,"라이브 뷰 미리보기에만 적용, 녹화에는 영향 없음.",translated,
src/tweaks.c:3465:name,src/tweaks.c,3465,name,LV contrast,라이브 뷰 대비,translated,
src/tweaks.c:3470:help,src/tweaks.c,3470,help,For LiveView preview only. Does not affect recording.,"라이브 뷰 미리보기에만 적용, 녹화에는 영향 없음.",translated,
src/tweaks.c:3479:name,src/tweaks.c,3479,name,LV saturation,라이브 뷰 채도,translated,
src/tweaks.c:3484:help,src/tweaks.c,3484,help,For LiveView preview only. Does not affect recording.,"라이브 뷰 미리보기에만 적용, 녹화에는 영향 없음.",translated,
src/tweaks.c:3485:help2,src/tweaks.c,3485,help2, \n, \n,translated,
src/tweaks.c:3499:name,src/tweaks.c,3499,name,Boost when adjusting WB,WB 조정 시 채도 강조,translated,
src/tweaks.c:3502:help,src/tweaks.c,3502,help,Increase LiveView saturation when adjusting white balance.,화이트 밸런스 조정 시 라이브 뷰 채도를 높입니다.,translated,
src/tweaks.c:3510:name,src/tweaks.c,3510,name,LV display gain,라이브 뷰 디스플레이 게인,translated,
src/tweaks.c:3517:help,src/tweaks.c,3517,help,Makes LiveView usable in complete darkness (photo mode).,완전한 어둠 속에서도 라이브 뷰를 사용할 수 있게 합니다(사진 모드).,translated,
src/tweaks.c:3518:help2,src/tweaks.c,3518,help2,"Tip: if it gets really dark, also enable FPS override.",팁: 너무 어두우면 FPS 우선 설정도 켜세요.,translated,
src/tweaks.c:3525:name,src/tweaks.c,3525,name,Clear overlays,오버레이 지우기,translated,
src/tweaks.c:3530:help,src/tweaks.c,3530,help,Clear bitmap overlays from LiveView display.,라이브 뷰 화면에서 비트맵 오버레이를 지웁니다.,translated,
src/tweaks.c:3535:name,src/tweaks.c,3535,name,Mode,모드,translated,
src/tweaks.c:3538:help,src/tweaks.c,3538,help,Clear screen when you hold shutter halfway or when idle.,반셔터를 누르거나 대기 중일 때 화면을 지웁니다.,translated,
src/tweaks.c:3550:name,src/tweaks.c,3550,name,Defishing,어안 보정,translated,
src/tweaks.c:3557:help,src/tweaks.c,3557,help,Preview straightened images from fisheye lenses. LV+PLAY.,어안 렌즈 이미지를 펴서 미리 봅니다. LV+PLAY.,translated,
src/tweaks.c:3561:name,src/tweaks.c,3561,name,Projection,투영 방식,translated,
src/tweaks.c:3566:help,src/tweaks.c,3566,help,Projection used for defishing (Rectilinear or Panini).,어안 보정에 쓸 투영 방식(직선형 또는 파니니).,translated,
src/tweaks.c:3579:name,src/tweaks.c,3579,name,Anamorphic,아나모픽,translated,
src/tweaks.c:3584:help,src/tweaks.c,3584,help,"Stretches LiveView image vertically, for anamorphic lenses.",아나모픽 렌즈용으로 라이브 뷰 화면을 세로로 늘립니다.,translated,
src/tweaks.c:3589:name,src/tweaks.c,3589,name,Stretch Ratio,늘림 비율,translated,
src/tweaks.c:3593:help,src/tweaks.c,3593,help,Aspect ratio used for anamorphic preview correction.,아나모픽 미리보기 보정에 쓸 화면 비율.,translated,
src/tweaks.c:3601:name,src/tweaks.c,3601,name,Advanced settings,고급 설정,translated,
src/tweaks.c:3604:help,src/tweaks.c,3604,help,"Screen orientation, position fine-tuning...","화면 방향, 위치 미세 조정 등...",translated,
src/tweaks.c:3608:name,src/tweaks.c,3608,name,Kill Canon GUI,Canon GUI 끄기,translated,
src/tweaks.c:3613:help,src/tweaks.c,3613,help,Workarounds for disabling Canon graphics elements.,Canon 그래픽 요소를 끄는 방법입니다.,translated,
src/tweaks.c:3618:name,src/tweaks.c,3618,name,Screen Layout,화면 레이아웃,translated,
src/tweaks.c:3634:help,src/tweaks.c,3634,help,"Position of top/bottom bars, useful for external displays.",상단/하단 바 위치(외부 디스플레이에 유용).,translated,
src/tweaks.c:3640:name,src/tweaks.c,3640,name,Color scheme,색상 테마,translated,
src/tweaks.c:3644:help,src/tweaks.c,3644,help,"Color scheme for bitmap overlays (ML menus, Canon menus...)","비트맵 오버레이 색상 테마(ML 메뉴, Canon 메뉴 등)",translated,
src/tweaks.c:3650:name,src/tweaks.c,3650,name,Image position,이미지 위치,translated,
src/tweaks.c:3656:help,src/tweaks.c,3656,help,May make the image easier to see from difficult angles.,보기 힘든 각도에서도 화면을 더 쉽게 볼 수 있습니다.,translated,
src/tweaks.c:3661:name,src/tweaks.c,3661,name,UpsideDown mode,상하 반전 모드,translated,
src/tweaks.c:3664:help,src/tweaks.c,3664,help,Displays overlay graphics upside-down and flips arrow keys.,오버레이 그래픽을 거꾸로 표시하고 방향키를 반전시킵니다.,translated,
src/tweaks.c:3669:name,src/tweaks.c,3669,name,Orientation,화면 방향,translated,
src/tweaks.c:3674:help,src/tweaks.c,3674,help,Display + LiveView orientation: Normal / Reverse / Mirror.,디스플레이+라이브 뷰 방향: 정상/반전/미러.,translated,
src/tweaks.c:3679:name,src/tweaks.c,3679,name,Auto Mirroring,자동 미러링,translated,
src/tweaks.c:3683:help,src/tweaks.c,3683,help,"Prevents display mirroring, which may reverse ML texts.",디스플레이 미러링을 방지합니다(ML 텍스트가 반전될 수 있음).,translated,
src/tweaks.c:3689:name,src/tweaks.c,3689,name,LV crazy colors,라이브 뷰 특수 컬러,translated,
src/tweaks.c:3697:help,src/tweaks.c,3697,help,Crazy color effects that may help with white balance.,화이트 밸런스에 도움이 되는 특수 색상 효과입니다.,translated,
src/tweaks.c:3698:help2,src/tweaks.c,3698,help2,For LiveView preview only. Does not affect recording.\n,"라이브 뷰 미리보기에만 적용, 녹화에는 영향 없음.\n",translated,
src/tweaks.c:3708:name,src/tweaks.c,3708,name,Display Shake,화면 흔들림 효과,translated,
src/tweaks.c:3711:help,src/tweaks.c,3711,help,Emphasizes camera shake on LiveView display.,라이브 뷰 화면에서 카메라 흔들림을 강조합니다.,translated,
src/tweaks.c:3717:name,src/tweaks.c,3717,name,Force HDMI-VGA,HDMI-VGA 강제 적용,translated,
src/tweaks.c:3720:help,src/tweaks.c,3720,help,Force low resolution (720x480) on HDMI displays.,HDMI 디스플레이에 저해상도(720x480)를 강제 적용합니다.,translated,
src/tweaks.c:3733:name,src/tweaks.c,3733,name,Image review settings,이미지 리뷰 설정,translated,
src/tweaks.c:3736:help,src/tweaks.c,3736,help,Options for PLAY (image review) mode.,PLAY(이미지 리뷰) 모드 옵션입니다.,translated,
src/tweaks.c:3741:name,src/tweaks.c,3741,name,Play mode actions,재생 모드 동작,translated,
src/tweaks.c:3742:help,src/tweaks.c,3742,help,Several helpful image actions you can trigger in PLAY mode.,PLAY 모드에서 실행할 수 있는 유용한 이미지 동작들입니다.,translated,
src/tweaks.c:3748:name,src/tweaks.c,3748,name,Action type,동작 유형,translated,
src/tweaks.c:3752:help,src/tweaks.c,3752,help,Chose the action type to perform when triggered.,실행할 동작 유형을 선택합니다.,translated,
src/tweaks.c:3757:name,src/tweaks.c,3757,name,Trigger key(s),실행 키,translated,
src/tweaks.c:3761:help,src/tweaks.c,3761,help,Use Av+MainDial together to perform selected action.,Av+메인 다이얼을 함께 사용해 선택한 동작을 실행합니다.,translated,
src/tweaks.c:3766:name,src/tweaks.c,3766,name,Trigger key(s),실행 키,translated,
src/tweaks.c:3770:help,src/tweaks.c,3770,help,Either use a key combination and/or just an easier single keystroke.,키 조합을 사용하거나 더 간단한 단일 키를 사용할 수 있습니다.,translated,
src/tweaks.c:3780:name,src/tweaks.c,3780,name,Image Review,이미지 리뷰,translated,
src/tweaks.c:3784:help,src/tweaks.c,3784,help,"When you set \""ImageReview: Hold\"", it will go to Play mode.","""이미지 리뷰: Hold""로 설정하면 재생 모드로 전환됩니다.",translated,
src/tweaks.c:3790:name,src/tweaks.c,3790,name,Quick Zoom,빠른 확대,translated,
src/tweaks.c:3794:help,src/tweaks.c,3794,help,"Faster zoom in Play mode, for pixel peeping :)",재생 모드에서 더 빠르게 확대합니다(픽셀 단위 확인용 :)),translated,
src/tweaks.c:3801:name,src/tweaks.c,3801,name,Remember last Zoom pos,마지막 확대 위치 기억,translated,
src/tweaks.c:3804:help,src/tweaks.c,3804,help,Remember last Zoom position in playback mode.,재생 모드에서 마지막 확대 위치를 기억합니다.,translated,
src/tweaks.c:3810:name,src/tweaks.c,3810,name,LV button,라이브 뷰 버튼,translated,
src/tweaks.c:3816:help,src/tweaks.c,3816,help,You may use the LiveView button to protect or rate images.,라이브 뷰 버튼으로 이미지를 보호하거나 평점을 매길 수 있습니다.,translated,
src/tweaks.c:3818:help2,src/tweaks.c,3818,help2,Also up/down keys/joystick work as +/- rating if zoomed out.,축소 상태에서는 상/하 키·조이스틱으로도 평점을 +/- 조절할 수 있습니다.,translated,
src/tweaks.c:3823:help,src/tweaks.c,3823,help,You may use the LiveView button to protect images quickly.,라이브 뷰 버튼으로 이미지를 빠르게 보호할 수 있습니다.,translated,
src/tweaks.c:3832:name,src/tweaks.c,3832,name,Quick Erase,빠른 삭제,translated,
src/tweaks.c:3836:help,src/tweaks.c,3836,help,Delete files quickly with fewer keystrokes (be careful!!!),더 적은 키 입력으로 파일을 빠르게 삭제합니다(주의!!!),translated,
src/tweaks.c:3839:help,src/tweaks.c,3839,help,Delete files quickly with SET+Erase (be careful!!!),SET+Erase로 파일을 빠르게 삭제합니다(주의!!!),translated,
src/tweaks.c:3860:name,src/tweaks.c,3860,name,Saturation,채도,translated,
src/tweaks.c:3866:help,src/tweaks.c,3866,help,For preview only - adjust display saturation.,미리보기 전용 - 화면 채도를 조정합니다.,translated,
src/tweaks.c:3870:name,src/tweaks.c,3870,name,Image Review,이미지 리뷰,translated,
src/tweaks.c:3874:help,src/tweaks.c,3874,help,"When you set \""ImageReview: Hold\"", it will go to Play mode.","""이미지 리뷰: Hold""로 설정하면 재생 모드로 전환됩니다.",translated,
src/tweaks.c:3878:name,src/tweaks.c,3878,name,Quick Zoom,빠른 확대,translated,
src/tweaks.c:3882:help,src/tweaks.c,3882,help,"Faster zoom in Play mode, for pixel peeping :)",재생 모드에서 더 빠르게 확대합니다(픽셀 단위 확인용 :)),translated,
src/tweaks.c:3887:name,src/tweaks.c,3887,name,Quick Erase,빠른 삭제,translated,
src/tweaks.c:3890:help,src/tweaks.c,3890,help,Delete files quickly with fewer keystrokes (be careful!!!),더 적은 키 입력으로 파일을 빠르게 삭제합니다(주의!!!),translated,
src/tweaks.c:3893:name,src/tweaks.c,3893,name,SET+MainDial,SET+메인 다이얼,translated,
src/tweaks.c:3898:help,src/tweaks.c,3898,help,What to do when you press SET and turn the scrollwheel.,SET을 누른 채 다이얼을 돌릴 때 실행할 동작입니다.,translated,
src/tweaks.c:3515:choice:0,src/tweaks.c,3515,choice:0,OFF,끔,translated,
src/tweaks.c:3515:choice:1,src/tweaks.c,3515,choice:1,1 EV,1 EV,translated,
src/tweaks.c:3515:choice:2,src/tweaks.c,3515,choice:2,2 EV,2 EV,translated,
src/tweaks.c:3515:choice:3,src/tweaks.c,3515,choice:3,3 EV,3 EV,translated,
src/tweaks.c:3515:choice:4,src/tweaks.c,3515,choice:4,4 EV,4 EV,translated,
src/tweaks.c:3515:choice:5,src/tweaks.c,3515,choice:5,5 EV,5 EV,translated,
src/tweaks.c:3515:choice:6,src/tweaks.c,3515,choice:6,6 EV,6 EV,translated,
src/tweaks.c:3611:choice:0,src/tweaks.c,3611,choice:0,OFF,끔,translated,
src/tweaks.c:3611:choice:1,src/tweaks.c,3611,choice:1,Idle/Menus,대기/메뉴,translated,
src/tweaks.c:3611:choice:2,src/tweaks.c,3611,choice:2,Idle/Menus+Keys,대기/메뉴+키,translated,
src/tweaks.c:3623:choice:0,src/tweaks.c,3623,choice:0,"4:3 display,auto","4:3 화면,자동",translated,
src/tweaks.c:3623:choice:1,src/tweaks.c,3623,choice:1,"3:2 display,t/b","3:2 화면,상/하",translated,
src/tweaks.c:3623:choice:2,src/tweaks.c,3623,choice:2,"16:10 HDMI,t/b","16:10 HDMI,상/하",translated,
src/tweaks.c:3623:choice:3,src/tweaks.c,3623,choice:3,"16:9  HDMI,t/b","16:9  HDMI,상/하",translated,
src/tweaks.c:3623:choice:4,src/tweaks.c,3623,choice:4,"Bottom,under 3:2","하단,3:2 아래",translated,
src/tweaks.c:3623:choice:5,src/tweaks.c,3623,choice:5,"Bottom,under16:9","하단,16:9 아래",translated,
src/vectorscope.c:289:name,src/vectorscope.c,289,name,Vectorscope,벡터스코프,translated,
src/vectorscope.c:293:help,src/vectorscope.c,293,help,Shows color distribution as U-V plot. For grading & WB.,U-V 플롯으로 색 분포를 표시합니다. 색보정 및 화이트 밸런스에 활용.,translated,
src/vectorscope.c:297:name,src/vectorscope.c,297,name,UV scaling,UV 스케일링,translated,
src/vectorscope.c:301:help,src/vectorscope.c,301,help,Scaling for input signal (useful with flat picture styles).,입력 신호의 스케일 조정(플랫 픽처 스타일에 유용).,translated,
src/video_hacks.c:132:name,src/video_hacks.c,132,name,Video Hacks,비디오 핵,translated,
src/video_hacks.c:135:help,src/video_hacks.c,135,help,"Experimental hacks: flush rate, GOP size. Be careful!","실험적 기능: 플러시 속도, GOP 크기. 주의해서 사용하세요!",translated,
src/video_hacks.c:139:name,src/video_hacks.c,139,name,Flush rate,플러시 속도,translated,
src/video_hacks.c:144:help,src/video_hacks.c,144,help,Flush movie buffer every n frames.,n프레임마다 동영상 버퍼를 플러시합니다.,translated,
src/video_hacks.c:147:name,src/video_hacks.c,147,name,GOP size,GOP 크기,translated,
src/video_hacks.c:152:help,src/video_hacks.c,152,help,Set GOP size to n frames.,GOP 크기를 n프레임으로 설정합니다.,translated,
src/zebra-5dc.c:1707:name,src/zebra-5dc.c,1707,name,Show Overlay,오버레이 표시,translated,
src/zebra-5dc.c:1712:help,src/zebra-5dc.c,1712,help,"When to display ML overlay graphics (zebra, histogram...)","ML 오버레이(젭라, 히스토그램 등) 표시 시점",translated,
src/zebra-5dc.c:1716:name,src/zebra-5dc.c,1716,name,Zebras,젭라,translated,
src/zebra-5dc.c:1720:help,src/zebra-5dc.c,1720,help,Zebra stripes: show overexposed or underexposed areas.,젭라 무늬로 과다/과소 노출 영역을 표시합니다.,translated,
src/zebra-5dc.c:1724:name,src/zebra-5dc.c,1724,name,Color space,색 공간,translated,
src/zebra-5dc.c:1729:help,src/zebra-5dc.c,1729,help,Luma: red/blue. RGB: color is reverse of clipped channel.,루마: 빨강/파랑. RGB: 클리핑된 채널의 반대색으로 표시.,translated,
src/zebra-5dc.c:1732:name,src/zebra-5dc.c,1732,name,Underexposure,노출 부족,translated,
src/zebra-5dc.c:1737:help,src/zebra-5dc.c,1737,help,Underexposure threshold.,노출 부족 임계값.,translated,
src/zebra-5dc.c:1740:name,src/zebra-5dc.c,1740,name,Overexposure,노출 과다,translated,
src/zebra-5dc.c:1745:help,src/zebra-5dc.c,1745,help,Overexposure threshold.,노출 과다 임계값.,translated,
src/zebra-5dc.c:1751:name,src/zebra-5dc.c,1751,name,Focus Peak,포커스 피킹,translated,
src/zebra-5dc.c:1755:help,src/zebra-5dc.c,1755,help,Show which parts of the image are in focus.,초점이 맞은 부분을 표시합니다.,translated,
src/zebra-5dc.c:1760:name,src/zebra-5dc.c,1760,name,Filter bias,필터 편향,translated,
src/zebra-5dc.c:1764:help,src/zebra-5dc.c,1764,help,Balance fine texture details vs strong high-contrast edges.,세밀한 질감과 고대비 경계의 균형 조정.,translated,
src/zebra-5dc.c:1768:name,src/zebra-5dc.c,1768,name,Threshold,임계값,translated,
src/zebra-5dc.c:1771:help,src/zebra-5dc.c,1771,help,How many pixels are considered in focus (percentage).,초점으로 간주할 픽셀 비율(%).,translated,
src/zebra-5dc.c:1775:name,src/zebra-5dc.c,1775,name,Color,색상,translated,
src/zebra-5dc.c:1779:help,src/zebra-5dc.c,1779,help,Focus peaking color (fixed or color coding).,포커스 피킹 색상(고정 또는 색상 코딩).,translated,
src/zebra-5dc.c:1783:name,src/zebra-5dc.c,1783,name,Grayscale img.,흑백 이미지,translated,
src/zebra-5dc.c:1786:help,src/zebra-5dc.c,1786,help,Display the image in grayscale.,이미지를 흑백으로 표시합니다.,translated,
src/zebra-5dc.c:1791:name,src/zebra-5dc.c,1791,name,Debug mode,디버그 모드,translated,
src/zebra-5dc.c:1792:help,src/zebra-5dc.c,1792,help,Displays raw contrast image (grayscale).,원본 대비 이미지(흑백)를 표시합니다.,translated,
src/zebra-5dc.c:1798:name,src/zebra-5dc.c,1798,name,Spotmeter,스팟미터,translated,
src/zebra-5dc.c:1802:help,src/zebra-5dc.c,1802,help,Exposure aid: display brightness from a small spot.,노출 보조: 작은 지점의 밝기를 표시합니다.,translated,
src/zebra-5dc.c:1806:name,src/zebra-5dc.c,1806,name,Spotmeter Unit,스팟미터 단위,translated,
src/zebra-5dc.c:1811:help,src/zebra-5dc.c,1811,help,Measurement unit for brightness level(s).,밝기 값의 측정 단위.,translated,
src/zebra-5dc.c:1818:name,src/zebra-5dc.c,1818,name,False color,폴스 컬러,translated,
src/zebra-5dc.c:1822:help,src/zebra-5dc.c,1822,help,Exposure aid: each brightness level is color-coded.,노출 보조: 밝기 단계별로 색상 표시.,translated,
src/zebra-5dc.c:1826:name,src/zebra-5dc.c,1826,name,Palette,팔레트,translated,
src/zebra-5dc.c:1831:help,src/zebra-5dc.c,1831,help,"False color palettes for exposure, banding, green screen...","노출, 밴딩, 그린 스크린 등을 위한 폴스 컬러 팔레트",translated,
src/zebra-5dc.c:1838:name,src/zebra-5dc.c,1838,name,Histo/Wavefm,히스토/파형,translated,
src/zebra-5dc.c:1843:help,src/zebra-5dc.c,1843,help,Histogram [SET] and Waveform [Q] for evaluating exposure.,노출 확인용 히스토그램[SET]과 파형[Q].,translated,
src/zebra-5dc.c:1848:name,src/zebra-5dc.c,1848,name,Histogram,히스토그램,translated,
src/zebra-5dc.c:1852:help,src/zebra-5dc.c,1852,help,Exposure aid: shows the distribution of brightness levels.,노출 보조: 밝기 단계의 분포를 표시합니다.,translated,
src/zebra-5dc.c:1856:name,src/zebra-5dc.c,1856,name,Color space,색 공간,translated,
src/zebra-5dc.c:1861:help,src/zebra-5dc.c,1861,help,Color space for histogram: Luma channel (YUV) / RGB.,히스토그램 색 공간: 루마 채널(YUV) / RGB.,translated,
src/zebra-5dc.c:1864:name,src/zebra-5dc.c,1864,name,Scaling,스케일,translated,
src/zebra-5dc.c:1868:help,src/zebra-5dc.c,1868,help,Linear or logarithmic histogram.,선형 또는 로그 스케일 히스토그램.,translated,
src/zebra-5dc.c:1872:name,src/zebra-5dc.c,1872,name,Clip warning,클리핑 경고,translated,
src/zebra-5dc.c:1876:help,src/zebra-5dc.c,1876,help,Display warning dots when one color channel is clipped.,색 채널이 클리핑되면 경고 점을 표시합니다.,translated,
src/zebra-5dc.c:1882:name,src/zebra-5dc.c,1882,name,Waveform,파형,translated,
src/zebra-5dc.c:1886:help,src/zebra-5dc.c,1886,help,Exposure aid: useful for checking overall brightness.,노출 보조: 전체 밝기 확인에 유용합니다.,translated,
src/zebra-5dc.c:1889:name,src/zebra-5dc.c,1889,name,Size,크기,translated,
src/zebra-5dc.c:1894:help,src/zebra-5dc.c,1894,help,Waveform size: Small / Large / FullScreen.,파형 크기: 작게 / 크게 / 전체 화면.,translated,
src/zebra-5dc.c:1901:name,src/zebra-5dc.c,1901,name,Vectorscope,벡터스코프,translated,
src/zebra-5dc.c:1905:help,src/zebra-5dc.c,1905,help,Shows color distribution as U-V plot. For grading & WB.,U-V 플롯으로 색 분포를 표시합니다. 색보정 및 화이트 밸런스에 활용.,translated,
src/zebra.c:2683:name,src/zebra.c,2683,name,Global Draw,전체 표시,translated,
src/zebra.c:2694:help,src/zebra.c,2694,help,"Enable/disable ML overlay graphics (zebra, cropmarks...)","ML 오버레이 그래픽 켜기/끄기 (젭라, 크롭마크 등)",translated,
src/zebra.c:2700:name,src/zebra.c,2700,name,Zebras,젭라,translated,
src/zebra.c:2704:help,src/zebra.c,2704,help,Zebra stripes: show overexposed or underexposed areas.,젭라 무늬: 노출 과다/부족 영역을 표시합니다.,translated,
src/zebra.c:2708:name,src/zebra.c,2708,name,Color Space,색 공간,translated,
src/zebra.c:2718:help,src/zebra.c,2718,help,Luma: red/blue. RGB: show color of the clipped channel(s).,Luma: 빨강/파랑. RGB: 클리핑된 채널의 색상 표시.,translated,
src/zebra.c:2721:name,src/zebra.c,2721,name,Underexposure,노출 부족,translated,
src/zebra.c:2727:help,src/zebra.c,2727,help,Underexposure threshold.,노출 부족 임계값.,translated,
src/zebra.c:2730:name,src/zebra.c,2730,name,Overexposure,노출 과다,translated,
src/zebra.c:2736:help,src/zebra.c,2736,help,Overexposure threshold.,노출 과다 임계값.,translated,
src/zebra.c:2740:name,src/zebra.c,2740,name,When recording,녹화 중,translated,
src/zebra.c:2744:help,src/zebra.c,2744,help,You can hide zebras when recording.,녹화 중 젭라를 숨길 수 있습니다.,translated,
src/zebra.c:2749:name,src/zebra.c,2749,name,Use RAW zebras,RAW 젭라 사용,translated,
src/zebra.c:2754:help,src/zebra.c,2754,help,Use RAW zebras if possible.,가능하면 RAW 젭라를 사용합니다.,translated,
src/zebra.c:2757:name,src/zebra.c,2757,name,Raw zebra underexposure,RAW 젭라 노출 부족,translated,
src/zebra.c:2761:help,src/zebra.c,2761,help,RAW zebra underexposure threshold,RAW 젭라 노출 부족 임계값,translated,
src/zebra.c:2762:help2,src/zebra.c,2762,help2,(in EVs above the noise floor),(노이즈 바닥 위 EV 단위),translated,
src/zebra.c:2778:name,src/zebra.c,2778,name,Focus Peak,포커스 피킹,translated,
src/zebra.c:2782:help,src/zebra.c,2782,help,Show which parts of the image are in focus.,초점이 맞은 부분을 표시합니다.,translated,
src/zebra.c:2787:name,src/zebra.c,2787,name,Filter bias,필터 편향,translated,
src/zebra.c:2791:help,src/zebra.c,2791,help,Fine-tune the focus detection algorithm:,초점 감지 알고리즘을 미세 조정합니다:,translated,
src/zebra.c:2792:help2,src/zebra.c,2792,help2,"Strong edges: looks for edges, works best in low light.\n","강한 경계: 윤곽선을 찾으며, 저조도에서 효과적입니다.\n",translated,
src/zebra.c:2799:name,src/zebra.c,2799,name,Method,방식,translated,
src/zebra.c:2803:help,src/zebra.c,2803,help,"Contrast detection method. 2: more accurate, 1: less noisy.","명암 대비 감지 방식. 2: 더 정확함, 1: 노이즈가 적음.",translated,
src/zebra.c:2810:name,src/zebra.c,2810,name,Display type,표시 방식,translated,
src/zebra.c:2814:help,src/zebra.c,2814,help,"How to display peaking. Alpha looks nicer, but image lags.",피킹 표시 방식. 알파는 보기 좋지만 화면이 지연됩니다.,translated,
src/zebra.c:2818:name,src/zebra.c,2818,name,Threshold,임계값,translated,
src/zebra.c:2824:help,src/zebra.c,2824,help,How many pixels are considered in focus (percentage).,초점이 맞은 것으로 간주할 픽셀 비율(%).,translated,
src/zebra.c:2827:name,src/zebra.c,2827,name,Color,색상,translated,
src/zebra.c:2831:help,src/zebra.c,2831,help,Focus peaking color (fixed or color coding).,포커스 피킹 색상(고정 또는 색상 코드).,translated,
src/zebra.c:2835:name,src/zebra.c,2835,name,Grayscale image,흑백 이미지,translated,
src/zebra.c:2838:help,src/zebra.c,2838,help,Display LiveView image in grayscale.,라이브 뷰 화면을 흑백으로 표시합니다.,translated,
src/zebra.c:2846:name,src/zebra.c,2846,name,Magic Zoom,매직 줌,translated,
src/zebra.c:2851:help,src/zebra.c,2851,help,Zoom box for checking focus. Can be used while recording.,초점 확인용 확대 박스. 녹화 중에도 사용 가능.,translated,
src/zebra.c:2856:name,src/zebra.c,2856,name,Trigger mode,실행 방식,translated,
src/zebra.c:2862:help,src/zebra.c,2862,help,Trigger Magic Zoom by focus ring or half-shutter.,포커스 링 또는 반셔터로 매직 줌을 실행합니다.,translated,
src/zebra.c:2865:help,src/zebra.c,2865,help,Zoom when recording / trigger from focus ring / Zoom button,녹화 중 확대 / 포커스 링으로 실행 / 줌 버튼,translated,
src/zebra.c:2869:name,src/zebra.c,2869,name,Size,크기,translated,
src/zebra.c:2873:help,src/zebra.c,2873,help,Size of zoom box (small / medium / large / full screen).,확대 박스 크기(소 / 중 / 대 / 전체 화면).,translated,
src/zebra.c:2876:help,src/zebra.c,2876,help,Size of zoom box (small / medium / large).,확대 박스 크기(소 / 중 / 대).,translated,
src/zebra.c:2882:name,src/zebra.c,2882,name,Position,위치,translated,
src/zebra.c:2887:help,src/zebra.c,2887,help,Position of zoom box (fixed or linked to focus box).,확대 박스 위치(고정 또는 초점 박스에 연동).,translated,
src/zebra.c:2890:name,src/zebra.c,2890,name,Magnification,배율,translated,
src/zebra.c:2895:help,src/zebra.c,2895,help,"1:1 displays recorded pixels, 2:1 displays them doubled.","1:1은 실제 픽셀을 표시하고, 2:1은 두 배로 확대해 표시합니다.",translated,
src/zebra.c:2899:name,src/zebra.c,2899,name,Focus confirm,초점 확인,translated,
src/zebra.c:2904:help,src/zebra.c,2904,help,How to show focus confirmation (green bars / split screen).,초점 확인 표시 방식(녹색 막대 / 분할 화면).,translated,
src/zebra.c:2908:name,src/zebra.c,2908,name,Look-up Table,LUT,translated,
src/zebra.c:2912:help,src/zebra.c,2912,help,LUT for increasing contrast in the zoom box.,확대 박스의 대비를 높이는 LUT.,translated,
src/zebra.c:2926:name,src/zebra.c,2926,name,Ghost image,고스트 이미지,translated,
src/zebra.c:2930:help,src/zebra.c,2930,help,"Overlay any image in LiveView. In PLAY mode, press LV btn.",라이브 뷰에 이미지를 겹쳐 표시. 재생 모드에서 LV 버튼을 누르세요.,translated,
src/zebra.c:2935:name,src/zebra.c,2935,name,Auto-update,자동 업데이트,translated,
src/zebra.c:2938:help,src/zebra.c,2938,help,Update the overlay whenever you take a picture.,사진을 찍을 때마다 오버레이를 갱신합니다.,translated,
src/zebra.c:2946:name,src/zebra.c,2946,name,Spotmeter,스팟미터,translated,
src/zebra.c:2950:help,src/zebra.c,2950,help,Exposure aid: display brightness from a small spot.,노출 보조 기능: 작은 지점의 밝기를 표시합니다.,translated,
src/zebra.c:2954:name,src/zebra.c,2954,name,Spotmeter Unit,스팟미터 단위,translated,
src/zebra.c:2963:help,src/zebra.c,2963,help,Measurement unit for brightness level(s).,밝기 측정 단위.,translated,
src/zebra.c:2972:name,src/zebra.c,2972,name,Spot Position,스팟 위치,translated,
src/zebra.c:2977:help,src/zebra.c,2977,help,Spotmeter position: center or linked to focus box.,스팟미터 위치: 중앙 또는 초점 박스에 연동.,translated,
src/zebra.c:2985:name,src/zebra.c,2985,name,False color,폴스 컬러,translated,
src/zebra.c:2991:help,src/zebra.c,2991,help,Exposure aid: each brightness level is color-coded.,노출 보조 기능: 밝기 단계별로 색상을 표시합니다.,translated,
src/zebra.c:2995:name,src/zebra.c,2995,name,Palette      ,팔레트,translated,
src/zebra.c:3001:help,src/zebra.c,3001,help,"False color palettes for exposure, banding, green screen...","노출, 밴딩, 그린스크린 등을 위한 폴스 컬러 팔레트.",translated,
src/zebra.c:3009:name,src/zebra.c,3009,name,Histogram,히스토그램,translated,
src/zebra.c:3013:help,src/zebra.c,3013,help,Exposure aid: shows the distribution of brightness levels.,노출 보조 기능: 밝기 분포를 표시합니다.,translated,
src/zebra.c:3018:name,src/zebra.c,3018,name,Histogram type,히스토그램 유형,translated,
src/zebra.c:3033:help,src/zebra.c,3033,help,Choose between YUV-based (JPG) or RAW-based histogram.,YUV 기반(JPG) 또는 RAW 기반 히스토그램을 선택합니다.,translated,
src/zebra.c:3034:help2,src/zebra.c,3034,help2,"If RAW data is not available, it will fall back to YUV-based.",RAW 데이터가 없으면 YUV 기반으로 대체됩니다.,translated,
src/zebra.c:3038:name,src/zebra.c,3038,name,RAW EV indicator,RAW EV 표시,translated,
src/zebra.c:3042:help,src/zebra.c,3042,help,Choose an EV image indicator to display on the histogram.,히스토그램에 표시할 EV 이미지 표시기를 선택합니다.,translated,
src/zebra.c:3050:name,src/zebra.c,3050,name,Scaling,스케일링,translated,
src/zebra.c:3054:help,src/zebra.c,3054,help,Linear or logarithmic histogram.,선형 또는 로그 히스토그램.,translated,
src/zebra.c:3058:name,src/zebra.c,3058,name,Clip warning,클리핑 경고,translated,
src/zebra.c:3061:help,src/zebra.c,3061,help,Display warning dots when one color channel is clipped.,색상 채널이 클리핑되면 경고 점을 표시합니다.,translated,
src/zebra.c:3062:help2,src/zebra.c,3062,help2,Numbers represent the percentage of pixels clipped.,숫자는 클리핑된 픽셀의 비율을 나타냅니다.,translated,
src/zebra.c:3070:name,src/zebra.c,3070,name,Waveform,웨이브폼,translated,
src/zebra.c:3074:help,src/zebra.c,3074,help,Exposure aid: useful for checking overall brightness.,노출 보조 기능: 전체 밝기 확인에 유용합니다.,translated,
src/zebra.c:3078:name,src/zebra.c,3078,name,Waveform Size,웨이브폼 크기,translated,
src/zebra.c:3083:help,src/zebra.c,3083,help,Waveform size: Small / Large / FullScreen.,웨이브폼 크기: 소 / 대 / 전체 화면.,translated,
src/zebra.c:3093:name,src/zebra.c,3093,name,Level Indicator,수평계,translated,
src/zebra.c:3096:help,src/zebra.c,3096,help,Electronic level indicator in 0.5 degree steps.,0.5도 단위의 전자 수평계.,translated,
src/zebra.c:3105:name,src/zebra.c,3105,name,Show Overlay FPS,오버레이 FPS 표시,translated,
src/zebra.c:3108:help,src/zebra.c,3108,help,"Show the frame rate of overlay loop (zebras, peaking...)","오버레이 루프의 프레임 속도 표시 (젭라, 피킹 등)",translated,
src/zebra.c:3116:name,src/zebra.c,3116,name,LV Display Presets,LV 표시 프리셋,translated,
src/zebra.c:3121:help,src/zebra.c,3121,help,Num. of LV display presets. Switch with ,LV 표시 프리셋 개수. 전환 키: ,translated,
src/zebra.c:2999:choice:0,src/zebra.c,2999,choice:0,Marshall,Marshall,translated,
src/zebra.c:2999:choice:1,src/zebra.c,2999,choice:1,SmallHD,SmallHD,translated,
src/zebra.c:2999:choice:2,src/zebra.c,2999,choice:2,50-55%,50-55%,translated,
src/zebra.c:2999:choice:3,src/zebra.c,2999,choice:3,67-72%,67-72%,translated,
src/zebra.c:2999:choice:4,src/zebra.c,2999,choice:4,Banding detection,밴딩 감지,translated,
src/zebra.c:2999:choice:5,src/zebra.c,2999,choice:5,GreenScreen,그린스크린,translated,
src/zebra.c:3041:choice:0,src/zebra.c,3041,choice:0,OFF,끄기,translated,
src/zebra.c:3041:choice:1,src/zebra.c,3041,choice:1,Dynamic Range,다이내믹 레인지,translated,
src/zebra.c:3041:choice:2,src/zebra.c,3041,choice:2,ETTR hint,ETTR 힌트,translated,
modules/raw_video/mlv_lite/mlv_lite.c:4017:name,modules/raw_video/mlv_lite/mlv_lite.c,4017,name,RAW video,RAW 동영상,translated,
modules/raw_video/mlv_lite/mlv_lite.c:4023:help,modules/raw_video/mlv_lite/mlv_lite.c,4023,help,"Record RAW video (MLV format, no sound, basic metadata).","RAW 동영상 녹화 (MLV 포맷, 무음, 기본 메타데이터).",translated,
modules/raw_video/mlv_lite/mlv_lite.c:4024:help2,modules/raw_video/mlv_lite/mlv_lite.c,4024,help2,Press LiveView to start recording.,라이브 뷰 버튼으로 녹화 시작.,translated,
modules/raw_video/mlv_lite/mlv_lite.c:4027:name,modules/raw_video/mlv_lite/mlv_lite.c,4027,name,Resolution,해상도,translated,
modules/raw_video/mlv_lite/mlv_lite.c:4035:name,modules/raw_video/mlv_lite/mlv_lite.c,4035,name,Aspect ratio,종횡비,translated,
modules/raw_video/mlv_lite/mlv_lite.c:4042:name,modules/raw_video/mlv_lite/mlv_lite.c,4042,name,Data format,데이터 포맷,translated,
modules/raw_video/mlv_lite/mlv_lite.c:4054:help,modules/raw_video/mlv_lite/mlv_lite.c,4054,help,"Choose the output format (bit depth, compression) for the raw stream:","RAW 스트림의 출력 포맷(비트 심도, 압축)을 선택하세요:",translated,
modules/raw_video/mlv_lite/mlv_lite.c:4055:help2,modules/raw_video/mlv_lite/mlv_lite.c,4055,help2,14-bit: native uncompressed format used in Canon firmware.\n,14비트: 캐논 펌웨어가 사용하는 무압축 기본 포맷.\n,translated,
modules/raw_video/mlv_lite/mlv_lite.c:4063:name,modules/raw_video/mlv_lite/mlv_lite.c,4063,name,Preview,미리보기,translated,
modules/raw_video/mlv_lite/mlv_lite.c:4067:help,modules/raw_video/mlv_lite/mlv_lite.c,4067,help,Raw video preview (long half-shutter press to override):,RAW 동영상 미리보기 (반셔터 길게 눌러 강제 전환):,translated,
modules/raw_video/mlv_lite/mlv_lite.c:4068:help2,modules/raw_video/mlv_lite/mlv_lite.c,4068,help2,Auto: ML chooses what's best for each video mode\n,자동: 각 동영상 모드에 맞게 ML이 자동 선택\n,translated,
modules/raw_video/mlv_lite/mlv_lite.c:4075:name,modules/raw_video/mlv_lite/mlv_lite.c,4075,name,Pre-record,사전 녹화,translated,
modules/raw_video/mlv_lite/mlv_lite.c:4079:help,modules/raw_video/mlv_lite/mlv_lite.c,4079,help,"Pre-records a few seconds of video into memory, discarding old frames.",이전 프레임을 지우며 메모리에 몇 초 분량을 미리 녹화합니다.,translated,
modules/raw_video/mlv_lite/mlv_lite.c:4080:help2,modules/raw_video/mlv_lite/mlv_lite.c,4080,help2,"Press REC twice: 1 - to start pre-recording, 2 - for normal recording.","REC를 두 번 누르세요: 1 - 사전 녹화 시작, 2 - 일반 녹화 시작.",translated,
modules/raw_video/mlv_lite/mlv_lite.c:4083:name,modules/raw_video/mlv_lite/mlv_lite.c,4083,name,Rec trigger,녹화 트리거,translated,
modules/raw_video/mlv_lite/mlv_lite.c:4087:help,modules/raw_video/mlv_lite/mlv_lite.c,4087,help,Use external trigger to start/pause recording within a video clip.,외부 트리거로 클립 내 녹화를 시작/일시정지합니다.,translated,
modules/raw_video/mlv_lite/mlv_lite.c:4088:help2,modules/raw_video/mlv_lite/mlv_lite.c,4088,help2,Disabled (press REC as usual).\n,사용 안 함 (평소처럼 REC 사용).\n,translated,
modules/raw_video/mlv_lite/mlv_lite.c:4094:name,modules/raw_video/mlv_lite/mlv_lite.c,4094,name,Card Spanning,카드 스패닝,translated,
modules/raw_video/mlv_lite/mlv_lite.c:4097:help,modules/raw_video/mlv_lite/mlv_lite.c,4097,help,Span video file over SD + CF cards.,동영상 파일을 SD+CF 카드에 나눠 기록.,translated,
modules/raw_video/mlv_lite/mlv_lite.c:4098:help2,modules/raw_video/mlv_lite/mlv_lite.c,4098,help2,Can increase write speed.,쓰기 속도를 높일 수 있습니다.,translated,
modules/raw_video/mlv_lite/mlv_lite.c:4101:name,modules/raw_video/mlv_lite/mlv_lite.c,4101,name,Digital dolly,디지털 돌리,translated,
modules/raw_video/mlv_lite/mlv_lite.c:4104:help,modules/raw_video/mlv_lite/mlv_lite.c,4104,help,Smooth panning of the recording window (software dolly).,녹화 영역을 부드럽게 이동 (소프트웨어 돌리).,translated,
modules/raw_video/mlv_lite/mlv_lite.c:4105:help2,modules/raw_video/mlv_lite/mlv_lite.c,4105,help2,Use arrow keys (joystick) to move the window.,방향키(조이스틱)로 영역을 이동하세요.,translated,
modules/raw_video/mlv_lite/mlv_lite.c:4109:name,modules/raw_video/mlv_lite/mlv_lite.c,4109,name,H.264 proxy,H.264 프록시,translated,
modules/raw_video/mlv_lite/mlv_lite.c:4113:help,modules/raw_video/mlv_lite/mlv_lite.c,4113,help,Record a H.264 video at the same time.,H.264 동영상을 동시에 녹화합니다.,translated,
modules/raw_video/mlv_lite/mlv_lite.c:4114:help2,modules/raw_video/mlv_lite/mlv_lite.c,4114,help2,"For best performance, record H.264 on SD and RAW on CF.","최상의 성능을 위해 H.264는 SD에, RAW는 CF에 녹화하세요.",translated,
modules/raw_video/mlv_lite/mlv_lite.c:4118:name,modules/raw_video/mlv_lite/mlv_lite.c,4118,name,Card warm-up,카드 워밍업,translated,
modules/raw_video/mlv_lite/mlv_lite.c:4122:help,modules/raw_video/mlv_lite/mlv_lite.c,4122,help,Write a large file on the card at camera startup.,카메라 시작 시 카드에 큰 파일을 기록합니다.,translated,
modules/raw_video/mlv_lite/mlv_lite.c:4123:help2,modules/raw_video/mlv_lite/mlv_lite.c,4123,help2,Some cards seem to get a bit faster after this.,일부 카드는 이후 속도가 약간 빨라지는 것으로 보입니다.,translated,
modules/raw_video/mlv_lite/mlv_lite.c:4127:name,modules/raw_video/mlv_lite/mlv_lite.c,4127,name,Use SRM memory,SRM 메모리 사용,translated,
modules/raw_video/mlv_lite/mlv_lite.c:4130:help,modules/raw_video/mlv_lite/mlv_lite.c,4130,help,Allocate memory from SRM job buffers (normally used for still capture).,SRM 작업 버퍼에서 메모리를 할당합니다 (보통 정지 사진 촬영용).,translated,
modules/raw_video/mlv_lite/mlv_lite.c:4131:help2,modules/raw_video/mlv_lite/mlv_lite.c,4131,help2,Side effect: will show BUSY on the screen and might affect other functions.,부작용: 화면에 BUSY가 표시되며 다른 기능에 영향을 줄 수 있습니다.,translated,
modules/raw_video/mlv_lite/mlv_lite.c:4135:name,modules/raw_video/mlv_lite/mlv_lite.c,4135,name,Small hacks,소소한 편법,translated,
modules/raw_video/mlv_lite/mlv_lite.c:4138:help,modules/raw_video/mlv_lite/mlv_lite.c,4138,help,"Slow down Canon GUI, disable auto exposure, white balance...","캐논 GUI 속도 저하, 자동 노출·화이트 밸런스 비활성화 등.",translated,
modules/raw_video/mlv_lite/mlv_lite.c:4142:name,modules/raw_video/mlv_lite/mlv_lite.c,4142,name,Show graph,그래프 표시,translated,
modules/raw_video/mlv_lite/mlv_lite.c:4146:help,modules/raw_video/mlv_lite/mlv_lite.c,4146,help,Displays a graph of the current buffer usage and expected frames.,현재 버퍼 사용량과 예상 프레임 그래프를 표시합니다.,translated,
modules/raw_video/mlv_lite/mlv_lite.c:4150:name,modules/raw_video/mlv_lite/mlv_lite.c,4150,name,Sync beep,동기화 비프음,translated,
modules/raw_video/mlv_lite/mlv_lite.c:4153:help,modules/raw_video/mlv_lite/mlv_lite.c,4153,help,Beeps on recording start for better sync.,녹화 시작 시 비프음을 울려 동기화를 돕습니다.,translated,
modules/raw_video/mlv_lite/mlv_lite.c:4157:name,modules/raw_video/mlv_lite/mlv_lite.c,4157,name,Show EDMAC,EDMAC 표시,translated,
modules/raw_video/mlv_lite/mlv_lite.c:4160:help,modules/raw_video/mlv_lite/mlv_lite.c,4160,help,Plots the EDMAC read/write pointers within the source raw buffer.,소스 RAW 버퍼 내 EDMAC 읽기/쓰기 포인터를 표시합니다.,translated,
modules/raw_video/mlv_lite/mlv_lite.c:4161:help2,modules/raw_video/mlv_lite/mlv_lite.c,4161,help2,"If green (RD) is always above red (WR), it's safe to use single-buffering.",초록색(RD)이 항상 빨간색(WR)보다 위에 있으면 단일 버퍼링을 사용해도 안전합니다.,translated,
modules/raw_video/mlv_lite/mlv_lite.c:4165:name,modules/raw_video/mlv_lite/mlv_lite.c,4165,name,Playback,재생,translated,
modules/raw_video/mlv_lite/mlv_lite.c:4169:help,modules/raw_video/mlv_lite/mlv_lite.c,4169,help,Play back the last raw video clip.,마지막 RAW 동영상 클립을 재생합니다.,translated,
modules/raw_video/mlv_lite/mlv_lite.c:4488:name,modules/raw_video/mlv_lite/mlv_lite.c,4488,name,Rec. Status,녹화 상태,translated,
modules/raw_video/mlv_lite/mlv_lite.c:4532:help,modules/raw_video/mlv_lite/mlv_lite.c,4532,help,Record RAW video. Press SET to start.,RAW 동영상 녹화. SET을 눌러 시작하세요.,translated,
modules/raw_video/mlv_lite/mlv_lite.c:119:choice:0,modules/raw_video/mlv_lite/mlv_lite.c,119,choice:0,640,640,translated,
modules/raw_video/mlv_lite/mlv_lite.c:119:choice:1,modules/raw_video/mlv_lite/mlv_lite.c,119,choice:1,960,960,translated,
modules/raw_video/mlv_lite/mlv_lite.c:119:choice:2,modules/raw_video/mlv_lite/mlv_lite.c,119,choice:2,1280,1280,translated,
modules/raw_video/mlv_lite/mlv_lite.c:119:choice:3,modules/raw_video/mlv_lite/mlv_lite.c,119,choice:3,1600,1600,translated,
modules/raw_video/mlv_lite/mlv_lite.c:119:choice:4,modules/raw_video/mlv_lite/mlv_lite.c,119,choice:4,1920,1920,translated,
modules/raw_video/mlv_lite/mlv_lite.c:119:choice:5,modules/raw_video/mlv_lite/mlv_lite.c,119,choice:5,2240,2240,translated,
modules/raw_video/mlv_lite/mlv_lite.c:119:choice:6,modules/raw_video/mlv_lite/mlv_lite.c,119,choice:6,2560,2560,translated,
modules/raw_video/mlv_lite/mlv_lite.c:119:choice:7,modules/raw_video/mlv_lite/mlv_lite.c,119,choice:7,2880,2880,translated,
modules/raw_video/mlv_lite/mlv_lite.c:119:choice:8,modules/raw_video/mlv_lite/mlv_lite.c,119,choice:8,3072,3072,translated,
modules/raw_video/mlv_lite/mlv_lite.c:119:choice:9,modules/raw_video/mlv_lite/mlv_lite.c,119,choice:9,3520,3520,translated,
modules/raw_video/mlv_lite/mlv_lite.c:119:choice:10,modules/raw_video/mlv_lite/mlv_lite.c,119,choice:10,4096,4096,translated,
modules/raw_video/mlv_lite/mlv_lite.c:119:choice:11,modules/raw_video/mlv_lite/mlv_lite.c,119,choice:11,5796,5796,translated,
modules/raw_video/mlv_lite/mlv_lite.c:4046:choice:0,modules/raw_video/mlv_lite/mlv_lite.c,4046,choice:0,14-bit,14비트,translated,
modules/raw_video/mlv_lite/mlv_lite.c:4046:choice:1,modules/raw_video/mlv_lite/mlv_lite.c,4046,choice:1,12-bit,12비트,translated,
modules/raw_video/mlv_lite/mlv_lite.c:4046:choice:2,modules/raw_video/mlv_lite/mlv_lite.c,4046,choice:2,10-bit,10비트,translated,
modules/raw_video/mlv_lite/mlv_lite.c:4046:choice:3,modules/raw_video/mlv_lite/mlv_lite.c,4046,choice:3,14-bit lossless,14비트 무손실,translated,
modules/raw_video/mlv_lite/mlv_lite.c:4046:choice:4,modules/raw_video/mlv_lite/mlv_lite.c,4046,choice:4,12-bit lossless,12비트 무손실,translated,
modules/raw_video/mlv_lite/mlv_lite.c:4046:choice:5,modules/raw_video/mlv_lite/mlv_lite.c,4046,choice:5,11...8-bit lossless,11...8비트 무손실,translated,
modules/raw_video/mlv_lite/mlv_lite.c:4066:choice:0,modules/raw_video/mlv_lite/mlv_lite.c,4066,choice:0,Auto,자동,translated,
modules/raw_video/mlv_lite/mlv_lite.c:4066:choice:1,modules/raw_video/mlv_lite/mlv_lite.c,4066,choice:1,Real-time,실시간,translated,
modules/raw_video/mlv_lite/mlv_lite.c:4066:choice:2,modules/raw_video/mlv_lite/mlv_lite.c,4066,choice:2,Framing,프레이밍,translated,
modules/raw_video/mlv_lite/mlv_lite.c:4066:choice:3,modules/raw_video/mlv_lite/mlv_lite.c,4066,choice:3,Frozen LV,정지 LV,translated,
modules/raw_video/mlv_lite/mlv_lite.c:4086:choice:0,modules/raw_video/mlv_lite/mlv_lite.c,4086,choice:0,OFF,끔,translated,
modules/raw_video/mlv_lite/mlv_lite.c:4086:choice:1,modules/raw_video/mlv_lite/mlv_lite.c,4086,choice:1,Half-shutter: start/pause,반셔터: 시작/일시정지,translated,
modules/raw_video/mlv_lite/mlv_lite.c:4086:choice:2,modules/raw_video/mlv_lite/mlv_lite.c,4086,choice:2,Half-shutter: hold,반셔터: 누르고 있기,translated,
modules/raw_video/mlv_lite/mlv_lite.c:4086:choice:3,modules/raw_video/mlv_lite/mlv_lite.c,4086,choice:3,Half-shutter: pre only,반셔터: 사전 녹화만,translated,
modules/raw_video/mlv_lite/mlv_lite.c:4121:choice:0,modules/raw_video/mlv_lite/mlv_lite.c,4121,choice:0,OFF,끔,translated,
modules/raw_video/mlv_lite/mlv_lite.c:4121:choice:1,modules/raw_video/mlv_lite/mlv_lite.c,4121,choice:1,16 MB,16 MB,translated,
modules/raw_video/mlv_lite/mlv_lite.c:4121:choice:2,modules/raw_video/mlv_lite/mlv_lite.c,4121,choice:2,32 MB,32 MB,translated,
modules/raw_video/mlv_lite/mlv_lite.c:4121:choice:3,modules/raw_video/mlv_lite/mlv_lite.c,4121,choice:3,64 MB,64 MB,translated,
modules/raw_video/mlv_lite/mlv_lite.c:4121:choice:4,modules/raw_video/mlv_lite/mlv_lite.c,4121,choice:4,128 MB,128 MB,translated,
modules/raw_video/mlv_lite/mlv_lite.c:4121:choice:5,modules/raw_video/mlv_lite/mlv_lite.c,4121,choice:5,256 MB,256 MB,translated,
modules/raw_video/mlv_lite/mlv_lite.c:4121:choice:6,modules/raw_video/mlv_lite/mlv_lite.c,4121,choice:6,512 MB,512 MB,translated,
modules/raw_video/mlv_lite/mlv_lite.c:4121:choice:7,modules/raw_video/mlv_lite/mlv_lite.c,4121,choice:7,1 GB,1 GB,translated,
modules/raw_video/mlv_lite/mlv_lite.c:4144:choice:0,modules/raw_video/mlv_lite/mlv_lite.c,4144,choice:0,OFF,끔,translated,
modules/raw_video/mlv_lite/mlv_lite.c:4144:choice:1,modules/raw_video/mlv_lite/mlv_lite.c,4144,choice:1,Buffers,버퍼,translated,
modules/raw_video/mlv_lite/mlv_lite.c:4144:choice:2,modules/raw_video/mlv_lite/mlv_lite.c,4144,choice:2,Buffer usage,버퍼 사용량,translated,
modules/raw_video/mlv_rec/mlv_rec.c:3981:name,modules/raw_video/mlv_rec/mlv_rec.c,3981,name,RAW video (MLV),RAW 동영상 (MLV),translated,
modules/raw_video/mlv_rec/mlv_rec.c:3987:help,modules/raw_video/mlv_rec/mlv_rec.c,3987,help,Record RAW video. Press LiveView to start.,RAW 동영상 녹화. 라이브 뷰로 시작.,translated,
modules/raw_video/mlv_rec/mlv_rec.c:3990:name,modules/raw_video/mlv_rec/mlv_rec.c,3990,name,Resolution,해상도,translated,
modules/raw_video/mlv_rec/mlv_rec.c:3998:name,modules/raw_video/mlv_rec/mlv_rec.c,3998,name,Aspect Ratio,화면비,translated,
modules/raw_video/mlv_rec/mlv_rec.c:4005:name,modules/raw_video/mlv_rec/mlv_rec.c,4005,name,Bit Depth,비트 심도,translated,
modules/raw_video/mlv_rec/mlv_rec.c:4011:name,modules/raw_video/mlv_rec/mlv_rec.c,4011,name,Create Directory,폴더 생성,translated,
modules/raw_video/mlv_rec/mlv_rec.c:4014:help,modules/raw_video/mlv_rec/mlv_rec.c,4014,help,Save video chunks in separate folders.,영상 조각을 폴더별로 저장.,translated,
modules/raw_video/mlv_rec/mlv_rec.c:4017:name,modules/raw_video/mlv_rec/mlv_rec.c,4017,name,Global Draw,글로벌 드로우,translated,
modules/raw_video/mlv_rec/mlv_rec.c:4021:help,modules/raw_video/mlv_rec/mlv_rec.c,4021,help,Disable global draw while recording.,녹화 중 글로벌 드로우 비활성화.,translated,
modules/raw_video/mlv_rec/mlv_rec.c:4022:help2,modules/raw_video/mlv_rec/mlv_rec.c,4022,help2,May help with performance. Some previews depend on GD.,성능 향상에 도움될 수 있음. 일부 미리보기는 GD에 의존.,translated,
modules/raw_video/mlv_rec/mlv_rec.c:4025:name,modules/raw_video/mlv_rec/mlv_rec.c,4025,name,Frame Skipping,프레임 스킵,translated,
modules/raw_video/mlv_rec/mlv_rec.c:4029:help,modules/raw_video/mlv_rec/mlv_rec.c,4029,help,Enable if you don't mind skipping frames (for slow cards).,프레임 손실을 감수할 수 있다면 켜세요(저속 카드용).,translated,
modules/raw_video/mlv_rec/mlv_rec.c:4030:help2,modules/raw_video/mlv_rec/mlv_rec.c,4030,help2,Be careful of stuttering footage.,화면이 끊길 수 있으니 주의.,translated,
modules/raw_video/mlv_rec/mlv_rec.c:4033:name,modules/raw_video/mlv_rec/mlv_rec.c,4033,name,Preview Options,미리보기 설정,translated,
modules/raw_video/mlv_rec/mlv_rec.c:4037:help2,modules/raw_video/mlv_rec/mlv_rec.c,4037,help2,Auto: ML chooses what's best for each video mode.\n,자동: 각 동영상 모드에 맞게 ML이 자동 선택.\n,translated,
modules/raw_video/mlv_rec/mlv_rec.c:4044:name,modules/raw_video/mlv_rec/mlv_rec.c,4044,name,Status When Recording,녹화 중 상태 표시,translated,
modules/raw_video/mlv_rec/mlv_rec.c:4048:help,modules/raw_video/mlv_rec/mlv_rec.c,4048,help,Display status while recording.,녹화 중 상태를 표시.,translated,
modules/raw_video/mlv_rec/mlv_rec.c:4049:help2,modules/raw_video/mlv_rec/mlv_rec.c,4049,help2,Display a small recording icon with basic information.\n,기본 정보가 담긴 작은 녹화 아이콘을 표시.\n,translated,
modules/raw_video/mlv_rec/mlv_rec.c:4053:name,modules/raw_video/mlv_rec/mlv_rec.c,4053,name,Start Delay,시작 지연,translated,
modules/raw_video/mlv_rec/mlv_rec.c:4058:help,modules/raw_video/mlv_rec/mlv_rec.c,4058,help,Start delay. Useful to stabilize in photo mode.,녹화 시작 지연. 사진 모드에서 흔들림 방지에 유용.,translated,
modules/raw_video/mlv_rec/mlv_rec.c:4059:help2,modules/raw_video/mlv_rec/mlv_rec.c,4059,help2,Pressing shutter button.,셔터 버튼을 누르면 지연 시작.,translated,
modules/raw_video/mlv_rec/mlv_rec.c:4062:name,modules/raw_video/mlv_rec/mlv_rec.c,4062,name,Files > 4GiB (exFAT),4GiB 초과 파일 (exFAT),translated,
modules/raw_video/mlv_rec/mlv_rec.c:4065:help,modules/raw_video/mlv_rec/mlv_rec.c,4065,help,Don't split files on 4GiB margins.,4GiB 단위로 파일을 분할하지 않음.,translated,
modules/raw_video/mlv_rec/mlv_rec.c:4066:help2,modules/raw_video/mlv_rec/mlv_rec.c,4066,help2,Ensure your card is formatted as exFAT!,카드가 exFAT로 포맷되어 있는지 확인하세요!,translated,
modules/raw_video/mlv_rec/mlv_rec.c:4069:name,modules/raw_video/mlv_rec/mlv_rec.c,4069,name,Digital Dolly,디지털 돌리,translated,
modules/raw_video/mlv_rec/mlv_rec.c:4072:help,modules/raw_video/mlv_rec/mlv_rec.c,4072,help,Smooth panning of the recording window (software dolly).,녹화 창을 부드럽게 패닝(소프트웨어 돌리).,translated,
modules/raw_video/mlv_rec/mlv_rec.c:4073:help2,modules/raw_video/mlv_rec/mlv_rec.c,4073,help2,Use arrow keys (joystick) to move the window.,방향키(조이스틱)로 창을 이동.,translated,
modules/raw_video/mlv_rec/mlv_rec.c:4076:name,modules/raw_video/mlv_rec/mlv_rec.c,4076,name,Card Warm-up,카드 워밍업,translated,
modules/raw_video/mlv_rec/mlv_rec.c:4080:help,modules/raw_video/mlv_rec/mlv_rec.c,4080,help,Write a large file on the card at camera startup.,카메라 시작 시 카드에 큰 파일을 기록.,translated,
modules/raw_video/mlv_rec/mlv_rec.c:4081:help2,modules/raw_video/mlv_rec/mlv_rec.c,4081,help2,Some cards seem to get a bit faster after this.,이후 일부 카드는 속도가 조금 빨라지는 것으로 보임.,translated,
modules/raw_video/mlv_rec/mlv_rec.c:4084:name,modules/raw_video/mlv_rec/mlv_rec.c,4084,name,Use SRM Job Memory,SRM 작업 메모리 사용,translated,
modules/raw_video/mlv_rec/mlv_rec.c:4087:help,modules/raw_video/mlv_rec/mlv_rec.c,4087,help,Allocate memory from SRM job buffers.,SRM 작업 버퍼에서 메모리 할당.,translated,
modules/raw_video/mlv_rec/mlv_rec.c:4090:name,modules/raw_video/mlv_rec/mlv_rec.c,4090,name,Extra Hacks,추가 핵,translated,
modules/raw_video/mlv_rec/mlv_rec.c:4093:help,modules/raw_video/mlv_rec/mlv_rec.c,4093,help,"Slow down Canon GUI, lock digital expo while recording.","녹화 중 Canon GUI 속도 저하, 디지털 노출 고정.",translated,
modules/raw_video/mlv_rec/mlv_rec.c:4094:help2,modules/raw_video/mlv_rec/mlv_rec.c,4094,help2,May help with performance.,성능 향상에 도움될 수 있음.,translated,
modules/raw_video/mlv_rec/mlv_rec.c:4097:name,modules/raw_video/mlv_rec/mlv_rec.c,4097,name,Debug Trace,디버그 추적,translated,
modules/raw_video/mlv_rec/mlv_rec.c:4100:help,modules/raw_video/mlv_rec/mlv_rec.c,4100,help,Write an execution trace. Causes perfomance drop.,실행 추적 기록. 성능 저하 발생.,translated,
modules/raw_video/mlv_rec/mlv_rec.c:4101:help2,modules/raw_video/mlv_rec/mlv_rec.c,4101,help2,You have to restart camera before setting takes effect.,설정을 적용하려면 카메라를 재시작해야 함.,translated,
modules/raw_video/mlv_rec/mlv_rec.c:4104:name,modules/raw_video/mlv_rec/mlv_rec.c,4104,name,Show Buffer Graph,버퍼 그래프 표시,translated,
modules/raw_video/mlv_rec/mlv_rec.c:4107:help,modules/raw_video/mlv_rec/mlv_rec.c,4107,help,Displays a graph of the current buffer usage and expected frames.,현재 버퍼 사용량과 예상 프레임 수를 그래프로 표시.,translated,
modules/raw_video/mlv_rec/mlv_rec.c:4110:name,modules/raw_video/mlv_rec/mlv_rec.c,4110,name,Buffer Fill Method,버퍼 채우기 방식,translated,
modules/raw_video/mlv_rec/mlv_rec.c:4113:help,modules/raw_video/mlv_rec/mlv_rec.c,4113,help,Method for filling buffers. Will affect write speed.,버퍼를 채우는 방식. 기록 속도에 영향.,translated,
modules/raw_video/mlv_rec/mlv_rec.c:4114:help2,modules/raw_video/mlv_rec/mlv_rec.c,4114,help2,Try different options for the best performance.,최적의 성능을 위해 여러 옵션을 시도해보세요.,translated,
modules/raw_video/mlv_rec/mlv_rec.c:4117:name,modules/raw_video/mlv_rec/mlv_rec.c,4117,name,CF-only Buffers,CF 전용 버퍼,translated,
modules/raw_video/mlv_rec/mlv_rec.c:4120:help,modules/raw_video/mlv_rec/mlv_rec.c,4120,help,How many of the largest buffers are for CF writing.,가장 큰 버퍼 중 CF 기록용 개수.,translated,
modules/raw_video/mlv_rec/mlv_rec.c:4123:name,modules/raw_video/mlv_rec/mlv_rec.c,4123,name,Card Spanning,카드 스패닝,translated,
modules/raw_video/mlv_rec/mlv_rec.c:4126:help,modules/raw_video/mlv_rec/mlv_rec.c,4126,help,Span video file over cards to use SD+CF write speed.,SD+CF 기록 속도를 활용하도록 파일을 두 카드에 분산.,translated,
modules/raw_video/mlv_rec/mlv_rec.c:4127:help2,modules/raw_video/mlv_rec/mlv_rec.c,4127,help2,May increase performance.,성능이 향상될 수 있음.,translated,
modules/raw_video/mlv_rec/mlv_rec.c:4130:name,modules/raw_video/mlv_rec/mlv_rec.c,4130,name,Reserve Card Space,카드 공간 예약,translated,
modules/raw_video/mlv_rec/mlv_rec.c:4133:help,modules/raw_video/mlv_rec/mlv_rec.c,4133,help,Write a file to the card before recording.,녹화 전 카드에 파일을 미리 기록.,translated,
modules/raw_video/mlv_rec/mlv_rec.c:4134:help2,modules/raw_video/mlv_rec/mlv_rec.c,4134,help2,Use this to prevent data loss at card full.,카드 용량 초과 시 데이터 손실 방지용.,translated,
modules/raw_video/mlv_rec/mlv_rec.c:4137:name,modules/raw_video/mlv_rec/mlv_rec.c,4137,name,Tag: Text,태그: 텍스트,translated,
modules/raw_video/mlv_rec/mlv_rec.c:4141:help,modules/raw_video/mlv_rec/mlv_rec.c,4141,help,Free text field.,자유 텍스트 입력란.,translated,
modules/raw_video/mlv_rec/mlv_rec.c:4144:name,modules/raw_video/mlv_rec/mlv_rec.c,4144,name,Tag: Take,태그: 테이크,translated,
modules/raw_video/mlv_rec/mlv_rec.c:4149:help,modules/raw_video/mlv_rec/mlv_rec.c,4149,help,Auto-counting take number.,테이크 번호 자동 증가.,translated,
modules/raw_video/mlv_rec/mlv_rec.c:4398:help,modules/raw_video/mlv_rec/mlv_rec.c,4398,help,Record RAW video. Press SET to start.,RAW 동영상 녹화. SET으로 시작.,translated,
modules/raw_video/mlv_rec/mlv_rec.c:142:choice:0,modules/raw_video/mlv_rec/mlv_rec.c,142,choice:0,640,640,translated,
modules/raw_video/mlv_rec/mlv_rec.c:142:choice:1,modules/raw_video/mlv_rec/mlv_rec.c,142,choice:1,960,960,translated,
modules/raw_video/mlv_rec/mlv_rec.c:142:choice:2,modules/raw_video/mlv_rec/mlv_rec.c,142,choice:2,1280,1280,translated,
modules/raw_video/mlv_rec/mlv_rec.c:142:choice:3,modules/raw_video/mlv_rec/mlv_rec.c,142,choice:3,1600,1600,translated,
modules/raw_video/mlv_rec/mlv_rec.c:142:choice:4,modules/raw_video/mlv_rec/mlv_rec.c,142,choice:4,1920,1920,translated,
modules/raw_video/mlv_rec/mlv_rec.c:142:choice:5,modules/raw_video/mlv_rec/mlv_rec.c,142,choice:5,2240,2240,translated,
modules/raw_video/mlv_rec/mlv_rec.c:142:choice:6,modules/raw_video/mlv_rec/mlv_rec.c,142,choice:6,2560,2560,translated,
modules/raw_video/mlv_rec/mlv_rec.c:142:choice:7,modules/raw_video/mlv_rec/mlv_rec.c,142,choice:7,2880,2880,translated,
modules/raw_video/mlv_rec/mlv_rec.c:142:choice:8,modules/raw_video/mlv_rec/mlv_rec.c,142,choice:8,3200,3200,translated,
modules/raw_video/mlv_rec/mlv_rec.c:142:choice:9,modules/raw_video/mlv_rec/mlv_rec.c,142,choice:9,3520,3520,translated,
modules/raw_video/mlv_rec/mlv_rec.c:4008:choice:0,modules/raw_video/mlv_rec/mlv_rec.c,4008,choice:0,10bpp,10bpp,translated,
modules/raw_video/mlv_rec/mlv_rec.c:4008:choice:1,modules/raw_video/mlv_rec/mlv_rec.c,4008,choice:1,12bpp,12bpp,translated,
modules/raw_video/mlv_rec/mlv_rec.c:4008:choice:2,modules/raw_video/mlv_rec/mlv_rec.c,4008,choice:2,14bpp,14bpp,translated,
modules/raw_video/mlv_rec/mlv_rec.c:4020:choice:0,modules/raw_video/mlv_rec/mlv_rec.c,4020,choice:0,Allow,허용,translated,
modules/raw_video/mlv_rec/mlv_rec.c:4020:choice:1,modules/raw_video/mlv_rec/mlv_rec.c,4020,choice:1,OFF,끄기,translated,
modules/raw_video/mlv_rec/mlv_rec.c:4028:choice:0,modules/raw_video/mlv_rec/mlv_rec.c,4028,choice:0,OFF,끄기,translated,
modules/raw_video/mlv_rec/mlv_rec.c:4028:choice:1,modules/raw_video/mlv_rec/mlv_rec.c,4028,choice:1,Allow,허용,translated,
modules/raw_video/mlv_rec/mlv_rec.c:4036:choice:0,modules/raw_video/mlv_rec/mlv_rec.c,4036,choice:0,Auto,자동,translated,
modules/raw_video/mlv_rec/mlv_rec.c:4036:choice:1,modules/raw_video/mlv_rec/mlv_rec.c,4036,choice:1,Canon,Canon,translated,
modules/raw_video/mlv_rec/mlv_rec.c:4036:choice:2,modules/raw_video/mlv_rec/mlv_rec.c,4036,choice:2,ML Grayscale,ML 흑백,translated,
modules/raw_video/mlv_rec/mlv_rec.c:4036:choice:3,modules/raw_video/mlv_rec/mlv_rec.c,4036,choice:3,HaCKeD,HaCKeD,translated,
modules/raw_video/mlv_rec/mlv_rec.c:4036:choice:4,modules/raw_video/mlv_rec/mlv_rec.c,4036,choice:4,Hacked No Prev,해킹(미리보기 없음),translated,
modules/raw_video/mlv_rec/mlv_rec.c:4047:choice:0,modules/raw_video/mlv_rec/mlv_rec.c,4047,choice:0,None,없음,translated,
modules/raw_video/mlv_rec/mlv_rec.c:4047:choice:1,modules/raw_video/mlv_rec/mlv_rec.c,4047,choice:1,Icon,아이콘,translated,
modules/raw_video/mlv_rec/mlv_rec.c:4047:choice:2,modules/raw_video/mlv_rec/mlv_rec.c,4047,choice:2,Debug,디버그,translated,
modules/raw_video/mlv_rec/mlv_rec.c:4056:choice:0,modules/raw_video/mlv_rec/mlv_rec.c,4056,choice:0,OFF,끄기,translated,
modules/raw_video/mlv_rec/mlv_rec.c:4056:choice:1,modules/raw_video/mlv_rec/mlv_rec.c,4056,choice:1,2 sec.,2초,translated,
modules/raw_video/mlv_rec/mlv_rec.c:4056:choice:2,modules/raw_video/mlv_rec/mlv_rec.c,4056,choice:2,4 sec.,4초,translated,
modules/raw_video/mlv_rec/mlv_rec.c:4056:choice:3,modules/raw_video/mlv_rec/mlv_rec.c,4056,choice:3,10 sec.,10초,translated,
modules/raw_video/mlv_rec/mlv_rec.c:4079:choice:0,modules/raw_video/mlv_rec/mlv_rec.c,4079,choice:0,OFF,끄기,translated,
modules/raw_video/mlv_rec/mlv_rec.c:4079:choice:1,modules/raw_video/mlv_rec/mlv_rec.c,4079,choice:1,16 MB,16 MB,translated,
modules/raw_video/mlv_rec/mlv_rec.c:4079:choice:2,modules/raw_video/mlv_rec/mlv_rec.c,4079,choice:2,32 MB,32 MB,translated,
modules/raw_video/mlv_rec/mlv_rec.c:4079:choice:3,modules/raw_video/mlv_rec/mlv_rec.c,4079,choice:3,64 MB,64 MB,translated,
modules/raw_video/mlv_rec/mlv_rec.c:4079:choice:4,modules/raw_video/mlv_rec/mlv_rec.c,4079,choice:4,128 MB,128 MB,translated,
modules/raw_video/mlv_rec/mlv_rec.c:4079:choice:5,modules/raw_video/mlv_rec/mlv_rec.c,4079,choice:5,256 MB,256 MB,translated,
modules/raw_video/mlv_rec/mlv_rec.c:4079:choice:6,modules/raw_video/mlv_rec/mlv_rec.c,4079,choice:6,512 MB,512 MB,translated,
modules/raw_video/mlv_rec/mlv_rec.c:4079:choice:7,modules/raw_video/mlv_rec/mlv_rec.c,4079,choice:7,1 GB,1 GB,translated,
modules/raw_video/mlv_snd/mlv_snd.c:655:name,modules/raw_video/mlv_snd/mlv_snd.c,655,name,Sound recording,사운드 녹음,translated,
modules/raw_video/mlv_snd/mlv_snd.c:658:help,modules/raw_video/mlv_snd/mlv_snd.c,658,help,Sound recording options provided by mlv_snd.,mlv_snd가 제공하는 사운드 녹음 설정.,translated,
modules/raw_video/mlv_snd/mlv_snd.c:662:name,modules/raw_video/mlv_snd/mlv_snd.c,662,name,Enable sound,사운드 사용,translated,
modules/raw_video/mlv_snd/mlv_snd.c:665:help,modules/raw_video/mlv_snd/mlv_snd.c,665,help,[mlv_snd] Enable sound recording for MLV.,[mlv_snd] MLV용 사운드 녹음 활성화.,translated,
modules/raw_video/mlv_snd/mlv_snd.c:668:name,modules/raw_video/mlv_snd/mlv_snd.c,668,name,Sampling rate,샘플링 레이트,translated,
modules/raw_video/mlv_snd/mlv_snd.c:673:help,modules/raw_video/mlv_snd/mlv_snd.c,673,help,[mlv_snd] Select your sampling rate.,[mlv_snd] 샘플링 레이트를 선택하세요.,translated,
modules/raw_video/mlv_snd/mlv_snd.c:676:name,modules/raw_video/mlv_snd/mlv_snd.c,676,name,Audio delay,오디오 지연,translated,
modules/raw_video/mlv_snd/mlv_snd.c:680:help,modules/raw_video/mlv_snd/mlv_snd.c,680,help,Delay the audio that many frames. (experimental),지정한 프레임 수만큼 오디오를 지연.(실험적),translated,
modules/raw_video/mlv_snd/mlv_snd.c:683:name,modules/raw_video/mlv_snd/mlv_snd.c,683,name,Trace output,추적 출력,translated,
modules/raw_video/mlv_snd/mlv_snd.c:687:help,modules/raw_video/mlv_snd/mlv_snd.c,687,help,[mlv_snd] Enable log file tracing. Needs camera restart.,[mlv_snd] 로그 파일 추적 활성화. 카메라 재시작 필요.,translated,
modules/file_man/file_man.c:158:name,modules/file_man/file_man.c,158,name,File Manager,파일 관리자,translated,
modules/ettr/ettr.c:1619:name,modules/ettr/ettr.c,1619,name,Auto ETTR,자동 ETTR,translated,
modules/ettr/ettr.c:1623:help,modules/ettr/ettr.c,1623,help,Auto expose to the right when you shoot RAW.,RAW 촬영 시 자동으로 노출을 오른쪽으로 몰아줍니다(ETTR).,translated,
modules/ettr/ettr.c:1627:name,modules/ettr/ettr.c,1627,name,Trigger mode,트리거 모드,translated,
modules/ettr/ettr.c:1631:help,modules/ettr/ettr.c,1631,help,When should the exposure be adjusted for ETTR:,ETTR 노출 조정 시점을 선택하세요:,translated,
modules/ettr/ettr.c:1632:help2,modules/ettr/ettr.c,1632,help2,"Always ON: when you take a pic, or continuously in LiveView\n",항상 켜짐: 촬영 시 또는 라이브 뷰에서 계속 적용\n,translated,
modules/ettr/ettr.c:1638:name,modules/ettr/ettr.c,1638,name,Slowest shutter,최저 셔터 속도,translated,
modules/ettr/ettr.c:1645:help,modules/ettr/ettr.c,1645,help,Slowest shutter speed for ETTR (longest exposure time).,ETTR에 허용할 최저 셔터 속도(최대 노출 시간)입니다.,translated,
modules/ettr/ettr.c:1648:name,modules/ettr/ettr.c,1648,name,Exposure target,목표 노출,translated,
modules/ettr/ettr.c:1653:help,modules/ettr/ettr.c,1653,help,Exposure target for ETTR. Recommended: -0.5 or -1 EV.,ETTR의 목표 노출값입니다. 권장: -0.5 또는 -1 EV.,translated,
modules/ettr/ettr.c:1657:name,modules/ettr/ettr.c,1657,name,Highlight ignore,하이라이트 무시,translated,
modules/ettr/ettr.c:1663:help,modules/ettr/ettr.c,1663,help,How many bright pixels are allowed above the target level.,목표 노출보다 밝은 픽셀을 얼마나 허용할지 설정합니다.,translated,
modules/ettr/ettr.c:1664:help2,modules/ettr/ettr.c,1664,help2,Use this to allow spec(ta)cular highlights to be clipped.,반사광 등 특수 하이라이트의 클리핑을 허용할 때 사용하세요.,translated,
modules/ettr/ettr.c:1667:name,modules/ettr/ettr.c,1667,name,Allow clipping,클리핑 허용,translated,
modules/ettr/ettr.c:1671:help,modules/ettr/ettr.c,1671,help,Choose what color channels are allowed to be clipped.,클리핑을 허용할 색상 채널을 선택하세요.,translated,
modules/ettr/ettr.c:1675:name,modules/ettr/ettr.c,1675,name,Midtone SNR limit,중간톤 SNR 한계,translated,
modules/ettr/ettr.c:1680:help,modules/ettr/ettr.c,1680,help,Stop underexposing when at least half of the image gets,이미지의 절반 이상이 선택한 SNR보다 노이즈가,translated,
modules/ettr/ettr.c:1681:help2,modules/ettr/ettr.c,1681,help2,noisier than selected SNR => will clip more highlights.,심해지면 저노출을 멈춥니다 → 하이라이트가 더 클리핑됨,translated,
modules/ettr/ettr.c:1685:name,modules/ettr/ettr.c,1685,name,Shadow SNR limit,섀도우 SNR 한계,translated,
modules/ettr/ettr.c:1690:help,modules/ettr/ettr.c,1690,help,Stop underexposing when at least 5% of the image gets,이미지의 5% 이상이 선택한 SNR보다 노이즈가,translated,
modules/ettr/ettr.c:1691:help2,modules/ettr/ettr.c,1691,help2,noisier than selected SNR => will clip more highlights.,심해지면 저노출을 멈춥니다 → 하이라이트가 더 클리핑됨,translated,
modules/ettr/ettr.c:1695:name,modules/ettr/ettr.c,1695,name,Link to Canon shutter,캐논 셔터와 연동,translated,
modules/ettr/ettr.c:1698:help,modules/ettr/ettr.c,1698,help,Hack to adjust slowest shutter from main dial.,메인 다이얼로 최저 셔터 속도를 조정하는 기능입니다.,translated,
modules/ettr/ettr.c:1702:name,modules/ettr/ettr.c,1702,name,Link to Dual ISO,듀얼 ISO와 연동,translated,
modules/ettr/ettr.c:1705:help,modules/ettr/ettr.c,1705,help,Let ETTR change DualISO settings so you get the SNR values,ETTR가 듀얼 ISO 설정을 변경해 지정한 SNR 값을,translated,
modules/ettr/ettr.c:1706:help2,modules/ettr/ettr.c,1706,help2,in mids & shadows. It will disable dual ISO if not needed.,중간톤·섀도우에서 얻도록 합니다. 불필요하면 듀얼 ISO를 끕니다.,translated,
modules/ettr/ettr.c:1709:name,modules/ettr/ettr.c,1709,name,Show metered areas,측광 영역 표시,translated,
modules/ettr/ettr.c:1712:help,modules/ettr/ettr.c,1712,help,Show where the white point and the SNR levels are metered,화이트포인트와 SNR을 측정하는 영역을 표시합니다,translated,
modules/ettr/ettr.c:1713:help2,modules/ettr/ettr.c,1713,help2,"(what exactly is considered highlight, midtone and shadow).",(하이라이트·중간톤·섀도우로 간주되는 범위).,translated,
modules/ettr/ettr.c:1717:name,modules/ettr/ettr.c,1717,name,Allow beeps,알림음 허용,translated,
modules/ettr/ettr.c:1720:help,modules/ettr/ettr.c,1720,help,"Make status beeps (1 = OK, 2 = need more pictures, 3 = error).","상태 알림음을 냅니다(1=정상, 2=추가 촬영 필요, 3=오류).",translated,
modules/ettr/ettr.c:1724:name,modules/ettr/ettr.c,1724,name,Show debug info,디버그 정보 표시,translated,
modules/ettr/ettr.c:1728:help,modules/ettr/ettr.c,1728,help,For camera nerds.,카메라 마니아를 위한 기능입니다.,translated,
modules/ettr/ettr.c:1630:choice:0,modules/ettr/ettr.c,1630,choice:0,Always ON,항상 켜짐,translated,
modules/ettr/ettr.c:1630:choice:1,modules/ettr/ettr.c,1630,choice:1,Auto Snap,자동 스냅,translated,
modules/ettr/ettr.c:1630:choice:2,modules/ettr/ettr.c,1630,choice:2,Press SET,SET 누름,translated,
modules/ettr/ettr.c:1630:choice:3,modules/ettr/ettr.c,1630,choice:3,HalfS DblClick,반셔터 더블클릭,translated,
modules/ettr/ettr.c:1652:choice:0,modules/ettr/ettr.c,1652,choice:0,-4 EV,-4 EV,translated,
modules/ettr/ettr.c:1652:choice:1,modules/ettr/ettr.c,1652,choice:1,-3 EV,-3 EV,translated,
modules/ettr/ettr.c:1652:choice:2,modules/ettr/ettr.c,1652,choice:2,-2 EV,-2 EV,translated,
modules/ettr/ettr.c:1652:choice:3,modules/ettr/ettr.c,1652,choice:3,-1 EV,-1 EV,translated,
modules/ettr/ettr.c:1652:choice:4,modules/ettr/ettr.c,1652,choice:4,-0.5 EV,-0.5 EV,translated,
modules/ettr/ettr.c:1670:choice:0,modules/ettr/ettr.c,1670,choice:0,OFF,끔,translated,
modules/ettr/ettr.c:1670:choice:1,modules/ettr/ettr.c,1670,choice:1,Green channel,녹색 채널,translated,
modules/ettr/ettr.c:1670:choice:2,modules/ettr/ettr.c,1670,choice:2,Any channel,모든 채널,translated,
modules/ettr/ettr.c:1679:choice:0,modules/ettr/ettr.c,1679,choice:0,OFF,끔,translated,
modules/ettr/ettr.c:1679:choice:1,modules/ettr/ettr.c,1679,choice:1,1 EV,1 EV,translated,
modules/ettr/ettr.c:1679:choice:2,modules/ettr/ettr.c,1679,choice:2,2 EV,2 EV,translated,
modules/ettr/ettr.c:1679:choice:3,modules/ettr/ettr.c,1679,choice:3,3 EV,3 EV,translated,
modules/ettr/ettr.c:1679:choice:4,modules/ettr/ettr.c,1679,choice:4,4 EV,4 EV,translated,
modules/ettr/ettr.c:1679:choice:5,modules/ettr/ettr.c,1679,choice:5,5 EV,5 EV,translated,
modules/ettr/ettr.c:1679:choice:6,modules/ettr/ettr.c,1679,choice:6,6 EV,6 EV,translated,
modules/ettr/ettr.c:1679:choice:7,modules/ettr/ettr.c,1679,choice:7,7 EV,7 EV,translated,
modules/ettr/ettr.c:1679:choice:8,modules/ettr/ettr.c,1679,choice:8,8 EV,8 EV,translated,
modules/ettr/ettr.c:1689:choice:0,modules/ettr/ettr.c,1689,choice:0,OFF,끔,translated,
modules/ettr/ettr.c:1689:choice:1,modules/ettr/ettr.c,1689,choice:1,1 EV,1 EV,translated,
modules/ettr/ettr.c:1689:choice:2,modules/ettr/ettr.c,1689,choice:2,2 EV,2 EV,translated,
modules/ettr/ettr.c:1689:choice:3,modules/ettr/ettr.c,1689,choice:3,3 EV,3 EV,translated,
modules/ettr/ettr.c:1689:choice:4,modules/ettr/ettr.c,1689,choice:4,4 EV,4 EV,translated,
modules/ettr/ettr.c:1689:choice:5,modules/ettr/ettr.c,1689,choice:5,5 EV,5 EV,translated,
modules/ettr/ettr.c:1689:choice:6,modules/ettr/ettr.c,1689,choice:6,6 EV,6 EV,translated,
modules/dual_iso/dual_iso.c:941:name,modules/dual_iso/dual_iso.c,941,name,Dual ISO,듀얼 ISO,translated,
modules/dual_iso/dual_iso.c:945:help,modules/dual_iso/dual_iso.c,945,help,Alternate ISO for every 2 sensor scan lines.,센서 스캔라인 2줄마다 ISO를 번갈아 적용합니다.,translated,
modules/dual_iso/dual_iso.c:946:help2,modules/dual_iso/dual_iso.c,946,help2,"With some clever post, you get less shadow noise (more DR).",후보정을 잘하면 섀도우 노이즈가 줄어듭니다(다이내믹 레인지 향상).,translated,
modules/dual_iso/dual_iso.c:950:name,modules/dual_iso/dual_iso.c,950,name,Recovery ISO,복구 ISO,translated,
modules/dual_iso/dual_iso.c:957:help,modules/dual_iso/dual_iso.c,957,help,ISO for half of the scanlines (usually to recover shadows).,나머지 절반 스캔라인에 적용할 ISO입니다(주로 섀도우 복구용).,translated,
modules/dual_iso/dual_iso.c:958:help2,modules/dual_iso/dual_iso.c,958,help2,Can be absolute or relative to primary ISO from Canon menu.,절대값 또는 캐논 메뉴의 기본 ISO 기준 상대값으로 설정 가능합니다.,translated,
modules/dual_iso/dual_iso.c:961:name,modules/dual_iso/dual_iso.c,961,name,Dynamic range gained,확보된 다이내믹 레인지,translated,
modules/dual_iso/dual_iso.c:964:help,modules/dual_iso/dual_iso.c,964,help,[READ-ONLY] How much more DR you get with current settings,[읽기 전용] 현재 설정으로 얻는 추가 다이내믹 레인지,translated,
modules/dual_iso/dual_iso.c:965:help2,modules/dual_iso/dual_iso.c,965,help2,"(upper theoretical limit, estimated from DxO measurements)",(DxO 측정치 기반 이론적 상한값 추정),translated,
modules/dual_iso/dual_iso.c:968:name,modules/dual_iso/dual_iso.c,968,name,Midtone overlapping,중간톤 중첩,translated,
modules/dual_iso/dual_iso.c:971:help,modules/dual_iso/dual_iso.c,971,help,[READ-ONLY] How much of midtones will get better resolution,[읽기 전용] 해상도가 향상되는 중간톤의 비율,translated,
modules/dual_iso/dual_iso.c:972:help2,modules/dual_iso/dual_iso.c,972,help2,"Highlights/shadows will be half res, with aliasing/moire.",하이라이트·섀도우는 해상도가 절반이 되며 앨리어싱/무아레가 생길 수 있습니다.,translated,
modules/dual_iso/dual_iso.c:975:name,modules/dual_iso/dual_iso.c,975,name,Every other frame,교대 촬영,translated,
modules/dual_iso/dual_iso.c:978:help,modules/dual_iso/dual_iso.c,978,help,"Shoot one image with the hack, one without.","한 장은 듀얼 ISO 적용, 한 장은 미적용으로 촬영합니다.",translated,
modules/dual_iso/dual_iso.c:981:name,modules/dual_iso/dual_iso.c,981,name,Custom file prefix,사용자 지정 파일 접두어,translated,
modules/dual_iso/dual_iso.c:985:help,modules/dual_iso/dual_iso.c,985,help,Change file prefix for dual ISO photos (e.g. DUAL0001.CR2).,듀얼 ISO 사진의 파일 접두어를 변경합니다(예: DUAL0001.CR2).,translated,
modules/dual_iso/dual_iso.c:986:help2,modules/dual_iso/dual_iso.c,986,help2,Will not sync properly in burst mode or when taking pics quickly.,연속 촬영이나 빠른 연사 시에는 제대로 동기화되지 않습니다.,translated,
modules/dual_iso/dual_iso.c:182:choice:0,modules/dual_iso/dual_iso.c,182,choice:0,-6 EV,-6 EV,translated,
modules/dual_iso/dual_iso.c:182:choice:1,modules/dual_iso/dual_iso.c,182,choice:1,-5 EV,-5 EV,translated,
modules/dual_iso/dual_iso.c:182:choice:2,modules/dual_iso/dual_iso.c,182,choice:2,-4 EV,-4 EV,translated,
modules/dual_iso/dual_iso.c:182:choice:3,modules/dual_iso/dual_iso.c,182,choice:3,-3 EV,-3 EV,translated,
modules/dual_iso/dual_iso.c:182:choice:4,modules/dual_iso/dual_iso.c,182,choice:4,-2 EV,-2 EV,translated,
modules/dual_iso/dual_iso.c:182:choice:5,modules/dual_iso/dual_iso.c,182,choice:5,-1 EV,-1 EV,translated,
modules/dual_iso/dual_iso.c:182:choice:6,modules/dual_iso/dual_iso.c,182,choice:6,+1 EV,+1 EV,translated,
modules/dual_iso/dual_iso.c:182:choice:7,modules/dual_iso/dual_iso.c,182,choice:7,+2 EV,+2 EV,translated,
modules/dual_iso/dual_iso.c:182:choice:8,modules/dual_iso/dual_iso.c,182,choice:8,+3 EV,+3 EV,translated,
modules/dual_iso/dual_iso.c:182:choice:9,modules/dual_iso/dual_iso.c,182,choice:9,+4 EV,+4 EV,translated,
modules/dual_iso/dual_iso.c:182:choice:10,modules/dual_iso/dual_iso.c,182,choice:10,+5 EV,+5 EV,translated,
modules/dual_iso/dual_iso.c:182:choice:11,modules/dual_iso/dual_iso.c,182,choice:11,+6 EV,+6 EV,translated,
modules/dual_iso/dual_iso.c:182:choice:12,modules/dual_iso/dual_iso.c,182,choice:12,100,100,translated,
modules/dual_iso/dual_iso.c:182:choice:13,modules/dual_iso/dual_iso.c,182,choice:13,200,200,translated,
modules/dual_iso/dual_iso.c:182:choice:14,modules/dual_iso/dual_iso.c,182,choice:14,400,400,translated,
modules/dual_iso/dual_iso.c:182:choice:15,modules/dual_iso/dual_iso.c,182,choice:15,800,800,translated,
modules/dual_iso/dual_iso.c:182:choice:16,modules/dual_iso/dual_iso.c,182,choice:16,1600,1600,translated,
modules/dual_iso/dual_iso.c:182:choice:17,modules/dual_iso/dual_iso.c,182,choice:17,3200,3200,translated,
modules/dual_iso/dual_iso.c:182:choice:18,modules/dual_iso/dual_iso.c,182,choice:18,6400,6400,translated,
modules/dual_iso/dual_iso.c:956:choice:0,modules/dual_iso/dual_iso.c,956,choice:0,-6 EV,-6 EV,translated,
modules/dual_iso/dual_iso.c:956:choice:1,modules/dual_iso/dual_iso.c,956,choice:1,-5 EV,-5 EV,translated,
modules/dual_iso/dual_iso.c:956:choice:2,modules/dual_iso/dual_iso.c,956,choice:2,-4 EV,-4 EV,translated,
modules/dual_iso/dual_iso.c:956:choice:3,modules/dual_iso/dual_iso.c,956,choice:3,-3 EV,-3 EV,translated,
modules/dual_iso/dual_iso.c:956:choice:4,modules/dual_iso/dual_iso.c,956,choice:4,-2 EV,-2 EV,translated,
modules/dual_iso/dual_iso.c:956:choice:5,modules/dual_iso/dual_iso.c,956,choice:5,-1 EV,-1 EV,translated,
modules/dual_iso/dual_iso.c:956:choice:6,modules/dual_iso/dual_iso.c,956,choice:6,+1 EV,+1 EV,translated,
modules/dual_iso/dual_iso.c:956:choice:7,modules/dual_iso/dual_iso.c,956,choice:7,+2 EV,+2 EV,translated,
modules/dual_iso/dual_iso.c:956:choice:8,modules/dual_iso/dual_iso.c,956,choice:8,+3 EV,+3 EV,translated,
modules/dual_iso/dual_iso.c:956:choice:9,modules/dual_iso/dual_iso.c,956,choice:9,+4 EV,+4 EV,translated,
modules/dual_iso/dual_iso.c:956:choice:10,modules/dual_iso/dual_iso.c,956,choice:10,+5 EV,+5 EV,translated,
modules/dual_iso/dual_iso.c:956:choice:11,modules/dual_iso/dual_iso.c,956,choice:11,+6 EV,+6 EV,translated,
modules/dual_iso/dual_iso.c:956:choice:12,modules/dual_iso/dual_iso.c,956,choice:12,100,100,translated,
modules/dual_iso/dual_iso.c:956:choice:13,modules/dual_iso/dual_iso.c,956,choice:13,200,200,translated,
modules/dual_iso/dual_iso.c:956:choice:14,modules/dual_iso/dual_iso.c,956,choice:14,400,400,translated,
modules/dual_iso/dual_iso.c:956:choice:15,modules/dual_iso/dual_iso.c,956,choice:15,800,800,translated,
modules/dual_iso/dual_iso.c:956:choice:16,modules/dual_iso/dual_iso.c,956,choice:16,1600,1600,translated,
modules/dual_iso/dual_iso.c:956:choice:17,modules/dual_iso/dual_iso.c,956,choice:17,3200,3200,translated,
modules/dual_iso/dual_iso.c:956:choice:18,modules/dual_iso/dual_iso.c,956,choice:18,6400,6400,translated,
modules/dual_iso/dual_iso.c:984:choice:0,modules/dual_iso/dual_iso.c,984,choice:0,OFF,끔,translated,
modules/dual_iso/dual_iso.c:984:choice:1,modules/dual_iso/dual_iso.c,984,choice:1,DUAL (unreliable!),DUAL (불안정함!),translated,
modules/silent/silent.c:1769:name,modules/silent/silent.c,1769,name,Silent Picture,무음 촬영,translated,
modules/silent/silent.c:1774:help,modules/silent/silent.c,1774,help,Take pics in LiveView without moving the shutter mechanism.,셔터를 움직이지 않고 라이브 뷰에서 촬영합니다.,translated,
modules/silent/silent.c:1779:name,modules/silent/silent.c,1779,name,Silent Mode,무음 모드,translated,
modules/silent/silent.c:1792:help,modules/silent/silent.c,1792,help,Choose the silent picture mode:,무음 촬영 모드를 선택하세요:,translated,
modules/silent/silent.c:1803:name,modules/silent/silent.c,1803,name,Slit-Scan Mode,슬릿 스캔 모드,translated,
modules/silent/silent.c:1813:help,modules/silent/silent.c,1813,help,Choose slitscan mode:,슬릿 스캔 모드를 선택하세요:,translated,
modules/silent/silent.c:1823:name,modules/silent/silent.c,1823,name,Trigger Mode,트리거 모드,translated,
modules/silent/silent.c:1831:help,modules/silent/silent.c,1831,help,Choose when to capture the image:,촬영 시점을 선택하세요:,translated,
modules/silent/silent.c:1839:name,modules/silent/silent.c,1839,name,File Format,파일 형식,translated,
modules/silent/silent.c:1843:help,modules/silent/silent.c,1843,help,File format to save the image as:,저장할 이미지 파일 형식:,translated,
modules/silent/silent.c:1783:choice:0,modules/silent/silent.c,1783,choice:0,Simple,기본,translated,
modules/silent/silent.c:1783:choice:1,modules/silent/silent.c,1783,choice:1,Burst,연속 촬영,translated,
modules/silent/silent.c:1783:choice:2,modules/silent/silent.c,1783,choice:2,"Burst, End Trigger","연속 촬영, 종료 트리거",translated,
modules/silent/silent.c:1783:choice:3,modules/silent/silent.c,1783,choice:3,Best Focus,최적 초점,translated,
modules/silent/silent.c:1783:choice:4,modules/silent/silent.c,1783,choice:4,Slit-Scan,슬릿 스캔,translated,
modules/silent/silent.c:1783:choice:5,modules/silent/silent.c,1783,choice:5,Full-res,전체 해상도,translated,
modules/silent/silent.c:1783:choice:6,modules/silent/silent.c,1783,choice:6,Full-res LV,전체 해상도 LV,translated,
modules/silent/silent.c:1806:choice:0,modules/silent/silent.c,1806,choice:0,Top->Bottom,위->아래,translated,
modules/silent/silent.c:1806:choice:1,modules/silent/silent.c,1806,choice:1,Bottom->Top,아래->위,translated,
modules/silent/silent.c:1806:choice:2,modules/silent/silent.c,1806,choice:2,Left->Right,왼쪽->오른쪽,translated,
modules/silent/silent.c:1806:choice:3,modules/silent/silent.c,1806,choice:3,Right->Left,오른쪽->왼쪽,translated,
modules/silent/silent.c:1806:choice:4,modules/silent/silent.c,1806,choice:4,Horizontal,수평,translated,
modules/silent/silent.c:1826:choice:0,modules/silent/silent.c,1826,choice:0,Half-shutter press,셔터 반누름,translated,
modules/silent/silent.c:1826:choice:1,modules/silent/silent.c,1826,choice:1,Half-shutter release,셔터 반누름 해제,translated,
modules/silent/silent.c:1826:choice:2,modules/silent/silent.c,1826,choice:2,Delayed,지연,translated,
modules/silent/silent.c:1848:choice:0,modules/silent/silent.c,1848,choice:0,DNG,DNG,translated,
modules/silent/silent.c:1848:choice:1,modules/silent/silent.c,1848,choice:1,MLV,MLV,translated,
modules/silent/silent.c:1848:choice:2,modules/silent/silent.c,1848,choice:2,Lossless DNG,무손실 DNG,translated,
modules/dot_tune/dot_tune.c:664:name,modules/dot_tune/dot_tune.c,664,name,DotTune AFMA,DotTune AFMA,translated,
modules/dot_tune/dot_tune.c:666:help,modules/dot_tune/dot_tune.c,666,help,Auto calibrate AF microadjustment ( youtu.be/7zE50jCUPhM ),AF 미세조정을 자동으로 보정 ( youtu.be/7zE50jCUPhM ),translated,
modules/dot_tune/dot_tune.c:667:help2,modules/dot_tune/dot_tune.c,667,help2,"Before running, focus manually on a test target in LiveView.","실행 전, 라이브 뷰에서 테스트 대상에 수동으로 초점을 맞추세요.",translated,
modules/dot_tune/dot_tune.c:672:name,modules/dot_tune/dot_tune.c,672,name,Start Scan,스캔 시작,translated,
modules/dot_tune/dot_tune.c:676:help,modules/dot_tune/dot_tune.c,676,help,Step 1: achieve critical focus in LiveView with 10x zoom.,1단계: 라이브 뷰에서 10배 확대로 정확히 초점을 맞추세요.,translated,
modules/dot_tune/dot_tune.c:677:help2,modules/dot_tune/dot_tune.c,677,help2,Step 2: run this and leave the camera still for ~2 minutes.,2단계: 실행 후 약 2분간 카메라를 가만히 두세요.,translated,
modules/dot_tune/dot_tune.c:681:name,modules/dot_tune/dot_tune.c,681,name,Scan type,스캔 방식,translated,
modules/dot_tune/dot_tune.c:692:help,modules/dot_tune/dot_tune.c,692,help,AFMA scan type and range,AFMA 스캔 방식과 범위,translated,
modules/dot_tune/dot_tune.c:695:name,modules/dot_tune/dot_tune.c,695,name,Scan passes,스캔 횟수,translated,
modules/dot_tune/dot_tune.c:698:help,modules/dot_tune/dot_tune.c,698,help,Number of time to check for focus confirmation.,초점 확인을 반복할 횟수입니다.,translated,
modules/dot_tune/dot_tune.c:701:name,modules/dot_tune/dot_tune.c,701,name,AF microadjust,AF 미세조정,translated,
modules/dot_tune/dot_tune.c:704:help,modules/dot_tune/dot_tune.c,704,help,Adjust AFMA value manually. Range: -100...+100.,AFMA 값을 수동으로 조정합니다. 범위: -100~+100.,translated,
modules/dot_tune/dot_tune.c:714:name,modules/dot_tune/dot_tune.c,714,name,AFMA mode,AFMA 모드,translated,
modules/dot_tune/dot_tune.c:724:help,modules/dot_tune/dot_tune.c,724,help,Where to apply the AFMA adjustment.,AFMA 조정을 적용할 대상입니다.,translated,
modules/dot_tune/dot_tune.c:732:name,modules/dot_tune/dot_tune.c,732,name,AFMA mode,AFMA 모드,translated,
modules/dot_tune/dot_tune.c:744:help,modules/dot_tune/dot_tune.c,744,help,Where to apply the AFMA adjustment:,AFMA 조정을 적용할 대상:,translated,
modules/dot_tune/dot_tune.c:745:help2,modules/dot_tune/dot_tune.c,745,help2, \n, \n,translated,
modules/dot_tune/dot_tune.c:686:choice:0,modules/dot_tune/dot_tune.c,686,choice:0,Auto range detection,범위 자동 감지,translated,
modules/dot_tune/dot_tune.c:686:choice:1,modules/dot_tune/dot_tune.c,686,choice:1,Linear -20 .. +20,선형 -20 ~ +20,translated,
modules/dot_tune/dot_tune.c:686:choice:2,modules/dot_tune/dot_tune.c,686,choice:2,Linear -40 .. +40,선형 -40 ~ +40,translated,
modules/dot_tune/dot_tune.c:686:choice:3,modules/dot_tune/dot_tune.c,686,choice:3,Linear -100 .. +100,선형 -100 ~ +100,translated,
modules/dot_tune/dot_tune.c:719:choice:0,modules/dot_tune/dot_tune.c,719,choice:0,Disabled,사용 안 함,translated,
modules/dot_tune/dot_tune.c:719:choice:1,modules/dot_tune/dot_tune.c,719,choice:1,All lenses,모든 렌즈,translated,
modules/dot_tune/dot_tune.c:719:choice:2,modules/dot_tune/dot_tune.c,719,choice:2,This lens,이 렌즈,translated,
modules/dot_tune/dot_tune.c:737:choice:0,modules/dot_tune/dot_tune.c,737,choice:0,Disabled,사용 안 함,translated,
modules/dot_tune/dot_tune.c:737:choice:1,modules/dot_tune/dot_tune.c,737,choice:1,All lenses,모든 렌즈,translated,
modules/dot_tune/dot_tune.c:737:choice:2,modules/dot_tune/dot_tune.c,737,choice:2,"This lens, wide end","이 렌즈, 광각단",translated,
modules/dot_tune/dot_tune.c:737:choice:3,modules/dot_tune/dot_tune.c,737,choice:3,"This lens, tele end","이 렌즈, 망원단",translated,
modules/dot_tune/dot_tune.c:737:choice:4,modules/dot_tune/dot_tune.c,737,choice:4,"This lens, prime/both","이 렌즈, 단렌즈/양쪽",translated,
modules/autoexpo/autoexpo.c:461:name,modules/autoexpo/autoexpo.c,461,name,Auto exposure,자동 노출,translated,
modules/autoexpo/autoexpo.c:466:help,modules/autoexpo/autoexpo.c,466,help,Automatic exposure algorithm based on predefined curves.,미리 정의된 곡선 기반의 자동 노출 알고리즘입니다.,translated,
modules/autoexpo/autoexpo.c:467:help2,modules/autoexpo/autoexpo.c,467,help2,You have to press halfshutter for a while.,셔터를 반누름 상태로 잠시 유지해야 합니다.,translated,
modules/autoexpo/autoexpo.c:470:name,modules/autoexpo/autoexpo.c,470,name,Show graph,그래프 표시,translated,
modules/autoexpo/autoexpo.c:476:name,modules/autoexpo/autoexpo.c,476,name,Use in LV,라이브 뷰에서 사용,translated,
modules/autoexpo/autoexpo.c:480:help,modules/autoexpo/autoexpo.c,480,help,When you press halfshutter exposure will be set.,셔터를 반누름하면 노출이 설정됩니다.,translated,
modules/autoexpo/autoexpo.c:481:help2,modules/autoexpo/autoexpo.c,481,help2,After release you previos exposure will be restored.,반누름을 해제하면 이전 노출로 복원됩니다.,translated,
modules/autoexpo/autoexpo.c:484:name,modules/autoexpo/autoexpo.c,484,name,Lens aperture,렌즈 조리개,translated,
modules/autoexpo/autoexpo.c:488:help,modules/autoexpo/autoexpo.c,488,help,Simulate minimum aperture value.,최소 조리개 값을 시뮬레이션합니다.,translated,
modules/autoexpo/autoexpo.c:491:name,modules/autoexpo/autoexpo.c,491,name,TV minimum,TV 최소값,translated,
modules/autoexpo/autoexpo.c:496:help,modules/autoexpo/autoexpo.c,496,help,Set minimum shutter value.,최소 셔터 속도 값을 설정합니다.,translated,
modules/autoexpo/autoexpo.c:499:name,modules/autoexpo/autoexpo.c,499,name,Same TV curve,동일한 TV 곡선,translated,
modules/autoexpo/autoexpo.c:503:help,modules/autoexpo/autoexpo.c,503,help,Auto compensate minimum ISO & minimum AV & EC changes.,"최소 ISO, 최소 AV, EC 변경을 자동 보정합니다.",translated,
modules/autoexpo/autoexpo.c:506:name,modules/autoexpo/autoexpo.c,506,name,AV range,AV 범위,translated,
modules/autoexpo/autoexpo.c:510:help,modules/autoexpo/autoexpo.c,510,help,Use left & right for minimum. Main dial for maximum.,"왼쪽/오른쪽으로 최소값을, 메인 다이얼로 최대값을 설정합니다.",translated,
modules/autoexpo/autoexpo.c:513:name,modules/autoexpo/autoexpo.c,513,name,AV curve,AV 곡선,translated,
modules/autoexpo/autoexpo.c:517:help,modules/autoexpo/autoexpo.c,517,help,Main dial changes curve offset. Left & right sets EV steps per BV.,"메인 다이얼로 곡선 오프셋을, 왼쪽/오른쪽으로 BV당 EV 단계를 설정합니다.",translated,
modules/autoexpo/autoexpo.c:520:name,modules/autoexpo/autoexpo.c,520,name,ISO range,ISO 범위,translated,
modules/autoexpo/autoexpo.c:524:help,modules/autoexpo/autoexpo.c,524,help,Use left & right for minimum. Main dial for maximum.,"왼쪽/오른쪽으로 최소값을, 메인 다이얼로 최대값을 설정합니다.",translated,
modules/autoexpo/autoexpo.c:525:help2,modules/autoexpo/autoexpo.c,525,help2,Make sure that it corresponds to your extended ISO settings.,확장 ISO 설정과 일치하는지 확인하세요.,translated,
modules/autoexpo/autoexpo.c:528:name,modules/autoexpo/autoexpo.c,528,name,ISO curve,ISO 곡선,translated,
modules/autoexpo/autoexpo.c:532:help,modules/autoexpo/autoexpo.c,532,help,Main dial changes curve offset. Left & right sets EV steps per BV.,"메인 다이얼로 곡선 오프셋을, 왼쪽/오른쪽으로 BV당 EV 단계를 설정합니다.",translated,
modules/autoexpo/autoexpo.c:535:name,modules/autoexpo/autoexpo.c,535,name,EC,EC,translated,
modules/autoexpo/autoexpo.c:539:help,modules/autoexpo/autoexpo.c,539,help,Exposure compensation.,노출 보정입니다.,translated,
modules/autoexpo/autoexpo.c:542:name,modules/autoexpo/autoexpo.c,542,name,EC range,EC 범위,translated,
modules/autoexpo/autoexpo.c:546:help,modules/autoexpo/autoexpo.c,546,help,Use left & right for minimum. Main dial for maximum.,"왼쪽/오른쪽으로 최소값을, 메인 다이얼로 최대값을 설정합니다.",translated,
modules/autoexpo/autoexpo.c:549:name,modules/autoexpo/autoexpo.c,549,name,EC curve,EC 곡선,translated,
modules/autoexpo/autoexpo.c:553:help,modules/autoexpo/autoexpo.c,553,help,Main dial changes curve offset. Left & right sets EV steps per BV.,"메인 다이얼로 곡선 오프셋을, 왼쪽/오른쪽으로 BV당 EV 단계를 설정합니다.",translated,
modules/autoexpo/autoexpo.c:556:name,modules/autoexpo/autoexpo.c,556,name,Browse,찾아보기,translated,
modules/arkanoid/arkanoid.c:760:name,modules/arkanoid/arkanoid.c,760,name,Arkanoid,아르카노이드,translated,
modules/arkanoid/arkanoid.c:762:help,modules/arkanoid/arkanoid.c,762,help,Second game for Magic Lantern. Try it in LiveView.,매직 랜턴의 두 번째 게임입니다. 라이브 뷰에서 즐겨보세요.,translated,
modules/arkanoid/arkanoid.c:766:name,modules/arkanoid/arkanoid.c,766,name,Level,레벨,translated,
modules/arkanoid/arkanoid.c:773:name,modules/arkanoid/arkanoid.c,773,name,Sound,사운드,translated,
modules/deflick/deflick.c:209:name,modules/deflick/deflick.c,209,name,Post Deflicker,후반 디플리커,translated,
modules/deflick/deflick.c:213:help,modules/deflick/deflick.c,213,help,"Create sidecar files with exposure compensation,","노출 보정 정보를 담은 사이드카 파일을 생성하여,",translated,
modules/deflick/deflick.c:214:help2,modules/deflick/deflick.c,214,help2,"so all your pics look equally exposed, without flicker.",깜빡임 없이 모든 사진의 노출을 일정하게 맞춥니다.,translated,
modules/deflick/deflick.c:219:name,modules/deflick/deflick.c,219,name,Sidecar file type,사이드카 파일 형식,translated,
modules/deflick/deflick.c:223:help,modules/deflick/deflick.c,223,help,"Sidecar file format, for deflicker metadata.",디플리커 메타데이터용 사이드카 파일 형식입니다.,translated,
modules/deflick/deflick.c:226:name,modules/deflick/deflick.c,226,name,Deflicker percentile,디플리커 백분위수,translated,
modules/deflick/deflick.c:231:help,modules/deflick/deflick.c,231,help,Where to meter for deflicking. Recommended: 50% (median).,디플리킹 측광 기준입니다. 권장: 50%(중앙값).,translated,
modules/deflick/deflick.c:232:help2,modules/deflick/deflick.c,232,help2,Try 75% if you get black borders (e.g. Samyang 8mm on 5D).,검은 테두리가 생기면 75%를 시도하세요(예: 5D의 삼양 8mm).,translated,
modules/deflick/deflick.c:235:name,modules/deflick/deflick.c,235,name,Deflicker target level,디플리커 목표 레벨,translated,
modules/deflick/deflick.c:240:help,modules/deflick/deflick.c,240,help,Where to place the exposure level for processed pics,처리된 사진의 노출 레벨을 맞출 위치,translated,
modules/deflick/deflick.c:241:help2,modules/deflick/deflick.c,241,help2,EV below overexposure.,과다노출 기준 아래 EV 값입니다.,translated,
modules/deflick/deflick.c:222:choice:0,modules/deflick/deflick.c,222,choice:0,Adobe XMP,Adobe XMP,translated,
modules/deflick/deflick.c:222:choice:1,modules/deflick/deflick.c,222,choice:1,UFRaw,UFRaw,translated,
modules/deflick/deflick.c:239:choice:0,modules/deflick/deflick.c,239,choice:0,-8 EV,-8 EV,translated,
modules/deflick/deflick.c:239:choice:1,modules/deflick/deflick.c,239,choice:1,-7 EV,-7 EV,translated,
modules/deflick/deflick.c:239:choice:2,modules/deflick/deflick.c,239,choice:2,-6 EV,-6 EV,translated,
modules/deflick/deflick.c:239:choice:3,modules/deflick/deflick.c,239,choice:3,-5 EV,-5 EV,translated,
modules/deflick/deflick.c:239:choice:4,modules/deflick/deflick.c,239,choice:4,-4 EV,-4 EV,translated,
modules/deflick/deflick.c:239:choice:5,modules/deflick/deflick.c,239,choice:5,-3 EV,-3 EV,translated,
modules/deflick/deflick.c:239:choice:6,modules/deflick/deflick.c,239,choice:6,-2 EV,-2 EV,translated,
modules/deflick/deflick.c:239:choice:7,modules/deflick/deflick.c,239,choice:7,-1 EV,-1 EV,translated,
modules/img_name/img_name.c:255:name,modules/img_name/img_name.c,255,name,Image file naming,이미지 파일 이름,translated,
modules/img_name/img_name.c:258:help,modules/img_name/img_name.c,258,help,Customize image file naming for still pictures. Experimental.,정지 사진의 파일 이름 규칙을 설정합니다. 실험적 기능.,translated,
modules/img_name/img_name.c:259:help2,modules/img_name/img_name.c,259,help2,"Examples: IMG_1234.JPG -> ABCD1234.JPG, IMG_1234.JPG -> IMG_0001.JPG.","예: IMG_1234.JPG -> ABCD1234.JPG, IMG_1234.JPG -> IMG_0001.JPG.",translated,
modules/img_name/img_name.c:263:name,modules/img_name/img_name.c,263,name,Image file prefix,이미지 파일 접두사,translated,
modules/img_name/img_name.c:267:help,modules/img_name/img_name.c,267,help,Custom image file prefix (e.g. IMG_1234.JPG -> ABCD1234.JPG).,이미지 파일 접두사를 지정합니다(예: IMG_1234.JPG -> ABCD1234.JPG).,translated,
modules/img_name/img_name.c:268:help2,modules/img_name/img_name.c,268,help2,Might conflict with Dual ISO prefixes (to be tested).,듀얼 ISO 접두사와 충돌할 수 있습니다(테스트 필요).,translated,
modules/img_name/img_name.c:271:name,modules/img_name/img_name.c,271,name,Image file number,이미지 파일 번호,translated,
modules/img_name/img_name.c:278:help,modules/img_name/img_name.c,278,help,Custom image file number (e.g. IMG_1234.JPG -> IMG_5678.JPG).,이미지 파일 번호를 지정합니다(예: IMG_1234.JPG -> IMG_5678.JPG).,translated,
modules/img_name/img_name.c:279:help2,modules/img_name/img_name.c,279,help2,You will need to restart the camera for the changes to take effect.,변경 사항을 적용하려면 카메라를 재시작해야 합니다.,translated,
modules/img_name/img_name.c:282:name,modules/img_name/img_name.c,282,name,Image folder number,이미지 폴더 번호,translated,
modules/img_name/img_name.c:289:help,modules/img_name/img_name.c,289,help,Custom image folder num. You must take a picture to apply this setting.,이미지 폴더 번호를 지정합니다. 적용하려면 사진을 한 장 찍어야 합니다.,translated,
modules/img_name/img_name.c:290:help2,modules/img_name/img_name.c,290,help2,DCIM/100CANON/IMG_1234.JPG -> DCIM/123CANON/IMG_1234.JPG,DCIM/100CANON/IMG_1234.JPG -> DCIM/123CANON/IMG_1234.JPG,translated,
modules/lua/lua.c:1085:name,modules/lua/lua.c,1085,name,Run Script,스크립트 실행,translated,
modules/lua/lua.c:1089:help,modules/lua/lua.c,1089,help,Press SET to load/run this script.,SET을 눌러 이 스크립트를 불러와 실행합니다.,translated,
modules/lua/lua.c:1092:name,modules/lua/lua.c,1092,name,Edit Script,스크립트 편집,translated,
modules/lua/lua.c:1096:help,modules/lua/lua.c,1096,help,Load this script in the text editor (EDITOR.LUA).,텍스트 편집기(EDITOR.LUA)에서 이 스크립트를 엽니다.,translated,
modules/lua/lua.c:1099:name,modules/lua/lua.c,1099,name,Autorun,자동 실행,translated,
modules/lua/lua.c:1102:help,modules/lua/lua.c,1102,help,Select whether this script will be loaded at camera startup.,카메라 시작 시 이 스크립트를 불러올지 선택합니다.,translated,
modules/lua/lua.c:1124:name,modules/lua/lua.c,1124,name,Show console,콘솔 표시,translated,
modules/lua/lua.c:1128:help,modules/lua/lua.c,1128,help,Show/hide script console.,스크립트 콘솔을 표시하거나 숨깁니다.,translated,
modules/bench/bench.c:29:name,modules/bench/bench.c,29,name,Benchmarks,벤치마크,translated,
modules/bench/bench.c:31:help,modules/bench/bench.c,31,help,"Check how fast is your camera. Card, CPU, graphics...","카메라 속도를 측정합니다. 카드, CPU, 그래픽 등.",translated,
modules/bench/bench.c:35:name,modules/bench/bench.c,35,name,Card Benchmarks,카드 벤치마크,translated,
modules/bench/bench.c:37:help,modules/bench/bench.c,37,help,CF or SD card benchmarks,CF·SD 카드 벤치마크,translated,
modules/bench/bench.c:40:name,modules/bench/bench.c,40,name,Quick R/W benchmark (1 min),빠른 읽기/쓰기 테스트 (1분),translated,
modules/bench/bench.c:43:help,modules/bench/bench.c,43,help,Check card read/write speed with a 16MB buffer. Uses a 1GB temp file.,16MB 버퍼로 카드 읽기/쓰기 속도를 측정합니다. 1GB 임시 파일을 사용합니다.,translated,
modules/bench/bench.c:44:help2,modules/bench/bench.c,44,help2,"For raw video, you want to run it either in movie mode or in PLAY mode.",RAW 동영상용이라면 동영상 모드나 재생 모드에서 실행하세요.,translated,
modules/bench/bench.c:47:name,modules/bench/bench.c,47,name,CF+SD write benchmark (1 min),CF+SD 쓰기 테스트 (1분),translated,
modules/bench/bench.c:50:help,modules/bench/bench.c,50,help,Write speed on both CF and SD cards at the same time.,CF와 SD 카드에 동시에 쓰기 속도를 측정합니다.,translated,
modules/bench/bench.c:54:name,modules/bench/bench.c,54,name,Buffer R/W benchmark (5 min),버퍼 읽기/쓰기 테스트 (5분),translated,
modules/bench/bench.c:57:help,modules/bench/bench.c,57,help,"Checks various buffer sizes. You don't need it for raw video benchmarks,","다양한 버퍼 크기를 확인합니다. RAW 동영상 벤치마크에는 필요 없지만,",translated,
modules/bench/bench.c:58:help2,modules/bench/bench.c,58,help2,"but if you want to optimize the video buffering algorithms, try it.",동영상 버퍼링 알고리즘을 최적화하려면 사용해 보세요.,translated,
modules/bench/bench.c:61:name,modules/bench/bench.c,61,name,Buffer write benchmark (inf),버퍼 쓰기 테스트 (무한),translated,
modules/bench/bench.c:64:help,modules/bench/bench.c,64,help,Experiment for finding optimal write buffer sizes.,최적의 쓰기 버퍼 크기를 찾는 실험입니다.,translated,
modules/bench/bench.c:65:help2,modules/bench/bench.c,65,help2,Results saved in BENCH.LOG.,결과는 BENCH.LOG에 저장됩니다.,translated,
modules/bench/bench.c:71:name,modules/bench/bench.c,71,name,Memory Benchmarks,메모리 벤치마크,translated,
modules/bench/bench.c:73:help,modules/bench/bench.c,73,help,Memory or cache benchmarks,메모리·캐시 벤치마크,translated,
modules/bench/bench.c:76:name,modules/bench/bench.c,76,name,Memcpy benchmark (20s),Memcpy 테스트 (20초),translated,
modules/bench/bench.c:79:help,modules/bench/bench.c,79,help,Check memcpy speed using different subsystems.,여러 서브시스템으로 memcpy 속도를 측정합니다.,translated,
modules/bench/bench.c:80:help2,modules/bench/bench.c,80,help2,"(memcpy, dma_memcpy, DMA unit, EDMAC unit)","(memcpy, dma_memcpy, DMA 유닛, EDMAC 유닛)",translated,
modules/bench/bench.c:83:name,modules/bench/bench.c,83,name,Memory benchmark (1 min),메모리 테스트 (1분),translated,
modules/bench/bench.c:86:help,modules/bench/bench.c,86,help,Check memory read/write speed using different methods.,여러 방식으로 메모리 읽기/쓰기 속도를 측정합니다.,translated,
modules/bench/bench.c:87:help2,modules/bench/bench.c,87,help2,"(cacheable, uncacheable, EDMAC, different data types...)","(캐시 가능, 캐시 불가, EDMAC, 다양한 데이터 유형 등)",translated,
modules/bench/bench.c:90:name,modules/bench/bench.c,90,name,Cache benchmark (RAM),캐시 테스트 (RAM),translated,
modules/bench/bench.c:93:help,modules/bench/bench.c,93,help,Detect RAM cache size by benchmarking (look for a sharp speed drop).,벤치마크로 RAM 캐시 크기를 감지합니다 (속도가 급감하는 지점 확인).,translated,
modules/bench/bench.c:94:help2,modules/bench/bench.c,94,help2,Tip: load the 'plot' module to get a nice graph.,팁: 'plot' 모듈을 불러오면 그래프로 볼 수 있습니다.,translated,
modules/bench/bench.c:97:name,modules/bench/bench.c,97,name,"Cache benchmark (RAM, no cache)","캐시 테스트 (RAM, 캐시 없음)",translated,
modules/bench/bench.c:100:help,modules/bench/bench.c,100,help,This checks if the speed drop is indeed caused by cache overflow.,속도 저하가 실제로 캐시 오버플로우 때문인지 확인합니다.,translated,
modules/bench/bench.c:101:help2,modules/bench/bench.c,101,help2,Tip: load the 'plot' module to get a nice graph.,팁: 'plot' 모듈을 불러오면 그래프로 볼 수 있습니다.,translated,
modules/bench/bench.c:104:name,modules/bench/bench.c,104,name,Cache benchmark (ROM),캐시 테스트 (ROM),translated,
modules/bench/bench.c:107:help,modules/bench/bench.c,107,help,Detect ROM cache size by benchmarking (look for a sharp speed drop).,벤치마크로 ROM 캐시 크기를 감지합니다 (속도가 급감하는 지점 확인).,translated,
modules/bench/bench.c:108:help2,modules/bench/bench.c,108,help2,Tip: load the 'plot' module to get a nice graph.,팁: 'plot' 모듈을 불러오면 그래프로 볼 수 있습니다.,translated,
modules/bench/bench.c:114:name,modules/bench/bench.c,114,name,Misc Benchmarks,기타 벤치마크,translated,
modules/bench/bench.c:116:help,modules/bench/bench.c,116,help,Benchmarks for focus peaking and menu backend (for now),포커스 피킹과 메뉴 백엔드 벤치마크 (현재까지),translated,
modules/bench/bench.c:119:name,modules/bench/bench.c,119,name,Focus peaking benchmark (30s),포커스 피킹 테스트 (30초),translated,
modules/bench/bench.c:122:help,modules/bench/bench.c,122,help,Check how fast peaking runs in PLAY mode (1000 iterations).,재생 모드에서 피킹 속도를 측정합니다 (1000회 반복).,translated,
modules/bench/bench.c:123:help2,modules/bench/bench.c,123,help2,You should have a valid image on the card.,카드에 유효한 이미지가 있어야 합니다.,translated,
modules/bench/bench.c:126:name,modules/bench/bench.c,126,name,Menu benchmark (10s),메뉴 테스트 (10초),translated,
modules/bench/bench.c:129:help,modules/bench/bench.c,129,help,Check speed of menu backend.,메뉴 백엔드 속도를 측정합니다.,translated,
modules/selftest/selftest.c:2397:name,modules/selftest/selftest.c,2397,name,Self tests,자체 테스트,translated,
modules/selftest/selftest.c:2399:help,modules/selftest/selftest.c,2399,help,Tests to make sure Magic Lantern is stable and won't crash.,매직 랜턴의 안정성과 충돌 여부를 확인하는 테스트입니다.,translated,
modules/selftest/selftest.c:2403:name,modules/selftest/selftest.c,2403,name,Stubs API test,Stubs API 테스트,translated,
modules/selftest/selftest.c:2406:help,modules/selftest/selftest.c,2406,help,"Tests Canon functions called by ML. SET=once, PLAY=100x.","ML이 호출하는 캐논 함수를 테스트합니다. SET=1회, PLAY=100회.",translated,
modules/selftest/selftest.c:2409:name,modules/selftest/selftest.c,2409,name,Thread safety test,스레드 안전성 테스트,translated,
modules/selftest/selftest.c:2412:help,modules/selftest/selftest.c,2412,help,Tests various functions for thread safety. WIP.,여러 함수의 스레드 안전성을 테스트합니다. 개발 중.,translated,
modules/selftest/selftest.c:2415:name,modules/selftest/selftest.c,2415,name,RPC reliability test (infinite),RPC 신뢰성 테스트 (무한),translated,
modules/selftest/selftest.c:2418:help,modules/selftest/selftest.c,2418,help,Flood master with RPC requests and print delay. ,마스터에 RPC 요청을 대량 전송하고 지연 시간을 출력합니다. ,translated,
modules/selftest/selftest.c:2422:name,modules/selftest/selftest.c,2422,name,Quick test (around 15 min),빠른 테스트 (약 15분),translated,
modules/selftest/selftest.c:2425:help,modules/selftest/selftest.c,2425,help,A quick test which covers basic functionality. ,기본 기능을 확인하는 빠른 테스트입니다. ,translated,
modules/selftest/selftest.c:2428:name,modules/selftest/selftest.c,2428,name,Random tests (infinite loop),무작위 테스트 (무한 반복),translated,
modules/selftest/selftest.c:2431:help,modules/selftest/selftest.c,2431,help,A thorough test which randomly enables functions from menu. ,메뉴 기능을 무작위로 켜보는 정밀 테스트입니다. ,translated,
modules/selftest/selftest.c:2434:name,modules/selftest/selftest.c,2434,name,Menu backend test (infinite),메뉴 백엔드 테스트 (무한),translated,
modules/selftest/selftest.c:2437:help,modules/selftest/selftest.c,2437,help,Tests proper usage of Canon API calls in ML menu backend.,ML 메뉴 백엔드의 캐논 API 호출이 올바른지 테스트합니다.,translated,
modules/selftest/selftest.c:2440:name,modules/selftest/selftest.c,2440,name,Redraw test (infinite),다시 그리기 테스트 (무한),translated,
modules/selftest/selftest.c:2443:help,modules/selftest/selftest.c,2443,help,Causes excessive redraws for testing the graphics backend,그래픽 백엔드 테스트를 위해 화면을 과도하게 다시 그립니다,translated,
modules/selftest/selftest.c:2446:name,modules/selftest/selftest.c,2446,name,Rectangle test (infinite),사각형 테스트 (무한),translated,
modules/selftest/selftest.c:2449:help,modules/selftest/selftest.c,2449,help,Stresses graphics bandwith. Run this while recording.,그래픽 대역폭에 부하를 줍니다. 녹화 중에 실행하세요.,translated,
modules/selftest/selftest.c:2452:name,modules/selftest/selftest.c,2452,name,Info screen test (infinite),정보 화면 테스트 (무한),translated,
modules/selftest/selftest.c:2455:help,modules/selftest/selftest.c,2455,help,Switches INFO screens very quickly.,INFO 화면을 매우 빠르게 전환합니다.,translated,
modules/selftest/selftest.c:2456:help2,modules/selftest/selftest.c,2456,help2,This used to crash the 500D if the test was run while recording.,녹화 중 실행 시 500D에서 충돌이 발생하던 문제가 있었습니다.,translated,
modules/selftest/selftest.c:2459:name,modules/selftest/selftest.c,2459,name,SRM memory test (5 minutes),SRM 메모리 테스트 (5분),translated,
modules/selftest/selftest.c:2462:help,modules/selftest/selftest.c,2462,help,Tests SRM memory allocation routines.,SRM 메모리 할당 루틴을 테스트합니다.,translated,
modules/selftest/selftest.c:2465:name,modules/selftest/selftest.c,2465,name,Small-block malloc test (quick),소블록 malloc 테스트 (빠름),translated,
modules/selftest/selftest.c:2468:help,modules/selftest/selftest.c,2468,help,"Allocate up to 50000 small blocks, 32K each, until memory gets full.","32K 크기 블록을 최대 50000개까지, 메모리가 가득 찰 때까지 할당합니다.",translated,
modules/selftest/selftest.c:2471:name,modules/selftest/selftest.c,2471,name,Memory leak test (1 minute),메모리 누수 테스트 (1분),translated,
modules/selftest/selftest.c:2474:help,modules/selftest/selftest.c,2474,help,Allocate and free a large block of RAM (16 MB); repeat 1000 times.,16MB 크기의 RAM 블록을 할당·해제하는 과정을 1000회 반복합니다.,translated,
modules/selftest/selftest.c:2477:name,modules/selftest/selftest.c,2477,name,EDMAC screen test (infinite),EDMAC 화면 테스트 (무한),translated,
modules/selftest/selftest.c:2480:help,modules/selftest/selftest.c,2480,help,Shift the entire display left and right with EDMAC routines.,EDMAC 루틴으로 화면 전체를 좌우로 이동시킵니다.,translated,
modules/selftest/selftest.c:2481:help2,modules/selftest/selftest.c,2481,help2,Fixme: this will lock up if you change the video mode during the test.,참고: 테스트 중 동영상 모드를 변경하면 멈춥니다.,translated,
modules/selftest/selftest.c:2484:name,modules/selftest/selftest.c,2484,name,Null pointer test (quick),널 포인터 테스트 (빠름),translated,
modules/selftest/selftest.c:2487:help,modules/selftest/selftest.c,2487,help,Writes 0xBAADBAAD to address 0 (simulating a null pointer error).,주소 0에 0xBAADBAAD를 기록합니다 (널 포인터 오류 시뮬레이션).,translated,
modules/selftest/selftest.c:2488:help2,modules/selftest/selftest.c,2488,help2,ML should save a crash log about 0xBAADBAAD and should not crash.,ML은 0xBAADBAAD 관련 충돌 로그를 저장해야 하며 실제로 멈추면 안 됩니다.,translated,
modules/selftest/selftest.c:2494:name,modules/selftest/selftest.c,2494,name,Fault emulation,오류 재현,translated,
modules/selftest/selftest.c:2496:help,modules/selftest/selftest.c,2496,help,Causes intentionally wrong behavior to see DryOS reaction.,의도적으로 잘못된 동작을 일으켜 DryOS의 반응을 확인합니다.,translated,
modules/selftest/selftest.c:2497:help2,modules/selftest/selftest.c,2497,help2,You'll have to take the battery out after running most of these.,대부분 실행 후 배터리를 분리해야 합니다.,translated,
modules/selftest/selftest.c:2500:name,modules/selftest/selftest.c,2500,name,Create a stuck task,멈춘 태스크 생성,translated,
modules/selftest/selftest.c:2503:help,modules/selftest/selftest.c,2503,help,Creates a task which will become stuck in an infinite loop.,무한 루프에 갇히는 태스크를 생성합니다.,translated,
modules/selftest/selftest.c:2504:help2,modules/selftest/selftest.c,2504,help2,Low priority tasks (prio >= 0x1A) will no longer be able to run.,우선순위가 낮은 태스크(prio >= 0x1A)는 더 이상 실행되지 않습니다.,translated,
modules/selftest/selftest.c:2507:name,modules/selftest/selftest.c,2507,name,Freeze the GUI task,GUI 태스크 정지,translated,
modules/selftest/selftest.c:2509:help,modules/selftest/selftest.c,2509,help,Freezes main GUI task. Camera will stop reacting to buttons.,메인 GUI 태스크를 정지시킵니다. 카메라가 버튼에 반응하지 않게 됩니다.,translated,
modules/selftest/selftest.c:2512:name,modules/selftest/selftest.c,2512,name,Lock-up the ARM CPU,ARM CPU 잠금,translated,
modules/selftest/selftest.c:2515:help,modules/selftest/selftest.c,2515,help,Creates a task which will clear the interrupts and execute while(1).,인터럽트를 해제하고 while(1)을 실행하는 태스크를 생성합니다.,translated,
modules/selftest/selftest.c:2516:help2,modules/selftest/selftest.c,2516,help2,Anything still running after that would be secondary CPUs or hardware.,이후에도 계속 동작한다면 보조 CPU나 하드웨어일 것입니다.,translated,
modules/selftest/selftest.c:2519:name,modules/selftest/selftest.c,2519,name,Division by zero,0으로 나누기,translated,
modules/selftest/selftest.c:2522:help,modules/selftest/selftest.c,2522,help,Performs some math operations which will divide by zero.,0으로 나누는 연산을 수행합니다.,translated,
modules/selftest/selftest.c:2525:name,modules/selftest/selftest.c,2525,name,AllocateMemory 1MB,AllocateMemory 1MB,translated,
modules/selftest/selftest.c:2528:help,modules/selftest/selftest.c,2528,help,"Allocates 1MB RAM using AllocateMemory, without freeing it.",AllocateMemory로 1MB RAM을 할당하고 해제하지 않습니다.,translated,
modules/selftest/selftest.c:2529:help2,modules/selftest/selftest.c,2529,help2,"After running this a few times, you'll get ERR70.",몇 번 실행하면 ERR70이 발생합니다.,translated,
modules/selftest/selftest.c:2532:name,modules/selftest/selftest.c,2532,name,Allocate 10MB of RAM,RAM 10MB 할당,translated,
modules/selftest/selftest.c:2535:help,modules/selftest/selftest.c,2535,help,"Allocates 1MB RAM from any source, without freeing it.",아무 소스에서나 1MB RAM을 할당하고 해제하지 않습니다.,translated,
modules/selftest/selftest.c:2536:help2,modules/selftest/selftest.c,2536,help2,"After running this a few times, you'll run out of memory.",몇 번 실행하면 메모리가 부족해집니다.,translated,
modules/selftest/selftest.c:2554:name,modules/selftest/selftest.c,2554,name,Menu edit tests,메뉴 편집 테스트,translated,
modules/selftest/selftest.c:2556:help,modules/selftest/selftest.c,2556,help,Dummy variables with various edit ranges.,다양한 편집 범위를 가진 더미 변수입니다.,translated,
modules/selftest/selftest.c:2559:name,modules/selftest/selftest.c,2559,name,Decimal 0..5,10진수 0..5,translated,
modules/selftest/selftest.c:2567:name,modules/selftest/selftest.c,2567,name,Decimal 0..10,10진수 0..10,translated,
modules/selftest/selftest.c:2575:name,modules/selftest/selftest.c,2575,name,Decimal 0..15,10진수 0..15,translated,
modules/selftest/selftest.c:2583:name,modules/selftest/selftest.c,2583,name,Decimal 10..20,10진수 10..20,translated,
modules/selftest/selftest.c:2591:name,modules/selftest/selftest.c,2591,name,Decimal 0..99,10진수 0..99,translated,
modules/selftest/selftest.c:2598:name,modules/selftest/selftest.c,2598,name,Decimal 0..100,10진수 0..100,translated,
modules/selftest/selftest.c:2605:name,modules/selftest/selftest.c,2605,name,Decimal 25..150,10진수 25..150,translated,
modules/selftest/selftest.c:2612:name,modules/selftest/selftest.c,2612,name,Decimal -5..5,10진수 -5..5,translated,
modules/selftest/selftest.c:2619:name,modules/selftest/selftest.c,2619,name,Decimal -9..9,10진수 -9..9,translated,
modules/selftest/selftest.c:2626:name,modules/selftest/selftest.c,2626,name,Decimal -10..10,10진수 -10..10,translated,
modules/selftest/selftest.c:2633:name,modules/selftest/selftest.c,2633,name,Decimal -50..500,10진수 -50..500,translated,
modules/selftest/selftest.c:2640:name,modules/selftest/selftest.c,2640,name,Decimal 1..10000000,10진수 1..10000000,translated,
modules/selftest/selftest.c:2647:name,modules/selftest/selftest.c,2647,name,Hex 0..7,16진수 0..7,translated,
modules/selftest/selftest.c:2654:name,modules/selftest/selftest.c,2654,name,Hex 0..F,16진수 0..F,translated,
modules/selftest/selftest.c:2661:name,modules/selftest/selftest.c,2661,name,Hex 0..FF,16진수 0..FF,translated,
modules/selftest/selftest.c:2668:name,modules/selftest/selftest.c,2668,name,Hex 0..1FF,16진수 0..1FF,translated,
modules/selftest/selftest.c:2675:name,modules/selftest/selftest.c,2675,name,Hex 0..3FF,16진수 0..3FF,translated,
modules/selftest/selftest.c:2682:name,modules/selftest/selftest.c,2682,name,Hex 100..3FF,16진수 100..3FF,translated,
modules/selftest/selftest.c:2689:name,modules/selftest/selftest.c,2689,name,Hex 0..FFFFFFFF,16진수 0..FFFFFFFF,translated,
modules/selftest/selftest.c:2696:name,modules/selftest/selftest.c,2696,name,Time 0..10s,시간 0..10초,translated,
modules/selftest/selftest.c:2703:name,modules/selftest/selftest.c,2703,name,Time 0..1m,시간 0..1분,translated,
modules/selftest/selftest.c:2710:name,modules/selftest/selftest.c,2710,name,Time 0..1h,시간 0..1시간,translated,
modules/selftest/selftest.c:2717:name,modules/selftest/selftest.c,2717,name,Time 0..24h,시간 0..24시간,translated,
modules/selftest/selftest.c:2724:name,modules/selftest/selftest.c,2724,name,Time 0..500ms,시간 0..500ms,translated,
modules/selftest/selftest.c:2731:name,modules/selftest/selftest.c,2731,name,Time 113..512,시간 113..512,translated,
modules/adv_int/adv_int.c:752:name,modules/adv_int/adv_int.c,752,name,Ramping options,램핑 옵션,translated,
modules/adv_int/adv_int.c:757:help,modules/adv_int/adv_int.c,757,help,Advanced intervalometer ramping options.,고급 인터벌로미터 램핑 옵션입니다.,translated,
modules/adv_int/adv_int.c:761:name,modules/adv_int/adv_int.c,761,name,Enabled,사용,translated,
modules/adv_int/adv_int.c:764:help,modules/adv_int/adv_int.c,764,help,Enable advanced intervalometer ramping,고급 인터벌로미터 램핑을 사용합니다,translated,
modules/adv_int/adv_int.c:767:name,modules/adv_int/adv_int.c,767,name,Use Global Time,전역 시간 사용,translated,
modules/adv_int/adv_int.c:770:help,modules/adv_int/adv_int.c,770,help,Set keyframes by global time (time of day),키프레임을 전역 시간(하루 중 시각) 기준으로 설정합니다,translated,
modules/adv_int/adv_int.c:771:help2,modules/adv_int/adv_int.c,771,help2,You should clear all keyframes when switching this setting,이 설정을 변경하면 모든 키프레임을 지워야 합니다,translated,
modules/adv_int/adv_int.c:774:name,modules/adv_int/adv_int.c,774,name,Loop After,반복 시점,translated,
modules/adv_int/adv_int.c:779:help,modules/adv_int/adv_int.c,779,help,Loops keyframe sequence after x frames,x 프레임 후 키프레임 시퀀스를 반복합니다,translated,
modules/adv_int/adv_int.c:782:name,modules/adv_int/adv_int.c,782,name,External Source,외부 소스,translated,
modules/adv_int/adv_int.c:786:help,modules/adv_int/adv_int.c,786,help,Use this module with an external intervalometer,외부 인터벌로미터와 함께 이 모듈을 사용합니다,translated,
modules/adv_int/adv_int.c:789:name,modules/adv_int/adv_int.c,789,name,List Keyframes,키프레임 목록,translated,
modules/adv_int/adv_int.c:792:help,modules/adv_int/adv_int.c,792,help,Lists all keyframes,모든 키프레임을 나열합니다,translated,
modules/adv_int/adv_int.c:798:name,modules/adv_int/adv_int.c,798,name,Save Keyframes,키프레임 저장,translated,
modules/adv_int/adv_int.c:800:help,modules/adv_int/adv_int.c,800,help,Save current keyframes to file.,현재 키프레임을 파일로 저장합니다.,translated,
modules/adv_int/adv_int.c:801:help2,modules/adv_int/adv_int.c,801,help2,This sequence will be auto-loaded at startup.,이 시퀀스는 시작 시 자동으로 불러옵니다.,translated,
modules/adv_int/adv_int.c:804:name,modules/adv_int/adv_int.c,804,name,Clear Keyframes,키프레임 지우기,translated,
modules/adv_int/adv_int.c:806:help,modules/adv_int/adv_int.c,806,help,Clears all keyframes.,모든 키프레임을 지웁니다.,translated,
modules/adv_int/adv_int.c:807:help2,modules/adv_int/adv_int.c,807,help2,Note: this will not remove the saved sequence.,참고: 저장된 시퀀스는 삭제되지 않습니다.,translated,
modules/adv_int/adv_int.c:810:name,modules/adv_int/adv_int.c,810,name,New Keyframe...,새 키프레임...,translated,
modules/adv_int/adv_int.c:814:help,modules/adv_int/adv_int.c,814,help,Create a new keyframe from the current camera settings,현재 카메라 설정으로 새 키프레임을 만듭니다,translated,
modules/adv_int/adv_int.c:818:name,modules/adv_int/adv_int.c,818,name,Create Keyframe,키프레임 생성,translated,
modules/adv_int/adv_int.c:820:help,modules/adv_int/adv_int.c,820,help,Create a new keyframe from the current camera settings,현재 카메라 설정으로 새 키프레임을 만듭니다,translated,
modules/adv_int/adv_int.c:823:name,modules/adv_int/adv_int.c,823,name,Keyframe Time,키프레임 시간,translated,
modules/adv_int/adv_int.c:829:help,modules/adv_int/adv_int.c,829,help,The frame at which to apply this keyframe,이 키프레임을 적용할 프레임,translated,
modules/adv_int/adv_int.c:830:help2,modules/adv_int/adv_int.c,830,help2,* Computed time inacurate if ramping interval time,* 인터벌 시간을 램핑할 경우 계산된 시간이 정확하지 않을 수 있습니다,translated,
modules/adv_int/adv_int.c:833:name,modules/adv_int/adv_int.c,833,name,Shutter ,셔터,translated,
modules/adv_int/adv_int.c:840:help,modules/adv_int/adv_int.c,840,help,Include current Shutter in Keyframe,현재 셔터 값을 키프레임에 포함합니다,translated,
modules/adv_int/adv_int.c:844:name,modules/adv_int/adv_int.c,844,name,Enabled,사용,translated,
modules/adv_int/adv_int.c:848:help,modules/adv_int/adv_int.c,848,help,Include current Shutter in Keyframe,현재 셔터 값을 키프레임에 포함합니다,translated,
modules/adv_int/adv_int.c:851:name,modules/adv_int/adv_int.c,851,name,Adjust Shutter,셔터 조정,translated,
modules/adv_int/adv_int.c:855:help,modules/adv_int/adv_int.c,855,help,Fine-tune shutter value. Displays APEX Tv or degrees equiv.,셔터 값을 미세 조정합니다. APEX Tv 또는 각도 환산값을 표시합니다.,translated,
modules/adv_int/adv_int.c:862:name,modules/adv_int/adv_int.c,862,name,Aperture ,조리개,translated,
modules/adv_int/adv_int.c:869:help,modules/adv_int/adv_int.c,869,help,Include current Aperture in Keyframe,현재 조리개 값을 키프레임에 포함합니다,translated,
modules/adv_int/adv_int.c:873:name,modules/adv_int/adv_int.c,873,name,Enabled,사용,translated,
modules/adv_int/adv_int.c:877:help,modules/adv_int/adv_int.c,877,help,Include current Aperture in Keyframe,현재 조리개 값을 키프레임에 포함합니다,translated,
modules/adv_int/adv_int.c:880:name,modules/adv_int/adv_int.c,880,name,Adjust Aperture,조리개 조정,translated,
modules/adv_int/adv_int.c:884:help,modules/adv_int/adv_int.c,884,help,Adjust aperture. Also displays APEX aperture (Av) in stops.,조리개를 조정합니다. APEX 조리개값(Av)도 스톱 단위로 표시합니다.,translated,
modules/adv_int/adv_int.c:892:name,modules/adv_int/adv_int.c,892,name,ISO ,ISO,translated,
modules/adv_int/adv_int.c:898:help,modules/adv_int/adv_int.c,898,help,Include current ISO in Keyframe,현재 ISO 값을 키프레임에 포함합니다,translated,
modules/adv_int/adv_int.c:902:name,modules/adv_int/adv_int.c,902,name,Enabled,사용,translated,
modules/adv_int/adv_int.c:906:help,modules/adv_int/adv_int.c,906,help,Include current ISO in Keyframe,현재 ISO 값을 키프레임에 포함합니다,translated,
modules/adv_int/adv_int.c:909:name,modules/adv_int/adv_int.c,909,name,Adjust ISO,ISO 조정,translated,
modules/adv_int/adv_int.c:912:help,modules/adv_int/adv_int.c,912,help,Adjust and fine-tune ISO. Also displays APEX Sv value.,ISO를 조정 및 미세 조정합니다. APEX Sv 값도 표시합니다.,translated,
modules/adv_int/adv_int.c:919:name,modules/adv_int/adv_int.c,919,name,Focus,초점,translated,
modules/adv_int/adv_int.c:924:help,modules/adv_int/adv_int.c,924,help,The focus offset in steps,초점 오프셋(스텝 단위),translated,
modules/adv_int/adv_int.c:929:name,modules/adv_int/adv_int.c,929,name,Interval Time,촬영 간격,translated,
modules/adv_int/adv_int.c:934:help,modules/adv_int/adv_int.c,934,help,Changes the interval between shots,촬영 간 간격을 변경합니다,translated,
modules/adv_int/adv_int.c:937:name,modules/adv_int/adv_int.c,937,name,Bulb Duration,벌브 시간,translated,
modules/adv_int/adv_int.c:944:help,modules/adv_int/adv_int.c,944,help,Changes duration of the bulb timer,벌브 타이머 시간을 변경합니다,translated,
modules/adv_int/adv_int.c:947:name,modules/adv_int/adv_int.c,947,name,White Balance,화이트 밸런스,translated,
modules/adv_int/adv_int.c:951:help,modules/adv_int/adv_int.c,951,help,Changes the Kelvin white balance,켈빈 화이트 밸런스를 변경합니다,translated,
modules/crop_rec/crop_rec.c:1507:name,modules/crop_rec/crop_rec.c,1507,name,Crop mode,크롭 모드,translated,
modules/crop_rec/crop_rec.c:1513:name,modules/crop_rec/crop_rec.c,1513,name,Shutter range,셔터 범위,translated,
modules/crop_rec/crop_rec.c:1517:help,modules/crop_rec/crop_rec.c,1517,help,Choose the available shutter speed range:,사용 가능한 셔터 속도 범위를 선택하세요:,translated,
modules/crop_rec/crop_rec.c:1518:help2,modules/crop_rec/crop_rec.c,1518,help2,Original: default range used by Canon in selected video mode.\n,Original: 선택한 동영상 모드에서 캐논이 기본으로 사용하는 범위입니다.\n,translated,
modules/crop_rec/crop_rec.c:1522:name,modules/crop_rec/crop_rec.c,1522,name,Target YRES,목표 YRES,translated,
modules/crop_rec/crop_rec.c:1527:help,modules/crop_rec/crop_rec.c,1527,help,Desired vertical resolution (only for presets with higher resolution).,원하는 세로 해상도입니다(더 높은 해상도의 프리셋에만 적용).,translated,
modules/crop_rec/crop_rec.c:1528:help2,modules/crop_rec/crop_rec.c,1528,help2,Decrease if you get corrupted frames (dial the desired resolution here).,프레임이 깨지면 값을 낮추세요(여기서 원하는 해상도를 설정).,translated,
modules/crop_rec/crop_rec.c:1531:name,modules/crop_rec/crop_rec.c,1531,name,Delta ADTG 0,Delta ADTG 0,translated,
modules/crop_rec/crop_rec.c:1536:help,modules/crop_rec/crop_rec.c,1536,help,"ADTG 0x8178, 0x8196, 0x82F8","ADTG 0x8178, 0x8196, 0x82F8",translated,
modules/crop_rec/crop_rec.c:1537:help2,modules/crop_rec/crop_rec.c,1537,help2,May help pushing the resolution a little. Start with small increments.,해상도를 조금 더 높이는 데 도움이 될 수 있습니다. 작은 값부터 조금씩 조정하세요.,translated,
modules/crop_rec/crop_rec.c:1541:name,modules/crop_rec/crop_rec.c,1541,name,Delta ADTG 1,Delta ADTG 1,translated,
modules/crop_rec/crop_rec.c:1546:help,modules/crop_rec/crop_rec.c,1546,help,"ADTG 0x8179, 0x8197, 0x82F9","ADTG 0x8179, 0x8197, 0x82F9",translated,
modules/crop_rec/crop_rec.c:1547:help2,modules/crop_rec/crop_rec.c,1547,help2,May help pushing the resolution a little. Start with small increments.,해상도를 조금 더 높이는 데 도움이 될 수 있습니다. 작은 값부터 조금씩 조정하세요.,translated,
modules/crop_rec/crop_rec.c:1551:name,modules/crop_rec/crop_rec.c,1551,name,Delta HEAD3,Delta HEAD3,translated,
modules/crop_rec/crop_rec.c:1556:help2,modules/crop_rec/crop_rec.c,1556,help2,May help pushing the resolution a little. Start with small increments.,해상도를 조금 더 높이는 데 도움이 될 수 있습니다. 작은 값부터 조금씩 조정하세요.,translated,
modules/crop_rec/crop_rec.c:1560:name,modules/crop_rec/crop_rec.c,1560,name,Delta HEAD4,Delta HEAD4,translated,
modules/crop_rec/crop_rec.c:1565:help2,modules/crop_rec/crop_rec.c,1565,help2,May help pushing the resolution a little. Start with small increments.,해상도를 조금 더 높이는 데 도움이 될 수 있습니다. 작은 값부터 조금씩 조정하세요.,translated,
modules/crop_rec/crop_rec.c:1569:name,modules/crop_rec/crop_rec.c,1569,name,CMOS[1] lo,CMOS[1] lo,translated,
modules/crop_rec/crop_rec.c:1573:help,modules/crop_rec/crop_rec.c,1573,help,Start scanline (very rough). Use for vertical positioning.,시작 스캔라인(대략적인 값). 세로 위치 조정에 사용하세요.,translated,
modules/crop_rec/crop_rec.c:1577:name,modules/crop_rec/crop_rec.c,1577,name,CMOS[1] hi,CMOS[1] hi,translated,
modules/crop_rec/crop_rec.c:1581:help,modules/crop_rec/crop_rec.c,1581,help,End scanline (very rough). Increase if white bar at bottom.,끝 스캔라인(대략적인 값). 하단에 흰 줄이 보이면 값을 늘리세요.,translated,
modules/crop_rec/crop_rec.c:1582:help2,modules/crop_rec/crop_rec.c,1582,help2,Decrease if you get strange colors as you move the camera.,카메라를 움직일 때 색상이 이상해지면 값을 줄이세요.,translated,
modules/crop_rec/crop_rec.c:1586:name,modules/crop_rec/crop_rec.c,1586,name,CMOS[2],CMOS[2],translated,
modules/crop_rec/crop_rec.c:1590:help,modules/crop_rec/crop_rec.c,1590,help,Horizontal position / binning.,가로 위치 / 비닝입니다.,translated,
modules/crop_rec/crop_rec.c:1591:help2,modules/crop_rec/crop_rec.c,1591,help2,Use for horizontal centering.,가로 중앙 정렬에 사용하세요.,translated,
modules/crop_rec/crop_rec.c:1858:name,modules/crop_rec/crop_rec.c,1858,name,Crop info,크롭 정보,translated,
modules/crop_rec/crop_rec.c:1516:choice:0,modules/crop_rec/crop_rec.c,1516,choice:0,Original,Original,translated,
modules/crop_rec/crop_rec.c:1516:choice:1,modules/crop_rec/crop_rec.c,1516,choice:1,Full range,전체 범위,translated,
modules/dev_tools/edmac/edmac.c:739:name,modules/dev_tools/edmac/edmac.c,739,name,EDMAC tools,EDMAC 도구,translated,
modules/dev_tools/edmac/edmac.c:743:name,modules/dev_tools/edmac/edmac.c,743,name,Show EDMAC channels,EDMAC 채널 표시,translated,
modules/dev_tools/edmac/edmac.c:746:help,modules/dev_tools/edmac/edmac.c,746,help,Useful for finding image buffers.,이미지 버퍼를 찾는 데 유용합니다.,translated,
modules/dev_tools/edmac/edmac.c:749:name,modules/dev_tools/edmac/edmac.c,749,name,EDMAC display,EDMAC 디스플레이,translated,
modules/dev_tools/edmac/edmac.c:758:name,modules/dev_tools/edmac/edmac.c,758,name,Find free EDMAC channels,사용 가능한 EDMAC 채널 찾기,translated,
modules/dev_tools/edmac/edmac.c:761:help,modules/dev_tools/edmac/edmac.c,761,help,Useful to find which channels can be used in LiveView.\n,라이브 뷰에서 사용할 채널을 찾는 데 유용합니다.\n,translated,
modules/dev_tools/edmac/edmac.c:764:name,modules/dev_tools/edmac/edmac.c,764,name,Log EDMAC activity,EDMAC 활동 기록,translated,
modules/dev_tools/edmac/edmac.c:766:help,modules/dev_tools/edmac/edmac.c,766,help,Sample EDMAC activity on all channels and save a log file.,모든 채널의 EDMAC 활동을 샘플링하여 로그 파일로 저장합니다.,translated,
modules/dev_tools/edmac/edmac.c:767:help2,modules/dev_tools/edmac/edmac.c,767,help2,Useful for figuring out how image capture/processing works.,이미지 캡처/처리 방식을 파악하는 데 유용합니다.,translated,
modules/dev_tools/edmac/edmac.c:770:name,modules/dev_tools/edmac/edmac.c,770,name,Start logging,기록 시작,translated,
modules/dev_tools/edmac/edmac.c:773:help,modules/dev_tools/edmac/edmac.c,773,help,Start logging EDMAC activity.,EDMAC 활동 기록을 시작합니다.,translated,
modules/dev_tools/edmac/edmac.c:774:help2,modules/dev_tools/edmac/edmac.c,774,help2,Press shutter halfway to choose the exact moment.,셔터를 반누름하여 정확한 시점을 선택하세요.,translated,
modules/dev_tools/edmac/edmac.c:777:name,modules/dev_tools/edmac/edmac.c,777,name,Log every,기록 간격,translated,
modules/dev_tools/edmac/edmac.c:784:help,modules/dev_tools/edmac/edmac.c,784,help,Sampling interval (how often EDMAC channels are polled).,샘플링 간격입니다(EDMAC 채널을 확인하는 주기).,translated,
modules/dev_tools/edmac/edmac.c:785:help2,modules/dev_tools/edmac/edmac.c,785,help2,The logging buffer size is fixed at 2048 samples.,기록 버퍼 크기는 2048 샘플로 고정되어 있습니다.,translated,
modules/dev_tools/edmac/edmac.c:791:name,modules/dev_tools/edmac/edmac.c,791,name,EDMAC model test,EDMAC 모델 테스트,translated,
modules/dev_tools/edmac/edmac.c:794:help,modules/dev_tools/edmac/edmac.c,794,help,Tests to confirm our hypothesis on how EDMAC works.,EDMAC 동작 방식에 대한 가설을 확인하는 테스트입니다.,translated,
modules/dev_tools/edmac/edmac.c:795:help2,modules/dev_tools/edmac/edmac.c,795,help2,Should be executed on both camera and QEMU.,카메라와 QEMU 양쪽에서 실행해야 합니다.,translated,
modules/sd_uhs/sd_uhs.c:577:name,modules/sd_uhs/sd_uhs.c,577,name,SD Overclock,SD 오버클럭,translated,
modules/sd_uhs/sd_uhs.c:584:help,modules/sd_uhs/sd_uhs.c,584,help,"Choose an option, restart the camera to apply.",옵션을 선택한 후 카메라를 재시작하면 적용됩니다.,translated,
modules/sd_uhs/sd_uhs.c:585:name,modules/sd_uhs/sd_uhs.c,585,name,SD Frequency,SD 주파수,translated,
modules/sd_uhs/sd_uhs.c:589:name,modules/sd_uhs/sd_uhs.c,589,name,Access Mode,액세스 모드,translated,
modules/sd_uhs/sd_uhs.c:593:help,modules/sd_uhs/sd_uhs.c,593,help,SDR104 mode may be required for >100 MHz. It's ON by default.,100MHz 초과 시 SDR104 모드가 필요할 수 있습니다. 기본값은 켜짐입니다.,translated,
modules/sd_uhs/sd_uhs.c:594:help2,modules/sd_uhs/sd_uhs.c,594,help2,However some SD cards prefer SDR50 for high frequencies.,"단, 일부 SD카드는 고주파수에서 SDR50을 선호합니다.",translated,
modules/sd_uhs/sd_uhs.c:597:name,modules/sd_uhs/sd_uhs.c,597,name,Show CID info,CID 정보 표시,translated,
modules/sd_uhs/sd_uhs.c:599:help,modules/sd_uhs/sd_uhs.c,599,help,Read the contents of CID register.,CID 레지스터의 내용을 읽습니다.,translated,
modules/sd_uhs/sd_uhs.c:600:help2,modules/sd_uhs/sd_uhs.c,600,help2,CID register contains some information about an SD card.,CID 레지스터에는 SD카드에 대한 정보가 들어 있습니다.,translated,
modules/sd_uhs/sd_uhs.c:604:name,modules/sd_uhs/sd_uhs.c,604,name,MID:,MID:,translated,
modules/sd_uhs/sd_uhs.c:606:help,modules/sd_uhs/sd_uhs.c,606,help,Manufacturer ID.,제조사 ID입니다.,translated,
modules/sd_uhs/sd_uhs.c:610:name,modules/sd_uhs/sd_uhs.c,610,name,OID:,OID:,translated,
modules/sd_uhs/sd_uhs.c:612:help,modules/sd_uhs/sd_uhs.c,612,help,OEM/Application ID.,OEM/애플리케이션 ID입니다.,translated,
modules/sd_uhs/sd_uhs.c:616:name,modules/sd_uhs/sd_uhs.c,616,name,PNM:,PNM:,translated,
modules/sd_uhs/sd_uhs.c:618:help,modules/sd_uhs/sd_uhs.c,618,help,Product Name.,제품명입니다.,translated,
modules/sd_uhs/sd_uhs.c:622:name,modules/sd_uhs/sd_uhs.c,622,name,PRV:,PRV:,translated,
modules/sd_uhs/sd_uhs.c:624:help,modules/sd_uhs/sd_uhs.c,624,help,Product Revision.,제품 리비전입니다.,translated,
modules/sd_uhs/sd_uhs.c:628:name,modules/sd_uhs/sd_uhs.c,628,name,PSN:,PSN:,translated,
modules/sd_uhs/sd_uhs.c:630:help,modules/sd_uhs/sd_uhs.c,630,help,Serial Number.,일련번호입니다.,translated,
modules/sd_uhs/sd_uhs.c:634:name,modules/sd_uhs/sd_uhs.c,634,name,MDT:,MDT:,translated,
modules/sd_uhs/sd_uhs.c:636:help,modules/sd_uhs/sd_uhs.c,636,help,Manufacture Date Code.,제조 날짜 코드입니다.,translated,
modules/sd_uhs/sd_uhs.c:640:name,modules/sd_uhs/sd_uhs.c,640,name,CRC:,CRC:,translated,
modules/sd_uhs/sd_uhs.c:642:help,modules/sd_uhs/sd_uhs.c,642,help,CRC7 checksum.,CRC7 체크섬입니다.,translated,
modules/sd_uhs/sd_uhs.c:586:choice:0,modules/sd_uhs/sd_uhs.c,586,choice:0,OFF,끄기,translated,
modules/sd_uhs/sd_uhs.c:586:choice:1,modules/sd_uhs/sd_uhs.c,586,choice:1,160MHz,160MHz,translated,
modules/sd_uhs/sd_uhs.c:586:choice:2,modules/sd_uhs/sd_uhs.c,586,choice:2,192MHz,192MHz,translated,
modules/sd_uhs/sd_uhs.c:586:choice:3,modules/sd_uhs/sd_uhs.c,586,choice:3,240MHz,240MHz,translated,
modules/sd_uhs/sd_uhs.c:592:choice:0,modules/sd_uhs/sd_uhs.c,592,choice:0,SDR50,SDR50,translated,
modules/sd_uhs/sd_uhs.c:592:choice:1,modules/sd_uhs/sd_uhs.c,592,choice:1,SDR104,SDR104,translated,
