id,file,line,field,english,translation,status,note
src/af_patterns.c:390:name,src/af_patterns.c,390,name,Focus Shortcuts,,new,
src/af_patterns.c:393:help,src/af_patterns.c,393,help,"Choose af points directly, display OFF, arrows+SET.",,new,
src/af_patterns.c:394:help2,src/af_patterns.c,394,help2,Btw: Real focus patterns aren't working on 6D (yet?).,,new,
src/af_patterns.c:396:name,src/af_patterns.c,396,name,Focus Patterns,,new,
src/af_patterns.c:398:help,src/af_patterns.c,398,help,Custom AF patterns (photo mode only). Ported from 400plus.,,new,
src/af_patterns.c:402:name,src/af_patterns.c,402,name,Center selection,,new,
src/af_patterns.c:404:help,src/af_patterns.c,404,help,Select a center-based AF pattern with LEFT and RIGHT keys.,,new,
src/af_patterns.c:407:name,src/af_patterns.c,407,name,Horizontal selection,,new,
src/af_patterns.c:409:help,src/af_patterns.c,409,help,Select a horizontal AF pattern with LEFT and RIGHT keys.,,new,
src/af_patterns.c:412:name,src/af_patterns.c,412,name,Vertical selection,,new,
src/af_patterns.c:415:help,src/af_patterns.c,415,help,Select a vertical AF pattern with LEFT and RIGHT keys.,,new,
src/af_patterns.c:418:name,src/af_patterns.c,418,name,Shortcut keys,,new,
src/af_patterns.c:421:help,src/af_patterns.c,421,help,"Choose patterns outside ML menu, display OFF, arrows+SET.",,new,
src/audio-ak.c:453:name,src/audio-ak.c,453,name,Analog Gain,,new,
src/audio-ak.c:464:help,src/audio-ak.c,464,help,Gain applied to both inputs in analog domain (preferred).,,new,
src/audio-ak.c:470:name,src/audio-ak.c,470,name,Digital Gain,,new,
src/audio-ak.c:472:help,src/audio-ak.c,472,help,"Digital gain (not recommended, use only for headphones!)",,new,
src/audio-ak.c:476:name,src/audio-ak.c,476,name,Left Digital Gain,,new,
src/audio-ak.c:482:help,src/audio-ak.c,482,help,Digital gain (LEFT). Any nonzero value reduces quality.,,new,
src/audio-ak.c:485:name,src/audio-ak.c,485,name,Right Digital Gain,,new,
src/audio-ak.c:491:help,src/audio-ak.c,491,help,Digital gain (RIGHT). Any nonzero value reduces quality.,,new,
src/audio-ak.c:495:name,src/audio-ak.c,495,name,AGC,,new,
src/audio-ak.c:498:help,src/audio-ak.c,498,help,Automatic Gain Control - turn it off :),,new,
src/audio-ak.c:507:name,src/audio-ak.c,507,name,Input source,,new,
src/audio-ak.c:512:help,src/audio-ak.c,512,help,Audio input: internal / external / both / balanced / auto.,,new,
src/audio-ak.c:519:name,src/audio-ak.c,519,name,Wind Filter,,new,
src/audio-ak.c:521:help,src/audio-ak.c,521,help,High pass filter for wind noise reduction.,,new,
src/audio-ak.c:529:name,src/audio-ak.c,529,name,Close register log,,new,
src/audio-ak.c:536:name,src/audio-ak.c,536,name,Mic Power,,new,
src/audio-ak.c:540:help,src/audio-ak.c,540,help,"Needed for int. and some other mics, but lowers impedance.",,new,
src/audio-ak.c:548:name,src/audio-ak.c,548,name,Audio Meters,,new,
src/audio-ak.c:552:help,src/audio-ak.c,552,help,"While recording only. -40...0 dB, yellow -12 dB, red -3 dB.",,new,
src/audio-ak.c:554:help,src/audio-ak.c,554,help,"Bar peak decay, -40...0 dB, yellow at -12 dB, red at -3 dB.",,new,
src/audio-ak.c:563:name,src/audio-ak.c,563,name,Headphone Mon.,,new,
src/audio-ak.c:566:help,src/audio-ak.c,566,help,Monitoring via A-V jack. Disable if you use a SD display.,,new,
src/audio-ak.c:571:name,src/audio-ak.c,571,name,Headphone Volume,,new,
src/audio-ak.c:577:help,src/audio-ak.c,577,help,Output volume for audio monitoring (headphones only).,,new,
src/audio-common.c:423:name,src/audio-common.c,423,name,Audio meters,,new,
src/audio-lapis.c:544:name,src/audio-lapis.c,544,name,Override audio settings,,new,
src/audio-lapis.c:548:help,src/audio-lapis.c,548,help,Override audio setting by ML,,new,
src/audio-lapis.c:551:name,src/audio-lapis.c,551,name,Analog gain,,new,
src/audio-lapis.c:557:help,src/audio-lapis.c,557,help,Gain applied to both inputs in analog domain.,,new,
src/audio-lapis.c:560:name,src/audio-lapis.c,560,name,Mic Boost,,new,
src/audio-lapis.c:566:help,src/audio-lapis.c,566,help,Analog mic boost.,,new,
src/audio-lapis.c:569:name,src/audio-lapis.c,569,name,Digital Gain,,new,
src/audio-lapis.c:571:help,src/audio-lapis.c,571,help,Digital Volume and R-L gain,,new,
src/audio-lapis.c:575:name,src/audio-lapis.c,575,name,Record Effect Mode,,new,
src/audio-lapis.c:580:help,src/audio-lapis.c,580,help,"Choose mode :Notch,EQ,Notch/EQ,Enhance [12],Loudness.",,new,
src/audio-lapis.c:583:name,src/audio-lapis.c,583,name,Record Digital Volume ,,new,
src/audio-lapis.c:587:help,src/audio-lapis.c,587,help,Record Digital Volume. ,,new,
src/audio-lapis.c:590:name,src/audio-lapis.c,590,name,Left Digital Gain ,,new,
src/audio-lapis.c:595:help,src/audio-lapis.c,595,help,Digital gain (LEFT). Any nonzero value reduces quality.,,new,
src/audio-lapis.c:598:name,src/audio-lapis.c,598,name,Right Digital Gain,,new,
src/audio-lapis.c:603:help,src/audio-lapis.c,603,help,Digital gain (RIGHT). Any nonzero value reduces quality.,,new,
src/audio-lapis.c:606:name,src/audio-lapis.c,606,name,AGC,,new,
src/audio-lapis.c:609:help,src/audio-lapis.c,609,help,Automatic Gain Control - turn it off :),,new,
src/audio-lapis.c:617:name,src/audio-lapis.c,617,name,Input source,,new,
src/audio-lapis.c:623:help,src/audio-lapis.c,623,help,Audio input: internal / external / both / auto.,,new,
src/audio-lapis.c:627:name,src/audio-lapis.c,627,name,Wind Filter,,new,
src/audio-lapis.c:628:help,src/audio-lapis.c,628,help,High pass filter for wind noise reduction. ML26121A.pdf p77,,new,
src/audio-lapis.c:634:name,src/audio-lapis.c,634,name,DC filter,,new,
src/audio-lapis.c:638:help,src/audio-lapis.c,638,help,first-order high pass filter for DC cut,,new,
src/audio-lapis.c:641:name,src/audio-lapis.c,641,name,High Pass filter,,new,
src/audio-lapis.c:644:help,src/audio-lapis.c,644,help,second-order high pass filter for noise cut,,new,
src/audio-lapis.c:647:name,src/audio-lapis.c,647,name,HPF2 Cutoff Hz,,new,
src/audio-lapis.c:652:help,src/audio-lapis.c,652,help,Set the cut off frequency for noise reduction,,new,
src/audio-lapis.c:670:name,src/audio-lapis.c,670,name,Headphone Mon.,,new,
src/audio-lapis.c:673:help,src/audio-lapis.c,673,help,Monitoring via A-V jack. Disable if you use a SD display.,,new,
src/audio-lapis.c:677:name,src/audio-lapis.c,677,name,Headphone Volume,,new,
src/audio-lapis.c:683:help,src/audio-lapis.c,683,help,Output volume for audio monitoring (headphones only).,,new,
src/audio-lapis.c:688:name,src/audio-lapis.c,688,name,Audio Meters,,new,
src/audio-lapis.c:691:help,src/audio-lapis.c,691,help,"Bar peak decay, -40...0 dB, yellow at -12 dB, red at -3 dB.",,new,
src/audio-lapis.c:555:choice:0,src/audio-lapis.c,555,choice:0,0 dB,,new,
src/audio-lapis.c:555:choice:1,src/audio-lapis.c,555,choice:1,+6 dB,,new,
src/audio-lapis.c:555:choice:2,src/audio-lapis.c,555,choice:2,+15 dB,,new,
src/audio-lapis.c:555:choice:3,src/audio-lapis.c,555,choice:3,+24 dB,,new,
src/audio-lapis.c:555:choice:4,src/audio-lapis.c,555,choice:4,+33 dB,,new,
src/audio-lapis.c:555:choice:5,src/audio-lapis.c,555,choice:5,+35 dB,,new,
src/audio-lapis.c:564:choice:0,src/audio-lapis.c,564,choice:0,0 dB,,new,
src/audio-lapis.c:564:choice:1,src/audio-lapis.c,564,choice:1,+5 dB,,new,
src/audio-lapis.c:564:choice:2,src/audio-lapis.c,564,choice:2,+10 dB,,new,
src/audio-lapis.c:564:choice:3,src/audio-lapis.c,564,choice:3,+15 dB,,new,
src/audio-lapis.c:564:choice:4,src/audio-lapis.c,564,choice:4,+20 dB,,new,
src/audio-lapis.c:564:choice:5,src/audio-lapis.c,564,choice:5,+25 dB,,new,
src/audio-lapis.c:564:choice:6,src/audio-lapis.c,564,choice:6,+30 dB,,new,
src/audio-lapis.c:579:choice:0,src/audio-lapis.c,579,choice:0,Notch Filter,,new,
src/audio-lapis.c:579:choice:1,src/audio-lapis.c,579,choice:1,EQ,,new,
src/audio-lapis.c:579:choice:2,src/audio-lapis.c,579,choice:2,Notch EQ,,new,
src/audio-lapis.c:579:choice:3,src/audio-lapis.c,579,choice:3,Enhnc REC,,new,
src/audio-lapis.c:579:choice:4,src/audio-lapis.c,579,choice:4,Enhnc RECPLAY,,new,
src/audio-lapis.c:579:choice:5,src/audio-lapis.c,579,choice:5,Loud,,new,
src/audio-lapis.c:651:choice:0,src/audio-lapis.c,651,choice:0,80Hz,,new,
src/audio-lapis.c:651:choice:1,src/audio-lapis.c,651,choice:1,100Hz,,new,
src/audio-lapis.c:651:choice:2,src/audio-lapis.c,651,choice:2,130Hz,,new,
src/audio-lapis.c:651:choice:3,src/audio-lapis.c,651,choice:3,160Hz,,new,
src/audio-lapis.c:651:choice:4,src/audio-lapis.c,651,choice:4,200Hz,,new,
src/audio-lapis.c:651:choice:5,src/audio-lapis.c,651,choice:5,260Hz,,new,
src/audio-lapis.c:651:choice:6,src/audio-lapis.c,651,choice:6,320Hz,,new,
src/audio-lapis.c:651:choice:7,src/audio-lapis.c,651,choice:7,400Hz,,new,
src/audio-lapis.c:682:choice:0,src/audio-lapis.c,682,choice:0,0 dB,,new,
src/audio-lapis.c:682:choice:1,src/audio-lapis.c,682,choice:1,+2 dB,,new,
src/audio-lapis.c:682:choice:2,src/audio-lapis.c,682,choice:2,+4 dB,,new,
src/audio-lapis.c:682:choice:3,src/audio-lapis.c,682,choice:3,+6 dB,,new,
src/audio-lapis.c:682:choice:4,src/audio-lapis.c,682,choice:4,+8 dB,,new,
src/audio-lapis.c:682:choice:5,src/audio-lapis.c,682,choice:5,+10 dB,,new,
src/audio-lapis.c:682:choice:6,src/audio-lapis.c,682,choice:6,+11 dB,,new,
src/beep.c:1007:name,src/beep.c,1007,name,Speaker Volume,,new,
src/beep.c:1012:help,src/beep.c,1012,help,Volume for ML beeps and WAV playback (1-5).,,new,
src/beep.c:1016:name,src/beep.c,1016,name,"Beep, test tones",,new,
src/beep.c:1020:help,src/beep.c,1020,help,"Configure ML beeps and play test tones (440Hz, 1kHz...)",,new,
src/beep.c:1023:name,src/beep.c,1023,name,Enable Beeps,,new,
src/beep.c:1026:help,src/beep.c,1026,help,Enable beep signal for misc events in ML.,,new,
src/beep.c:1029:name,src/beep.c,1029,name,Tone Waveform,,new,
src/beep.c:1033:help,src/beep.c,1033,help,"Type of waveform to be generated: square, sine, white noise.",,new,
src/beep.c:1036:name,src/beep.c,1036,name,Tone Frequency,,new,
src/beep.c:1042:help,src/beep.c,1042,help,Frequency for ML beep and test tones (Hz).,,new,
src/beep.c:1045:name,src/beep.c,1045,name,Play test tone,,new,
src/beep.c:1049:help,src/beep.c,1049,help,Play a 5-second test tone with current settings.,,new,
src/beep.c:1052:name,src/beep.c,1052,name,Test beep sound,,new,
src/beep.c:1056:help,src/beep.c,1056,help,Play a short beep which will be used for ML events.,,new,
src/beep.c:1064:name,src/beep.c,1064,name,Sound Recorder,,new,
src/beep.c:1066:help,src/beep.c,1066,help,Record and playback short audio clips (WAV).,,new,
src/beep.c:1069:name,src/beep.c,1069,name,File name,,new,
src/beep.c:1072:help,src/beep.c,1072,help,Select a file name for playback.,,new,
src/beep.c:1075:name,src/beep.c,1075,name,Record,,new,
src/beep.c:1078:help,src/beep.c,1078,help,Press SET to start or stop recording.,,new,
src/beep.c:1081:name,src/beep.c,1081,name,Playback selected file,,new,
src/beep.c:1083:help,src/beep.c,1083,help,"Play back a WAV file, in built-in speaker or headphones.",,new,
src/beep.c:1086:name,src/beep.c,1086,name,Delete selected file,,new,
src/beep.c:1088:help,src/beep.c,1088,help,Be careful :),,new,
src/bitrate-5d3.c:105:name,src/bitrate-5d3.c,105,name,REC indicators,,new,
src/bitrate-5d3.c:153:name,src/bitrate-5d3.c,153,name,Bit Rate     ,,new,
src/bitrate-5d3.c:157:help,src/bitrate-5d3.c,157,help,H.264 bitrate. One unit = 10 mb/s.,,new,
src/bitrate-5d3.c:161:name,src/bitrate-5d3.c,161,name,Load H264.ini     ,,new,
src/bitrate-5d3.c:166:help,src/bitrate-5d3.c,166,help,Bitrate settings,,new,
src/bitrate-5d3.c:171:name,src/bitrate-5d3.c,171,name,REC indicator,,new,
src/bitrate-5d3.c:176:help,src/bitrate-5d3.c,176,help,What to display in top-right corner while recording.,,new,
src/bitrate-6d.c:474:name,src/bitrate-6d.c,474,name,Encoder,,new,
src/bitrate-6d.c:476:help,src/bitrate-6d.c,476,help,"Change H.264 bitrate. Pick configs. Be careful, recording may stop!",,new,
src/bitrate-6d.c:481:name,src/bitrate-6d.c,481,name,Bit Rate     ,,new,
src/bitrate-6d.c:487:help,src/bitrate-6d.c,487,help,H.264 bitrate. One unit = 10 mb/s. 0 = Off,,new,
src/bitrate-6d.c:488:help2,src/bitrate-6d.c,488,help2,If not loading a config MUST set InitQP,,new,
src/bitrate-6d.c:491:name,src/bitrate-6d.c,491,name,InitQP     ,,new,
src/bitrate-6d.c:497:help,src/bitrate-6d.c,497,help,Init QP - Lower is better. 0 = Off,,new,
src/bitrate-6d.c:498:help2,src/bitrate-6d.c,498,help2,Overriding dynamic configs will result in fixed QP,,new,
src/bitrate-6d.c:501:name,src/bitrate-6d.c,501,name,Flush rate,,new,
src/bitrate-6d.c:506:help,src/bitrate-6d.c,506,help,Flush movie buffer every n frames.,,new,
src/bitrate-6d.c:509:name,src/bitrate-6d.c,509,name,GOP size,,new,
src/bitrate-6d.c:514:help,src/bitrate-6d.c,514,help,Set GOP size to n frames.,,new,
src/bitrate-6d.c:517:name,src/bitrate-6d.c,517,name,Autoload Conf  ,,new,
src/bitrate-6d.c:522:help,src/bitrate-6d.c,522,help,Auto Load Config at Start and/or Override BR/InitQP,,new,
src/bitrate-6d.c:526:name,src/bitrate-6d.c,526,name,Config Select,,new,
src/bitrate-6d.c:531:help,src/bitrate-6d.c,531,help,Select an Encoder Config. If off H264.ini will load. Exit menu to apply.,,new,
src/bitrate-6d.c:537:name,src/bitrate-6d.c,537,name,Load Config,,new,
src/bitrate-6d.c:539:help,src/bitrate-6d.c,539,help,Manual Load Config from selection,,new,
src/bitrate-6d.c:543:name,src/bitrate-6d.c,543,name,Config Loaded ,,new,
src/bitrate-6d.c:550:help,src/bitrate-6d.c,550,help,Config Loaded. Disabling may keep some of the parameters,,new,
src/bitrate-6d.c:555:name,src/bitrate-6d.c,555,name,REC indicator,,new,
src/bitrate-6d.c:560:help,src/bitrate-6d.c,560,help,What to display in top-right corner while recording.,,new,
src/bitrate-6d.c:567:name,src/bitrate-6d.c,567,name,Sound Record,,new,
src/bitrate-6d.c:572:help,src/bitrate-6d.c,572,help,Record audio with WAV separately. Source will auto select.,,new,
src/bitrate-6d.c:575:name,src/bitrate-6d.c,575,name,Input Volume,,new,
src/bitrate-6d.c:581:help,src/bitrate-6d.c,581,help,Record audio with WAV separately.,,new,
src/bitrate.c:522:name,src/bitrate.c,522,name,Bit Rate,,new,
src/bitrate.c:527:help,src/bitrate.c,527,help,"Change H.264 bitrate. Be careful, recording may stop!",,new,
src/bitrate.c:531:name,src/bitrate.c,531,name,Mode,,new,
src/bitrate.c:537:help,src/bitrate.c,537,help,Firmware default / CBR (recommended) / VBR (very risky),,new,
src/bitrate.c:540:name,src/bitrate.c,540,name,CBR factor,,new,
src/bitrate.c:547:help,src/bitrate.c,547,help,"1.0x = Canon default, 0.4x = 30minutes, 1.4x = fast card.",,new,
src/bitrate.c:550:name,src/bitrate.c,550,name,QScale,,new,
src/bitrate.c:557:help,src/bitrate.c,557,help,Quality factor (-16 = best quality). Try not to use it!,,new,
src/bitrate.c:560:name,src/bitrate.c,560,name,Bitrate Info,,new,
src/bitrate.c:563:help,src/bitrate.c,563,help,"A = average, B = instant bitrate, Q = instant QScale.",,new,
src/bitrate.c:566:name,src/bitrate.c,566,name,BuffWarnLevel,,new,
src/bitrate.c:571:help,src/bitrate.c,571,help,ML will pause CPU-intensive graphics if buffer gets full.,,new,
src/bitrate.c:580:name,src/bitrate.c,580,name,Sound Record,,new,
src/bitrate.c:585:help,src/bitrate.c,585,help,You may get higher bitrates if you record sound separately.,,new,
src/bitrate.c:593:name,src/bitrate.c,593,name,Time Indicator,,new,
src/bitrate.c:595:help,src/bitrate.c,595,help,Time indicator while recording.,,new,
src/bitrate.c:605:name,src/bitrate.c,605,name,Time indicator,,new,
src/config.c:874:name,src/config.c,874,name,Config options,,new,
src/config.c:878:help,src/config.c,878,help,"Config auto save, manual save, restore defaults...",,new,
src/config.c:881:name,src/config.c,881,name,SET at startup,,new,
src/config.c:887:help,src/config.c,887,help,[GLOBAL] If you hold the SET button pressed at camera startup:,,new,
src/config.c:888:help2,src/config.c,888,help2,Do not load ML if you start the camera with SET pressed (default)\n,,new,
src/config.c:892:name,src/config.c,892,name,Config preset,,new,
src/config.c:899:help,src/config.c,899,help,Choose a configuration preset.,,new,
src/config.c:902:name,src/config.c,902,name,Config AutoSave,,new,
src/config.c:906:help,src/config.c,906,help,"If enabled, ML settings are saved automatically at shutdown.",,new,
src/config.c:909:name,src/config.c,909,name,Save config now,,new,
src/config.c:912:help,src/config.c,912,help,Save ML settings to current preset directory.,,new,
src/config.c:915:name,src/config.c,915,name,Restore ML defaults,,new,
src/config.c:918:help,src/config.c,918,help,"This restores ML default settings, by deleting all CFG files.",,new,
src/config.c:884:choice:0,src/config.c,884,choice:0,Bypass loading ML,,new,
src/config.c:884:choice:1,src/config.c,884,choice:1,Required to load ML,,new,
src/console.c:71:name,src/console.c,71,name,Debug Console,,new,
src/crop-mode-hack.c:79:name,src/crop-mode-hack.c,79,name,Movie crop mode,,new,
src/crop-mode-hack.c:84:help,src/crop-mode-hack.c,84,help,Enables 600D movie crop-mode,,new,
src/cropmarks.c:174:name,src/cropmarks.c,174,name,Cropmarks,,new,
src/cropmarks.c:178:help,src/cropmarks.c,178,help,Cropmarks or custom grids for framing.,,new,
src/cropmarks.c:184:name,src/cropmarks.c,184,name,Bitmap,,new,
src/cropmarks.c:189:help,src/cropmarks.c,189,help,You can draw your own cropmarks in Paint.,,new,
src/cropmarks.c:192:name,src/cropmarks.c,192,name,Show in photo mode,,new,
src/cropmarks.c:196:help,src/cropmarks.c,196,help,Cropmarks are mostly used in movie mode.,,new,
src/cropmarks.c:199:name,src/cropmarks.c,199,name,Show in PLAY mode,,new,
src/cropmarks.c:202:help,src/cropmarks.c,202,help,You may also have cropmarks in Playback mode.,,new,
src/debug.c:891:name,src/debug.c,891,name,Memory Browser,,new,
src/debug.c:894:help,src/debug.c,894,help,Display memory contents in real-time (hexdump).,,new,
src/debug.c:897:name,src/debug.c,897,name,HexDump,,new,
src/debug.c:902:help,src/debug.c,902,help,Address to be analyzed. Press Q to select the digit to edit.,,new,
src/debug.c:905:name,src/debug.c,905,name,Pointer dereference,,new,
src/debug.c:907:help,src/debug.c,907,help,Changes address to *(int*)addr [SET] or goes back [PLAY].,,new,
src/debug.c:910:name,src/debug.c,910,name,Val hex32,,new,
src/debug.c:913:help,src/debug.c,913,help,Value as hex.,,new,
src/debug.c:916:name,src/debug.c,916,name,Val int32,,new,
src/debug.c:919:help,src/debug.c,919,help,Value as int32.,,new,
src/debug.c:922:name,src/debug.c,922,name,Val int16,,new,
src/debug.c:925:help,src/debug.c,925,help,Value as 2 x int16. Toggle: changes second value.,,new,
src/debug.c:928:name,src/debug.c,928,name,Val int8,,new,
src/debug.c:930:help,src/debug.c,930,help,Value as 4 x int8.,,new,
src/debug.c:933:name,src/debug.c,933,name,Val string,,new,
src/debug.c:935:help,src/debug.c,935,help,Value as string.,,new,
src/debug.c:942:name,src/debug.c,942,name,Flashlight,,new,
src/debug.c:945:help,src/debug.c,945,help,Turn on the front LED [PLAY] or make display bright [SET].,,new,
src/debug.c:949:name,src/debug.c,949,name,Screenshot - 10s,,new,
src/debug.c:951:help,src/debug.c,951,help,Screenshot after 10 seconds => VRAMx.BMP.,,new,
src/debug.c:952:help2,src/debug.c,952,help2,The screenshot will contain BMP and YUV overlays.,,new,
src/debug.c:956:name,src/debug.c,956,name,Menu screenshots,,new,
src/debug.c:959:help,src/debug.c,959,help,Take a screenshot for each ML menu.,,new,
src/debug.c:964:name,src/debug.c,964,name,Draw palette,,new,
src/debug.c:966:help,src/debug.c,966,help,Display a test pattern to see the color palette.,,new,
src/debug.c:970:name,src/debug.c,970,name,Spy properties,,new,
src/debug.c:973:help,src/debug.c,973,help,Show properties as they change.,,new,
src/debug.c:976:name,src/debug.c,976,name,Dialog test,,new,
src/debug.c:978:help,src/debug.c,978,help,Dialog templates (up/dn) and color palettes (left/right),,new,
src/debug.c:982:name,src/debug.c,982,name,Dump ROM and RAM,,new,
src/debug.c:986:help,src/debug.c,986,help,"ROM0.BIN:F0000000, ROM1.BIN:F8000000, RAM4.BIN",,new,
src/debug.c:988:help,src/debug.c,988,help,"ROM0.BIN:      NA, ROM1.BIN:FE000000, RAM4.BIN",,new,
src/debug.c:990:help,src/debug.c,990,help,"ROM0.BIN:E0000000, ROM1.BIN:F0000000, RAM4.BIN",,new,
src/debug.c:994:name,src/debug.c,994,name,Dump image buffers,,new,
src/debug.c:997:help,src/debug.c,997,help,"Dump all image buffers (LV, HD, RAW) from current video mode.",,new,
src/debug.c:1001:name,src/debug.c,1001,name,Unmount SD card,,new,
src/debug.c:1004:help,src/debug.c,1004,help,"Run before uploading files to a Wi-Fi card, to avoid data corruption.",,new,
src/debug.c:1005:help2,src/debug.c,1005,help2,No further writes will be performed on your card from the camera.,,new,
src/debug.c:1010:name,src/debug.c,1010,name,Don't click me!,,new,
src/debug.c:1013:help,src/debug.c,1013,help,The camera may turn into a 1DX or it may explode.,,new,
src/debug.c:1018:name,src/debug.c,1018,name,Bootflag settings,,new,
src/debug.c:1020:help,src/debug.c,1020,help,Change camera bootflag status,,new,
src/debug.c:1023:name,src/debug.c,1023,name,Disable bootflag,,new,
src/debug.c:1025:help,src/debug.c,1025,help,Calls DisableBootDisk EvProc,,new,
src/debug.c:1028:name,src/debug.c,1028,name,Enable bootflag,,new,
src/debug.c:1030:help,src/debug.c,1030,help,Calls EnableBootDisk EvProc,,new,
src/debug.c:1038:name,src/debug.c,1038,name,DM Log,,new,
src/debug.c:1041:help,src/debug.c,1041,help,Log DebugMessages,,new,
src/debug.c:1044:name,src/debug.c,1044,name,TryPostEvent Log,,new,
src/debug.c:1047:help,src/debug.c,1047,help,Log TryPostEvents,,new,
src/debug.c:1052:name,src/debug.c,1052,name,Show tasks,,new,
src/debug.c:1054:help,src/debug.c,1054,help,Displays the tasks started by Canon and Magic Lantern.,,new,
src/debug.c:1057:name,src/debug.c,1057,name,Task list,,new,
src/debug.c:1061:help,src/debug.c,1061,help,"Task info: name, priority, stack memory usage.",,new,
src/debug.c:1063:help,src/debug.c,1063,help,"Task info: ID, name, priority, wait_id, mem, state.",,new,
src/debug.c:1073:name,src/debug.c,1073,name,Show CPU usage,,new,
src/debug.c:1077:help,src/debug.c,1077,help,Display total CPU usage (percentage).,,new,
src/debug.c:1083:name,src/debug.c,1083,name,Show GUI events,,new,
src/debug.c:1087:help,src/debug.c,1087,help,Display GUI events (button codes).,,new,
src/debug.c:1092:name,src/debug.c,1092,name,Test GUI modes (DANGEROUS!!!),,new,
src/debug.c:1095:help,src/debug.c,1095,help,Cycle through all GUI modes and take screenshots.,,new,
src/debug.c:1101:name,src/debug.c,1101,name,Image buffers,,new,
src/debug.c:1104:help,src/debug.c,1104,help,Display the image buffer sizes (LiveView and Craw).,,new,
src/debug.c:1110:name,src/debug.c,1110,name,Shutter Count,,new,
src/debug.c:1114:help,src/debug.c,1114,help,Number of shutter actions. Open submenu to learn more.,,new,
src/debug.c:1119:name,src/debug.c,1119,name,Total Shutter,,new,
src/debug.c:1122:help,src/debug.c,1122,help,Number of mechanical shutter actions (incl. sensor cleaning),,new,
src/debug.c:1125:name,src/debug.c,1125,name,Total Mirror,,new,
src/debug.c:1128:help,src/debug.c,1128,help,"Number of mirror move actions (DSLR, 0 on mirrorless)",,new,
src/debug.c:1131:name,src/debug.c,1131,name,Total Shots,,new,
src/debug.c:1134:help,src/debug.c,1134,help,Number of photos made. Incl. silent (electronic) shots,,new,
src/debug.c:1139:help,src/debug.c,1139,help,Number of pics taken + number of LiveView actuations,,new,
src/debug.c:1147:name,src/debug.c,1147,name,Internal Temp,,new,
src/debug.c:1151:help,src/debug.c,1151,help,EFIC chip temperature (somewhere on the mainboard).,,new,
src/debug.c:1153:help,src/debug.c,1153,help,EFIC chip temperature (raw values).,,new,
src/debug.c:1154:help2,src/debug.c,1154,help2,http://www.magiclantern.fm/forum/index.php?topic=9673.0,,new,
src/debug.c:1161:name,src/debug.c,1161,name,Ambient light,,new,
src/debug.c:1163:help,src/debug.c,1163,help,"Ambient light from the sensor under LCD, in raw units.",,new,
src/debug.c:1169:name,src/debug.c,1169,name,Battery level,,new,
src/debug.c:1171:help,src/debug.c,1171,help,Battery remaining. Wait for 2% discharge before reading.,,new,
src/debug.c:1177:name,src/debug.c,1177,name,PROP Display,,new,
src/debug.c:1182:help,src/debug.c,1182,help,Raw property display (read-only),,new,
src/electronic_level.c:145:name,src/electronic_level.c,145,name,Electronic level,,new,
src/fio-ml.c:925:name,src/fio-ml.c,925,name,Card settings,,new,
src/fio-ml.c:927:help,src/fio-ml.c,927,help,Preferences related to SD/CF card operation.,,new,
src/fio-ml.c:931:name,src/fio-ml.c,931,name,CF card,,new,
src/fio-ml.c:933:help,src/fio-ml.c,933,help,CF card info: make and model.,,new,
src/fio-ml.c:937:name,src/fio-ml.c,937,name,Card test at startup,,new,
src/fio-ml.c:941:help,src/fio-ml.c,941,help,File write test. Some cards may have compatibility issues.,,new,
src/fio-ml.c:944:name,src/fio-ml.c,944,name,CF card workaround,,new,
src/fio-ml.c:947:help,src/fio-ml.c,947,help,Slows down the CF write speed to let you use certain cards.,,new,
src/fio-ml.c:948:help2,src/fio-ml.c,948,help2,(e.g. Kingston 16GB 266x is known to require this),,new,
src/fio-ml.c:952:name,src/fio-ml.c,952,name,Preferred card,,new,
src/fio-ml.c:957:help,src/fio-ml.c,957,help,Make sure your preferred card is selected at startup.,,new,
src/fio-ml.c:958:help2,src/fio-ml.c,958,help2,This changes Canon card selection at startup - nothing else.,,new,
src/fio-ml.c:956:choice:0,src/fio-ml.c,956,choice:0,OFF,,new,
src/fio-ml.c:956:choice:1,src/fio-ml.c,956,choice:1,CF,,new,
src/fio-ml.c:956:choice:2,src/fio-ml.c,956,choice:2,SD,,new,
src/flexinfo.c:103:name,src/flexinfo.c,103,name,Top bar,,new,
src/flexinfo.c:105:name,src/flexinfo.c,105,name,Bottom bar,,new,
src/flexinfo.c:110:name,src/flexinfo.c,110,name,time hrs,,new,
src/flexinfo.c:111:name,src/flexinfo.c,111,name,time :,,new,
src/flexinfo.c:112:name,src/flexinfo.c,112,name,time min,,new,
src/flexinfo.c:115:name,src/flexinfo.c,115,name,GB,,new,
src/flexinfo.c:116:name,src/flexinfo.c,116,name,Space GB,,new,
src/flexinfo.c:119:name,src/flexinfo.c,119,name,Pics,,new,
src/flexinfo.c:122:name,src/flexinfo.c,122,name,°C,,new,
src/flexinfo.c:123:name,src/flexinfo.c,123,name,Temp,,new,
src/flexinfo.c:124:name,src/flexinfo.c,124,name,TempBG,,new,
src/flexinfo.c:129:name,src/flexinfo.c,129,name,mode,,new,
src/flexinfo.c:132:name,src/flexinfo.c,132,name,focal,,new,
src/flexinfo.c:133:name,src/flexinfo.c,133,name,focal mm,,new,
src/flexinfo.c:136:name,src/flexinfo.c,136,name,aperture,,new,
src/flexinfo.c:139:name,src/flexinfo.c,139,name,shutter,,new,
src/flexinfo.c:142:name,src/flexinfo.c,142,name,ISO icon,,new,
src/flexinfo.c:143:name,src/flexinfo.c,143,name,ISO val,,new,
src/flexinfo.c:146:name,src/flexinfo.c,146,name,wbmode,,new,
src/flexinfo.c:149:name,src/flexinfo.c,149,name,dist,,new,
src/flexinfo.c:162:name,src/flexinfo.c,162,name,ISO Range,,new,
src/flexinfo.c:165:name,src/flexinfo.c,165,name,WB GM,,new,
src/flexinfo.c:166:name,src/flexinfo.c,166,name,WB BA,,new,
src/flexinfo.c:169:name,src/flexinfo.c,169,name,Battery Icon,,new,
src/flexinfo.c:175:name,src/flexinfo.c,175,name,MLU,,new,
src/flexinfo.c:178:name,src/flexinfo.c,178,name,Kelvin,,new,
src/flexinfo.c:181:name,src/flexinfo.c,181,name,Pics (clear),,new,
src/flexinfo.c:182:name,src/flexinfo.c,182,name,Pics,,new,
src/flexinfo.c:185:name,src/flexinfo.c,185,name,Date,,new,
src/flexinfo.c:186:name,src/flexinfo.c,186,name,Build,,new,
src/flexinfo.c:188:name,src/flexinfo.c,188,name,Card label,,new,
src/flexinfo.c:189:name,src/flexinfo.c,189,name,Copyright,,new,
src/flexinfo.c:192:name,src/flexinfo.c,192,name,GB,,new,
src/flexinfo.c:193:name,src/flexinfo.c,193,name,Space,,new,
src/flexinfo.c:196:name,src/flexinfo.c,196,name,Hrs,,new,
src/flexinfo.c:197:name,src/flexinfo.c,197,name,:,,new,
src/flexinfo.c:198:name,src/flexinfo.c,198,name,Min,,new,
src/flexinfo.c:199:name,src/flexinfo.c,199,name,Sec,,new,
src/flexinfo.c:204:name,src/flexinfo.c,204,name,ISO Range,,new,
src/flexinfo.c:207:name,src/flexinfo.c,207,name,WB GM,,new,
src/flexinfo.c:208:name,src/flexinfo.c,208,name,WB BA,,new,
src/flexinfo.c:211:name,src/flexinfo.c,211,name,Battery Icon,,new,
src/flexinfo.c:217:name,src/flexinfo.c,217,name,MLU,,new,
src/flexinfo.c:220:name,src/flexinfo.c,220,name,Kelvin,,new,
src/flexinfo.c:223:name,src/flexinfo.c,223,name,Pics (clear),,new,
src/flexinfo.c:224:name,src/flexinfo.c,224,name,Pics,,new,
src/flexinfo.c:227:name,src/flexinfo.c,227,name,Date,,new,
src/flexinfo.c:228:name,src/flexinfo.c,228,name,Build,,new,
src/flexinfo.c:230:name,src/flexinfo.c,230,name,Lens,,new,
src/flexinfo.c:231:name,src/flexinfo.c,231,name,Copyright,,new,
src/flexinfo.c:234:name,src/flexinfo.c,234,name,GB,,new,
src/flexinfo.c:235:name,src/flexinfo.c,235,name,Space,,new,
src/flexinfo.c:238:name,src/flexinfo.c,238,name,Hrs,,new,
src/flexinfo.c:239:name,src/flexinfo.c,239,name,:,,new,
src/flexinfo.c:240:name,src/flexinfo.c,240,name,Min,,new,
src/flexinfo.c:241:name,src/flexinfo.c,241,name,Sec,,new,
src/flexinfo.c:246:name,src/flexinfo.c,246,name,ISO Range,,new,
src/flexinfo.c:249:name,src/flexinfo.c,249,name,WB GM,,new,
src/flexinfo.c:250:name,src/flexinfo.c,250,name,WB BA,,new,
src/flexinfo.c:253:name,src/flexinfo.c,253,name,Battery Icon,,new,
src/flexinfo.c:259:name,src/flexinfo.c,259,name,MLU,,new,
src/flexinfo.c:262:name,src/flexinfo.c,262,name,Kelvin,,new,
src/flexinfo.c:265:name,src/flexinfo.c,265,name,HDR,,new,
src/flexinfo.c:268:name,src/flexinfo.c,268,name,Time,,new,
src/flexinfo.c:273:name,src/flexinfo.c,273,name,ISO Range,,new,
src/flexinfo.c:276:name,src/flexinfo.c,276,name,WB GM,,new,
src/flexinfo.c:277:name,src/flexinfo.c,277,name,WB BA,,new,
src/flexinfo.c:280:name,src/flexinfo.c,280,name,Battery Icon,,new,
src/flexinfo.c:286:name,src/flexinfo.c,286,name,MLU,,new,
src/flexinfo.c:289:name,src/flexinfo.c,289,name,Kelvin,,new,
src/flexinfo.c:292:name,src/flexinfo.c,292,name,HDR,,new,
src/flexinfo.c:295:name,src/flexinfo.c,295,name,Time,,new,
src/flexinfo.c:300:name,src/flexinfo.c,300,name,WB BA,,new,
src/flexinfo.c:301:name,src/flexinfo.c,301,name,WB GM,,new,
src/flexinfo.c:304:name,src/flexinfo.c,304,name,MLU,,new,
src/flexinfo.c:307:name,src/flexinfo.c,307,name,Kelvin,,new,
src/flexinfo.c:308:name,src/flexinfo.c,308,name,Kelvin (clear),,new,
src/flexinfo.c:311:name,src/flexinfo.c,311,name,Time,,new,
src/flexinfo.c:314:name,src/flexinfo.c,314,name,HDR,,new,
src/flexinfo.c:317:name,src/flexinfo.c,317,name,Space (clear),,new,
src/flexinfo.c:318:name,src/flexinfo.c,318,name,Space Pics,,new,
src/flexinfo.c:319:name,src/flexinfo.c,319,name,Space GB,,new,
src/flexinfo.c:320:name,src/flexinfo.c,320,name,GB,,new,
src/flexinfo.c:323:name,src/flexinfo.c,323,name,Lens,,new,
src/flexinfo.c:324:name,src/flexinfo.c,324,name,Date,,new,
src/flexinfo.c:327:name,src/flexinfo.c,327,name,Build,,new,
src/flexinfo.c:328:name,src/flexinfo.c,328,name,Copyright,,new,
src/flexinfo.c:333:name,src/flexinfo.c,333,name,WB BA,,new,
src/flexinfo.c:334:name,src/flexinfo.c,334,name,WB GM,,new,
src/flexinfo.c:337:name,src/flexinfo.c,337,name,MLU,,new,
src/flexinfo.c:340:name,src/flexinfo.c,340,name,Kelvin,,new,
src/flexinfo.c:341:name,src/flexinfo.c,341,name,Kelvin (clear),,new,
src/flexinfo.c:344:name,src/flexinfo.c,344,name,Time,,new,
src/flexinfo.c:347:name,src/flexinfo.c,347,name,HDR,,new,
src/flexinfo.c:350:name,src/flexinfo.c,350,name,Space (clear),,new,
src/flexinfo.c:351:name,src/flexinfo.c,351,name,Space Pics,,new,
src/flexinfo.c:352:name,src/flexinfo.c,352,name,Space GB,,new,
src/flexinfo.c:353:name,src/flexinfo.c,353,name,GB,,new,
src/flexinfo.c:359:name,src/flexinfo.c,359,name,ISO Range,,new,
src/flexinfo.c:362:name,src/flexinfo.c,362,name,WB GM,,new,
src/flexinfo.c:363:name,src/flexinfo.c,363,name,WB BA,,new,
src/flexinfo.c:366:name,src/flexinfo.c,366,name,MLU,,new,
src/flexinfo.c:369:name,src/flexinfo.c,369,name,Kelvin,,new,
src/flexinfo.c:372:name,src/flexinfo.c,372,name,HDR,,new,
src/flexinfo.c:375:name,src/flexinfo.c,375,name,Time,,new,
src/flexinfo.c:378:name,src/flexinfo.c,378,name,Lens,,new,
src/flexinfo.c:379:name,src/flexinfo.c,379,name,Date,,new,
src/flexinfo.c:381:name,src/flexinfo.c,381,name,Build,,new,
src/flexinfo.c:383:name,src/flexinfo.c,383,name,Space GB,,new,
src/flexinfo.c:384:name,src/flexinfo.c,384,name,GB,,new,
src/flexinfo.c:389:name,src/flexinfo.c,389,name,Max ISO Range,,new,
src/flexinfo.c:392:name,src/flexinfo.c,392,name,WB GM,,new,
src/flexinfo.c:393:name,src/flexinfo.c,393,name,WB BA,,new,
src/flexinfo.c:396:name,src/flexinfo.c,396,name,MLU,,new,
src/flexinfo.c:399:name,src/flexinfo.c,399,name,HDR,,new,
src/flexinfo.c:402:name,src/flexinfo.c,402,name,K ICON1,,new,
src/flexinfo.c:403:name,src/flexinfo.c,403,name,K ICON2,,new,
src/flexinfo.c:404:name,src/flexinfo.c,404,name,Kelvin,,new,
src/flexinfo.c:407:name,src/flexinfo.c,407,name,Lens,,new,
src/flexinfo.c:408:name,src/flexinfo.c,408,name,Date,,new,
src/flexinfo.c:410:name,src/flexinfo.c,410,name,Time,,new,
src/flexinfo.c:411:name,src/flexinfo.c,411,name,Build,,new,
src/flexinfo.c:412:name,src/flexinfo.c,412,name,Copyright,,new,
src/flexinfo.c:3164:name,src/flexinfo.c,3164,name,FlexInfo Settings,,new,
src/flexinfo.c:3169:name,src/flexinfo.c,3169,name,Show boundaries,,new,
src/flexinfo.c:3172:help,src/flexinfo.c,3172,help,Enable boundary display for all elements.,,new,
src/flexinfo.c:3175:name,src/flexinfo.c,3175,name,Use canon screen for edit,,new,
src/flexinfo.c:3179:help,src/flexinfo.c,3179,help,Screen will be captured when you leave this menu.,,new,
src/flexinfo.c:3182:name,src/flexinfo.c,3182,name,Edit mode,,new,
src/flexinfo.c:3186:help,src/flexinfo.c,3186,help,Enter editing screen.,,new,
src/flexinfo.c:3190:name,src/flexinfo.c,3190,name,Save config,,new,
src/flexinfo.c:3192:help,src/flexinfo.c,3192,help,Save menu settings,,new,
src/flexinfo.c:3196:name,src/flexinfo.c,3196,name,Delete config,,new,
src/flexinfo.c:3198:help,src/flexinfo.c,3198,help,Delete menu settings. Reboot to take effect.,,new,
src/flexinfo.c:3202:name,src/flexinfo.c,3202,name,Reset setup,,new,
src/flexinfo.c:3204:help,src/flexinfo.c,3204,help,Reset menu settings,,new,
src/focus.c:1087:name,src/focus.c,1087,name,Trap Focus,,new,
src/focus.c:1096:help,src/focus.c,1096,help,Takes a picture when the subject comes in focus. MF only.,,new,
src/focus.c:1105:name,src/focus.c,1105,name,Number of pics,,new,
src/focus.c:1110:help,src/focus.c,1110,help,How many pictures to take when the subject comes in focus.,,new,
src/focus.c:1122:name,src/focus.c,1122,name,Follow Focus,,new,
src/focus.c:1128:help,src/focus.c,1128,help,Focus with arrow keys. MENU while REC = save focus point.,,new,
src/focus.c:1133:name,src/focus.c,1133,name,Focus using,,new,
src/focus.c:1137:help,src/focus.c,1137,help,You can focus with arrow keys or with the LCD sensor,,new,
src/focus.c:1147:name,src/focus.c,1147,name,Focus End Point,,new,
src/focus.c:1152:help,src/focus.c,1152,help,[Q]: fix here rack end point. SET+L/R: start point.,,new,
src/focus.c:1156:name,src/focus.c,1156,name,Rack Focus,,new,
src/focus.c:1160:help,src/focus.c,1160,help,"Press SET for rack focus, or PLAY to also start recording.",,new,
src/focus.c:1167:name,src/focus.c,1167,name,Focus Stacking,,new,
src/focus.c:1169:help,src/focus.c,1169,help,Takes pictures at different focus points.,,new,
src/focus.c:1173:name,src/focus.c,1173,name,Run focus stack,,new,
src/focus.c:1176:help,src/focus.c,1176,help,Run the focus stacking sequence.,,new,
src/focus.c:1177:help2,src/focus.c,1177,help2,Tip: press MENU to interrupt the stacking sequence.,,new,
src/focus.c:1180:name,src/focus.c,1180,name,Num. pics in front,,new,
src/focus.c:1184:help,src/focus.c,1184,help,Number of shots in front of current focus point.,,new,
src/focus.c:1185:help2,src/focus.c,1185,help2,"On some lenses, this may be reversed.",,new,
src/focus.c:1188:name,src/focus.c,1188,name,Num. pics behind,,new,
src/focus.c:1192:help,src/focus.c,1192,help,Number of shots behind current focus point.,,new,
src/focus.c:1193:help2,src/focus.c,1193,help2,"On some lenses, this may be reversed.",,new,
src/focus.c:1196:name,src/focus.c,1196,name,Focus steps / picture,,new,
src/focus.c:1200:help,src/focus.c,1200,help,Number of focus steps between two pictures.,,new,
src/focus.c:1203:name,src/focus.c,1203,name,Flash Delay,,new,
src/focus.c:1206:help,src/focus.c,1206,help,Seconds between stack segments to let flashes recycle.,,new,
src/focus.c:1209:name,src/focus.c,1209,name,Copy rack focus range,,new,
src/focus.c:1211:help,src/focus.c,1211,help,Sets up stack focus to use the same range as rack focus.,,new,
src/focus.c:1216:name,src/focus.c,1216,name,Trigger mode,,new,
src/focus.c:1220:help,src/focus.c,1220,help,Choose how to start the focus stacking sequence.,,new,
src/focus.c:1223:name,src/focus.c,1223,name,Bracket focus,,new,
src/focus.c:1227:help,src/focus.c,1227,help,Start in front or behind focus (varies among lenses),,new,
src/focus.c:1236:name,src/focus.c,1236,name,Focus Settings,,new,
src/focus.c:1238:help,src/focus.c,1238,help,Tuning parameters and prefs for rack/stack/follow focus.,,new,
src/focus.c:1242:name,src/focus.c,1242,name,Step Size,,new,
src/focus.c:1246:help,src/focus.c,1246,help,Step size for focus commands (same units as in EOS Utility),,new,
src/focus.c:1249:name,src/focus.c,1249,name,Step Delay,,new,
src/focus.c:1255:help,src/focus.c,1255,help,Delay between two successive focus commands.,,new,
src/focus.c:1258:name,src/focus.c,1258,name,Step Wait,,new,
src/focus.c:1261:help,src/focus.c,1261,help,Wait for 'focus done' signal before sending next command.,,new,
src/focus.c:1264:name,src/focus.c,1264,name,Left/Right dir,,new,
src/focus.c:1268:help,src/focus.c,1268,help,Focus direction for Left and Right keys.,,new,
src/focus.c:1271:name,src/focus.c,1271,name,Up/Down dir,,new,
src/focus.c:1275:help,src/focus.c,1275,help,Focus direction for Up and Down keys.,,new,
src/focus.c:1278:name,src/focus.c,1278,name,Start Delay,,new,
src/focus.c:1282:help,src/focus.c,1282,help,Number of seconds before starting focus operation.,,new,
src/focus.c:1289:name,src/focus.c,1289,name,DOF Settings,,new,
src/focus.c:1292:help,src/focus.c,1292,help,Settings about Depth of Field info displays.,,new,
src/focus.c:1297:name,src/focus.c,1297,name,Circle of Confusion,,new,
src/focus.c:1302:help,src/focus.c,1302,help,Circle of confusion used for DOF calculations.,,new,
src/focus.c:1303:help2,src/focus.c,1303,help2,Default value: 19 for APS-C and 29 for full-frame cameras.,,new,
src/focus.c:1306:name,src/focus.c,1306,name,DOF formula,,new,
src/focus.c:1310:help,src/focus.c,1310,help,Formula for computing the depth of field:,,new,
src/focus.c:1311:help2,src/focus.c,1311,help2,"Simple: only consider defocus blur, ignoring diffraction effects.\n",,new,
src/focus.c:1315:name,src/focus.c,1315,name,DOF info in LiveView,,new,
src/focus.c:1318:help,src/focus.c,1318,help,"Display DOF above Focus distance, in LiveView.",,new,
src/focus.c:1309:choice:0,src/focus.c,1309,choice:0,Simple,,new,
src/focus.c:1309:choice:1,src/focus.c,1309,choice:1,Diffraction-aware,,new,
src/fps-engio.c:1536:name,src/fps-engio.c,1536,name,FPS override,,new,
src/fps-engio.c:1541:help,src/fps-engio.c,1541,help,Changes FPS. Also disables sound and alters shutter speeds.,,new,
src/fps-engio.c:1542:help2,src/fps-engio.c,1542,help2,"Tip: in photo mode, it makes LiveView usable in darkness.",,new,
src/fps-engio.c:1547:name,src/fps-engio.c,1547,name,Desired FPS,,new,
src/fps-engio.c:1554:help,src/fps-engio.c,1554,help,FPS value for recording. Video will play back at Canon FPS.,,new,
src/fps-engio.c:1557:name,src/fps-engio.c,1557,name,Optimize for,,new,
src/fps-engio.c:1573:help,src/fps-engio.c,1573,help,Changing FPS has side effects - choose what's best for you:,,new,
src/fps-engio.c:1591:name,src/fps-engio.c,1591,name,Shutter range,,new,
src/fps-engio.c:1595:help,src/fps-engio.c,1595,help,"Shutter speed range, when Canon shows 1/30-1/4000.",,new,
src/fps-engio.c:1596:help2,src/fps-engio.c,1596,help2,"You can fine-tune this, but don't expect miracles.",,new,
src/fps-engio.c:1601:name,src/fps-engio.c,1601,name,FPS timer A,,new,
src/fps-engio.c:1606:help,src/fps-engio.c,1606,help,"High values = lower FPS, more jello effect, faster shutter.",,new,
src/fps-engio.c:1610:name,src/fps-engio.c,1610,name,FPS timer B,,new,
src/fps-engio.c:1615:help,src/fps-engio.c,1615,help,"High values = lower FPS, shutter speed converges to 1/fps.",,new,
src/fps-engio.c:1619:name,src/fps-engio.c,1619,name,Main Clock,,new,
src/fps-engio.c:1622:help,src/fps-engio.c,1622,help,Timing generator freq. (READ-ONLY). FPS = F/timerA/timerB.,,new,
src/fps-engio.c:1626:name,src/fps-engio.c,1626,name,Actual FPS,,new,
src/fps-engio.c:1629:help,src/fps-engio.c,1629,help,"Exact FPS (computed). For fine tuning, change timer values.",,new,
src/fps-engio.c:1633:name,src/fps-engio.c,1633,name,Rolling shutter,,new,
src/fps-engio.c:1636:help,src/fps-engio.c,1636,help,"Amount of jello effect. Multiply \""",,new,
src/fps-engio.c:1642:name,src/fps-engio.c,1642,name,Constant expo,,new,
src/fps-engio.c:1646:help,src/fps-engio.c,1646,help,Keep the same exposure (brightness) as with default FPS.,,new,
src/fps-engio.c:1647:help2,src/fps-engio.c,1647,help2,This works by lowering ISO => you may get pink highlights.,,new,
src/fps-engio.c:1654:name,src/fps-engio.c,1654,name,Sync w. Shutter,,new,
src/fps-engio.c:1657:help,src/fps-engio.c,1657,help,"Sync FPS with shutter speed, for long exposures in LiveView.",,new,
src/fps-engio.c:1664:name,src/fps-engio.c,1664,name,Sound Record,,new,
src/fps-engio.c:1669:help,src/fps-engio.c,1669,help,"Sound goes out of sync, so it has to be recorded separately.",,new,
src/fps-engio.c:1677:name,src/fps-engio.c,1677,name,FPS ramping,,new,
src/fps-engio.c:1680:help,src/fps-engio.c,1680,help,Ramp between overridden FPS and default FPS. Undercrank only.,,new,
src/fps-engio.c:1681:help2,src/fps-engio.c,1681,help2,"To start ramping, press ",,new,
src/fps-engio.c:1687:name,src/fps-engio.c,1687,name,Ramp duration,,new,
src/fps-engio.c:1693:help,src/fps-engio.c,1693,help,"Duration of FPS ramping (in real-time, not in playback).",,new,
src/gps.c:136:name,src/gps.c,136,name,GPS Power Save,,new,
src/gps.c:140:help,src/gps.c,140,help,Disable the internal GPS at power off to save power.,,new,
src/hdr.c:397:name,src/hdr.c,397,name,HDR video,,new,
src/hdr.c:402:help,src/hdr.c,402,help,Alternates ISO between frames. Flickers while recording.,,new,
src/hdr.c:406:name,src/hdr.c,406,name,ISO A,,new,
src/hdr.c:413:help,src/hdr.c,413,help,ISO value for one half of the frames.,,new,
src/hdr.c:416:name,src/hdr.c,416,name,ISO B,,new,
src/hdr.c:423:help,src/hdr.c,423,help,ISO value for the other half of the frames.,,new,
src/hdr.c:427:name,src/hdr.c,427,name,Extended mode,,new,
src/hdr.c:430:help,src/hdr.c,430,help,Extended ISO/Shutter settings.,,new,
src/hdr.c:433:name,src/hdr.c,433,name,Ext. steps,,new,
src/hdr.c:437:help,src/hdr.c,437,help,Number of ISO/Shutter settings.,,new,
src/hdr.c:440:name,src/hdr.c,440,name,Ext. step edit,,new,
src/hdr.c:444:help,src/hdr.c,444,help,Edit ISO/Shutter settings.,,new,
src/hdr.c:447:name,src/hdr.c,447,name,ISO,,new,
src/hdr.c:453:help,src/hdr.c,453,help,Edit ISO settings.,,new,
src/hdr.c:456:name,src/hdr.c,456,name,Shutter,,new,
src/hdr.c:461:help,src/hdr.c,461,help,Edit Shutter settings.,,new,
src/histogram.c:779:name,src/histogram.c,779,name,HistoBar,,new,
src/histogram.c:785:name,src/histogram.c,785,name,EV indic,,new,
src/ico.c:12:name,src/ico.c,12,name,menu_icons,,new,
src/lens.c:177:name,src/lens.c,177,name,NO LENS NAME,,new,
src/lens.c:2063:name,src/lens.c,2063,name,Movie Logging,,new,
src/lens.c:2066:help,src/lens.c,2066,help,"Save metadata for each movie, e.g. MVI_1234.LOG",,new,
src/lens.c:2187:name,src/lens.c,2187,name,Lens Info Prefs,,new,
src/lens.c:2192:name,src/lens.c,2192,name,Crop Factor Display,,new,
src/lens.c:2196:help,src/lens.c,2196,help,Display the 35mm equiv. focal length including crop factor.,,new,
src/lens.c:2201:name,src/lens.c,2201,name,Focus Distance Units,,new,
src/lens.c:2205:help,src/lens.c,2205,help,Can select between Metric and Imperial focus distance units,,new,
src/lens.c:2215:name,src/lens.c,2215,name,Lens info,,new,
src/lens.c:2220:name,src/lens.c,2220,name,Name,,new,
src/lens.c:2222:help,src/lens.c,2222,help,Show current lens name (as reported by your lens or adapter).,,new,
src/lens.c:2223:help2,src/lens.c,2223,help2,Read-only.,,new,
src/lens.c:2226:name,src/lens.c,2226,name,Focal len,,new,
src/lens.c:2228:help,src/lens.c,2228,help,Show current lens focal length.,,new,
src/lens.c:2229:help2,src/lens.c,2229,help2,Read-only. Zoom lenses are only updated in LiveView.,,new,
src/lens.c:2232:name,src/lens.c,2232,name,Lens ID,,new,
src/lens.c:2234:help,src/lens.c,2234,help,Show current lens ID. Should match exiftool TEST.CR2 -LensType -b.,,new,
src/lens.c:2235:help2,src/lens.c,2235,help2,Read-only. Lenses from different manufacturers may have the same ID.,,new,
src/lens.c:2238:name,src/lens.c,2238,name,Serial num,,new,
src/lens.c:2240:help,src/lens.c,2240,help,Show current lens serial number. Not all cameras report this.,,new,
src/lens.c:2241:help2,src/lens.c,2241,help2,Read-only. Should match exiftool TEST.CR2 -LensSerialNumber .,,new,
src/lens.c:2244:name,src/lens.c,2244,name,Version,,new,
src/lens.c:2246:help,src/lens.c,2246,help,Show current lens version string.,,new,
src/lens.c:2247:help2,src/lens.c,2247,help2,Read-only.,,new,
src/lens.c:2250:name,src/lens.c,2250,name,Capability,,new,
src/lens.c:2252:help,src/lens.c,2252,help,Show current lens capability bits.,,new,
src/lens.c:2253:help2,src/lens.c,2253,help2,Read-only.,,new,
src/lens.c:2256:name,src/lens.c,2256,name,Extender,,new,
src/lens.c:2258:help,src/lens.c,2258,help,Show current lens extender information byte.,,new,
src/lens.c:2259:help2,src/lens.c,2259,help2,Read-only.,,new,
src/lens.c:3303:name,src/lens.c,3303,name,Clock,,new,
src/lens.c:3310:name,src/lens.c,3310,name,Disp preset,,new,
src/lens.c:3315:name,src/lens.c,3315,name,Pic Quality,,new,
src/lens.c:3320:name,src/lens.c,3320,name,ALO/HTP,,new,
src/lens.c:3326:name,src/lens.c,3326,name,Temperature,,new,
src/lens.c:3332:name,src/lens.c,3332,name,MVI number,,new,
src/lens.c:3337:name,src/lens.c,3337,name,FPS,,new,
src/lens.c:3342:name,src/lens.c,3342,name,Free space,,new,
src/lens.c:3348:name,src/lens.c,3348,name,Mode,,new,
src/lens.c:3355:name,src/lens.c,3355,name,Focal len,,new,
src/lens.c:3360:name,src/lens.c,3360,name,IS,,new,
src/lens.c:3366:name,src/lens.c,3366,name,Aperture,,new,
src/lens.c:3372:name,src/lens.c,3372,name,Shutter,,new,
src/lens.c:3378:name,src/lens.c,3378,name,ISO,,new,
src/lens.c:3384:name,src/lens.c,3384,name,White Balance,,new,
src/lens.c:3390:name,src/lens.c,3390,name,Focus dist,,new,
src/lens.c:3395:name,src/lens.c,3395,name,AF/MF,,new,
src/lens.c:3401:name,src/lens.c,3401,name,Exposure Compensation,,new,
src/lens.c:3407:name,src/lens.c,3407,name,Battery,,new,
src/lens.c:2195:choice:0,src/lens.c,2195,choice:0,OFF,,new,
src/lens.c:2195:choice:1,src/lens.c,2195,choice:1,"ON, 35mm eq.",,new,
src/lens.c:2203:choice:0,src/lens.c,2203,choice:0,mm/cm,,new,
src/lens.c:2203:choice:1,src/lens.c,2203,choice:1,ft/in,,new,
src/lv-img-engio.c:907:name,src/lv-img-engio.c,907,name,Vignetting,,new,
src/lv-img-engio.c:911:help,src/lv-img-engio.c,911,help,Vignetting correction or effects.,,new,
src/lv-img-engio.c:917:name,src/lv-img-engio.c,917,name,Mid-range correction     ,,new,
src/lv-img-engio.c:924:help,src/lv-img-engio.c,924,help,Correction applied between central area and corners.,,new,
src/lv-img-engio.c:925:help2,src/lv-img-engio.c,925,help2,Tip: set this to -1 for a nice vignette effect.,,new,
src/lv-img-engio.c:928:name,src/lv-img-engio.c,928,name,Corner correction        ,,new,
src/lv-img-engio.c:935:help,src/lv-img-engio.c,935,help,Correction with a stronger bias towards corners.,,new,
src/lv-img-engio.c:938:name,src/lv-img-engio.c,938,name,Extreme corner correction,,new,
src/lv-img-engio.c:953:name,src/lv-img-engio.c,953,name,Image Fine-tuning,,new,
src/lv-img-engio.c:955:help,src/lv-img-engio.c,955,help,Subtle image enhancements via DIGIC register tweaks.,,new,
src/lv-img-engio.c:963:name,src/lv-img-engio.c,963,name,ML Digital ISO,,new,
src/lv-img-engio.c:967:help,src/lv-img-engio.c,967,help,ISO tweaks. Negative gain has better highlight roll-off.,,new,
src/lv-img-engio.c:973:name,src/lv-img-engio.c,973,name,Black Level,,new,
src/lv-img-engio.c:981:help,src/lv-img-engio.c,981,help,"Adjust dark level, as with 'dcraw -k'. Fixes green shadows.",,new,
src/lv-img-engio.c:987:name,src/lv-img-engio.c,987,name,Shutter fine-tuning,,new,
src/lv-img-engio.c:994:help,src/lv-img-engio.c,994,help,Fine-tune shutter speed in approx 20-microsecond increments.,,new,
src/lv-img-engio.c:1001:name,src/lv-img-engio.c,1001,name,Absolute Zero Sharpness,,new,
src/lv-img-engio.c:1004:help,src/lv-img-engio.c,1004,help,Disable sharpening completely (below Canon's zero level).,,new,
src/lv-img-engio.c:1009:name,src/lv-img-engio.c,1009,name,Edge Emphasis,,new,
src/lv-img-engio.c:1012:help,src/lv-img-engio.c,1012,help,Darken sharp edges in bright areas.,,new,
src/lv-img-engio.c:1025:name,src/lv-img-engio.c,1025,name,Creative Effects,,new,
src/lv-img-engio.c:1027:help,src/lv-img-engio.c,1027,help,Experimental image filters found by digging into DIGIC.,,new,
src/lv-img-engio.c:1031:name,src/lv-img-engio.c,1031,name,Desaturate,,new,
src/lv-img-engio.c:1035:help,src/lv-img-engio.c,1035,help,Grayscale recording. Use WB or pic styles for fine tuning.,,new,
src/lv-img-engio.c:1039:name,src/lv-img-engio.c,1039,name,Negative,,new,
src/lv-img-engio.c:1043:help,src/lv-img-engio.c,1043,help,Negative image. Inverts all colors :),,new,
src/lv-img-engio.c:1047:name,src/lv-img-engio.c,1047,name,Swap U-V,,new,
src/lv-img-engio.c:1051:help,src/lv-img-engio.c,1051,help,Swaps U and V channels (red <--> blue).,,new,
src/lv-img-engio.c:1055:name,src/lv-img-engio.c,1055,name,Cartoon Look,,new,
src/lv-img-engio.c:1060:help,src/lv-img-engio.c,1060,help,Cartoonish look obtained by emphasizing the edges.,,new,
src/lv-img-engio.c:1074:name,src/lv-img-engio.c,1074,name,DIGIC poke,,new,
src/lv-img-engio.c:1078:help,src/lv-img-engio.c,1078,help,Changes a DIGIC register to find out what it does. DANGER!,,new,
src/lv-img-engio.c:1081:name,src/lv-img-engio.c,1081,name,Register family,,new,
src/lv-img-engio.c:1086:help,src/lv-img-engio.c,1086,help,"DIGIC register address, mask=FFFF0000.",,new,
src/lv-img-engio.c:1089:name,src/lv-img-engio.c,1089,name,Register base  ,,new,
src/lv-img-engio.c:1094:help,src/lv-img-engio.c,1094,help,"DIGIC register address, mask=0000FF00.",,new,
src/lv-img-engio.c:1097:name,src/lv-img-engio.c,1097,name,Register offset,,new,
src/lv-img-engio.c:1103:help,src/lv-img-engio.c,1103,help,"DIGIC register address, mask=000000FC.",,new,
src/lv-img-engio.c:1106:name,src/lv-img-engio.c,1106,name,Value          ,,new,
src/lv-img-engio.c:1110:help,src/lv-img-engio.c,1110,help,Current value of selected register. Change w. HalfShutter.,,new,
src/lv-img-engio.c:1113:name,src/lv-img-engio.c,1113,name,Altering mode  ,,new,
src/lv-img-engio.c:1117:help,src/lv-img-engio.c,1117,help,How to change current value [HalfShutter]. MF(+) / AF(-).,,new,
src/lv-img-engio.c:1120:name,src/lv-img-engio.c,1120,name,Random register,,new,
src/lv-img-engio.c:1122:help,src/lv-img-engio.c,1122,help,Click to select some random register.,,new,
src/lv-img-engio.c:1128:name,src/lv-img-engio.c,1128,name,Dump DIGIC registers,,new,
src/lv-img-engio.c:1131:help,src/lv-img-engio.c,1131,help,Saves the contents of DIGIC shadow copy to DIGIC.LOG.,,new,
src/mem.c:224:name,src/mem.c,224,name,malloc,,new,
src/mem.c:235:name,src/mem.c,235,name,AllocateMemory,,new,
src/mem.c:256:name,src/mem.c,256,name,RscMgr,,new,
src/mem.c:267:name,src/mem.c,267,name,task_mem,,new,
src/mem.c:287:name,src/mem.c,287,name,shoot_malloc,,new,
src/mem.c:318:name,src/mem.c,318,name,srm_malloc,,new,
src/mem.c:1628:name,src/mem.c,1628,name,Free Memory,,new,
src/mem.c:1631:help,src/mem.c,1631,help,"Free memory, shared between ML and Canon firmware.",,new,
src/mem.c:1635:name,src/mem.c,1635,name,Free Memory,,new,
src/mem.c:1638:help,src/mem.c,1638,help,"Free memory, shared between ML and Canon firmware.",,new,
src/mem.c:1639:help2,src/mem.c,1639,help2,Press SET for detailed info.,,new,
src/mem.c:1643:name,src/mem.c,1643,name,Allocated RAM,,new,
src/mem.c:1647:help,src/mem.c,1647,help,Total memory allocated by ML. Press SET for detailed info.,,new,
src/mem.c:1669:name,src/mem.c,1669,name,stack space,,new,
src/mem.c:1673:help,src/mem.c,1673,help,Free memory available as stack space for user tasks.,,new,
src/mem.c:1676:name,src/mem.c,1676,name,shoot contig,,new,
src/mem.c:1680:help,src/mem.c,1680,help,Largest contiguous block from shoot memory.,,new,
src/mem.c:1683:name,src/mem.c,1683,name,shoot total,,new,
src/mem.c:1687:help,src/mem.c,1687,help,Largest fragmented block from shoot memory.,,new,
src/mem.c:1690:name,src/mem.c,1690,name,SRM job total,,new,
src/mem.c:1694:help,src/mem.c,1694,help,Free memory from SRM_AllocateMemoryResourceFor1stJob.,,new,
src/mem.c:1697:name,src/mem.c,1697,name,AUTOEXEC.BIN,,new,
src/mem.c:1701:help,src/mem.c,1701,help,Memory reserved statically at startup for ML binary.,,new,
src/menu.c:322:name,src/menu.c,322,name,Customize Menus,,new,
src/menu.c:339:name,src/menu.c,339,name,(empty),,new,
src/menu.c:360:name,src/menu.c,360,name,Menu Preferences,,new,
src/menu.c:364:name,src/menu.c,364,name,Start in MyMenu,,new,
src/menu.c:367:help,src/menu.c,367,help,Go to My Menu every time you open ML menu.,,new,
src/menu.c:370:name,src/menu.c,370,name,SET action,,new,
src/menu.c:374:help,src/menu.c,374,help,Choose the behavior of SET key in ML menu:,,new,
src/menu.c:375:help2,src/menu.c,375,help2,"Pickbox: SET shows a list of choices, select and confirm.\n",,new,
src/menuindex.c:38:name,src/menuindex.c,38,name,Press ,,new,
src/menuindex.c:44:name,src/menuindex.c,44,name,Press ,,new,
src/menuindex.c:47:name,src/menuindex.c,47,name,Press FUNC / PLAY,,new,
src/menuindex.c:50:name,src/menuindex.c,50,name,Pict.Style / PLAY,,new,
src/menuindex.c:53:name,src/menuindex.c,53,name,Press JUMP / PLAY,,new,
src/menuindex.c:56:name,src/menuindex.c,56,name,Tap or press PLAY,,new,
src/menuindex.c:59:name,src/menuindex.c,59,name,Press Av / PLAY,,new,
src/menuindex.c:62:name,src/menuindex.c,62,name,Press Q / PLAY,,new,
src/menuindex.c:68:name,src/menuindex.c,68,name,... like this :),,new,
src/menuindex.c:75:name,src/menuindex.c,75,name,Joystick long-press,,new,
src/menuindex.c:81:name,src/menuindex.c,81,name,... like this :),,new,
src/menuindex.c:90:name,src/menuindex.c,90,name,SET / main dial,,new,
src/menuindex.c:93:name,src/menuindex.c,93,name,SET / ,,new,
src/menuindex.c:101:name,src/menuindex.c,101,name,Zoom In,,new,
src/menuindex.c:110:name,src/menuindex.c,110,name,Press MENU,,new,
src/menuindex.c:118:name,src/menuindex.c,118,name,Press ,,new,
src/menuindex.c:125:name,src/menuindex.c,125,name,Press ,,new,
src/menuindex.c:133:name,src/menuindex.c,133,name,SET at startup,,new,
src/menuindex.c:138:help,src/menuindex.c,138,help,To change this setting: Prefs -> Config options,,new,
src/menuindex.c:141:name,src/menuindex.c,141,name,Key Shortcuts,,new,
src/menuindex.c:146:name,src/menuindex.c,146,name,Complete user guide,,new,
src/menuindex.c:157:name,src/menuindex.c,157,name,About Magic Lantern,,new,
src/menuindex.c:39:choice:0,src/menuindex.c,39,choice:0,Context help,,new,
src/menuindex.c:45:choice:0,src/menuindex.c,45,choice:0,Open submenu (Q),,new,
src/menuindex.c:48:choice:0,src/menuindex.c,48,choice:0,Open submenu (Q),,new,
src/menuindex.c:51:choice:0,src/menuindex.c,51,choice:0,Open submenu (Q),,new,
src/menuindex.c:54:choice:0,src/menuindex.c,54,choice:0,Open submenu (Q),,new,
src/menuindex.c:57:choice:0,src/menuindex.c,57,choice:0,Open submenu (Q),,new,
src/menuindex.c:60:choice:0,src/menuindex.c,60,choice:0,Open submenu (Q),,new,
src/menuindex.c:63:choice:0,src/menuindex.c,63,choice:0,Open submenu,,new,
src/menuindex.c:77:choice:0,src/menuindex.c,77,choice:0,Open submenu,,new,
src/menuindex.c:96:choice:0,src/menuindex.c,96,choice:0,Edit values,,new,
src/menuindex.c:105:choice:0,src/menuindex.c,105,choice:0,Edit in LiveView,,new,
src/menuindex.c:111:choice:0,src/menuindex.c,111,choice:0,Junkie mode,,new,
src/menuindex.c:119:choice:0,src/menuindex.c,119,choice:0,Overlays (PLAY only),,new,
src/menuindex.c:126:choice:0,src/menuindex.c,126,choice:0,Shortcuts (LV only),,new,
src/menuindex.c:137:choice:0,src/menuindex.c,137,choice:0,Bypass loading ML,,new,
src/menuindex.c:137:choice:1,src/menuindex.c,137,choice:1,Required to load ML,,new,
src/module.c:1947:name,src/module.c,1947,name,Module info,,new,
src/module.c:1957:name,src/module.c,1957,name,Module,,new,
src/module.c:2038:name,src/module.c,2038,name,Show console,,new,
src/module.c:2042:help,src/module.c,2042,help,Keep console shown after modules were loaded,,new,
src/module.c:2045:name,src/module.c,2045,name,Modules debug,,new,
src/module.c:2048:help,src/module.c,2048,help,Diagnostic options for modules.,,new,
src/module.c:2051:name,src/module.c,2051,name,Disable all modules,,new,
src/module.c:2054:help,src/module.c,2054,help,For troubleshooting.,,new,
src/module.c:2057:name,src/module.c,2057,name,Load modules after crash,,new,
src/module.c:2060:help,src/module.c,2060,help,Load modules even after camera crashed and you took battery out.,,new,
src/module.c:2063:name,src/module.c,2063,name,Show hidden modules,,new,
src/module.c:2066:help,src/module.c,2066,help,"If modules have .hid files, show them anyway. Requires restart.",,new,
src/movtweaks.c:990:name,src/movtweaks.c,990,name,Movie Record,,new,
src/movtweaks.c:995:help,src/movtweaks.c,995,help,Enable movie recording on 50D :) ,,new,
src/movtweaks.c:1001:name,src/movtweaks.c,1001,name,Shutter Button,,new,
src/movtweaks.c:1005:help,src/movtweaks.c,1005,help,Block shutter button while recording (avoids ERR99),,new,
src/movtweaks.c:1006:help2,src/movtweaks.c,1006,help2,or hold it pressed halfway (enables image stabilization).,,new,
src/movtweaks.c:1013:name,src/movtweaks.c,1013,name,REC key,,new,
src/movtweaks.c:1018:help,src/movtweaks.c,1018,help,Start recording by pressing shutter halfway. Wired remote.,,new,
src/movtweaks.c:1023:name,src/movtweaks.c,1023,name,Require long press,,new,
src/movtweaks.c:1028:help,src/movtweaks.c,1028,help,"If ON, you have to hold half-shutter pressed for 1 second.",,new,
src/movtweaks.c:1031:name,src/movtweaks.c,1031,name,Allowed actions,,new,
src/movtweaks.c:1036:help,src/movtweaks.c,1036,help,Select actions for half-shutter.,,new,
src/movtweaks.c:1044:name,src/movtweaks.c,1044,name,MOV/MP4 time limit,,new,
src/movtweaks.c:1050:help,src/movtweaks.c,1050,help,Change 29:59 movie recording limit,,new,
src/movtweaks.c:1051:help2,src/movtweaks.c,1051,help2,"Too long recording makes empty files on ExFAT, ok on FAT32",,new,
src/movtweaks.c:1056:name,src/movtweaks.c,1056,name,Gradual Exposure,,new,
src/movtweaks.c:1059:help,src/movtweaks.c,1059,help,"Use smooth exposure transitions, by compensating with ISO.",,new,
src/movtweaks.c:1060:help2,src/movtweaks.c,1060,help2,"=> adjust ISO, shutter speed and aperture without large jumps.",,new,
src/movtweaks.c:1065:name,src/movtweaks.c,1065,name,Ramping speed,,new,
src/movtweaks.c:1071:help,src/movtweaks.c,1071,help,How fast the exposure transitions should be.,,new,
src/movtweaks.c:1085:name,src/movtweaks.c,1085,name,Movie Tweaks,,new,
src/movtweaks.c:1087:help,src/movtweaks.c,1087,help,"Movie Restart, Movie Logging, REC/Standby Notify...",,new,
src/movtweaks.c:1093:name,src/movtweaks.c,1093,name,Movie Restart,,new,
src/movtweaks.c:1096:help,src/movtweaks.c,1096,help,"Auto-restart movie recording, if it happens to stop.",,new,
src/movtweaks.c:1102:name,src/movtweaks.c,1102,name,REC/STBY notify,,new,
src/movtweaks.c:1120:help,src/movtweaks.c,1120,help,"Custom REC/STANDBY notifications, visual or audible",,new,
src/movtweaks.c:1126:name,src/movtweaks.c,1126,name,Force LiveView,,new,
src/movtweaks.c:1131:help,src/movtweaks.c,1131,help,Always use LiveView (with manual lens or after lens swap).,,new,
src/movtweaks.c:1137:name,src/movtweaks.c,1137,name,Shutter Lock,,new,
src/movtweaks.c:1140:help,src/movtweaks.c,1140,help,Lock shutter value in movie mode (change from Expo only).,,new,
src/movtweaks.c:1141:help2,src/movtweaks.c,1141,help2,Tip: it prevents you from changing it by mistake.,,new,
src/movtweaks.c:1167:name,src/movtweaks.c,1167,name,Expo. Override,,new,
src/movtweaks.c:1172:help,src/movtweaks.c,1172,help,Low-level manual exposure controls (bypasses Canon limits).,,new,
src/movtweaks.c:1173:help2,src/movtweaks.c,1173,help2,"Useful for long exposures, manual lenses, manual video ctl.",,new,
src/movtweaks.c:1004:choice:0,src/movtweaks.c,1004,choice:0,Leave unchanged,,new,
src/movtweaks.c:1004:choice:1,src/movtweaks.c,1004,choice:1,Block during REC,,new,
src/movtweaks.c:1004:choice:2,src/movtweaks.c,1004,choice:2,Hold during REC,,new,
src/movtweaks.c:1017:choice:0,src/movtweaks.c,1017,choice:0,OFF,,new,
src/movtweaks.c:1017:choice:1,src/movtweaks.c,1017,choice:1,HalfShutter,,new,
src/movtweaks.c:1027:choice:0,src/movtweaks.c,1027,choice:0,OFF,,new,
src/movtweaks.c:1027:choice:1,src/movtweaks.c,1027,choice:1,ON (1s),,new,
src/movtweaks.c:1035:choice:0,src/movtweaks.c,1035,choice:0,Start/Stop,,new,
src/movtweaks.c:1035:choice:1,src/movtweaks.c,1035,choice:1,Start only,,new,
src/movtweaks.c:1035:choice:2,src/movtweaks.c,1035,choice:2,Stop only,,new,
src/movtweaks.c:1070:choice:0,src/movtweaks.c,1070,choice:0,1 EV / 8 frames,,new,
src/movtweaks.c:1070:choice:1,src/movtweaks.c,1070,choice:1,1 EV / 16 frames,,new,
src/movtweaks.c:1070:choice:2,src/movtweaks.c,1070,choice:2,1 EV / 32 frames,,new,
src/movtweaks.c:1070:choice:3,src/movtweaks.c,1070,choice:3,1 EV / 64 frames,,new,
src/movtweaks.c:1070:choice:4,src/movtweaks.c,1070,choice:4,1 EV / 128 frames,,new,
src/movtweaks.c:1070:choice:5,src/movtweaks.c,1070,choice:5,1 EV / 256 frames,,new,
src/movtweaks.c:1070:choice:6,src/movtweaks.c,1070,choice:6,1 EV / 512 frames,,new,
src/movtweaks.c:1129:choice:0,src/movtweaks.c,1129,choice:0,OFF,,new,
src/movtweaks.c:1129:choice:1,src/movtweaks.c,1129,choice:1,Start & CPUlens,,new,
src/movtweaks.c:1129:choice:2,src/movtweaks.c,1129,choice:2,Always,,new,
src/patch.c:454:name,src/patch.c,454,name,(empty),,new,
src/patch.c:463:name,src/patch.c,463,name,Memory patches,,new,
src/patch.c:467:help,src/patch.c,467,help,Show memory addresses patched in Canon code or data areas.,,new,
src/picstyle.c:705:name,src/picstyle.c,705,name,Picture Style,,new,
src/picstyle.c:712:help,src/picstyle.c,712,help,Change current picture style.,,new,
src/picstyle.c:718:name,src/picstyle.c,718,name,Active style,,new,
src/picstyle.c:725:help,src/picstyle.c,725,help,Change current picture style.,,new,
src/picstyle.c:731:name,src/picstyle.c,731,name,Sharpness strength,,new,
src/picstyle.c:734:help,src/picstyle.c,734,help,Adjust sharpness strength in current picture style.,,new,
src/picstyle.c:738:name,src/picstyle.c,738,name,Sharpness fineness,,new,
src/picstyle.c:741:help,src/picstyle.c,741,help,Adjust sharpness fineness in current picture style.,,new,
src/picstyle.c:745:name,src/picstyle.c,745,name,Sharpness threshold,,new,
src/picstyle.c:748:help,src/picstyle.c,748,help,Adjust sharpness threshold in current picture style.,,new,
src/picstyle.c:753:name,src/picstyle.c,753,name,Sharpness,,new,
src/picstyle.c:756:help,src/picstyle.c,756,help,Adjust sharpness in current picture style.,,new,
src/picstyle.c:761:name,src/picstyle.c,761,name,Contrast,,new,
src/picstyle.c:764:help,src/picstyle.c,764,help,Adjust contrast in current picture style.,,new,
src/picstyle.c:768:name,src/picstyle.c,768,name,Saturation,,new,
src/picstyle.c:771:help,src/picstyle.c,771,help,Adjust saturation in current picture style.,,new,
src/picstyle.c:775:name,src/picstyle.c,775,name,Color Tone,,new,
src/picstyle.c:778:help,src/picstyle.c,778,help,Adjust color tone in current picture style.,,new,
src/picstyle.c:783:name,src/picstyle.c,783,name,Force style for REC,,new,
src/picstyle.c:788:help,src/picstyle.c,788,help,Enable to override active picture style while recording.,,new,
src/picstyle.c:793:name,src/picstyle.c,793,name,Style for recording,,new,
src/picstyle.c:800:help,src/picstyle.c,800,help,Select which PicStyle to use while recording.,,new,
src/picstyle.c:840:name,src/picstyle.c,840,name,Pic.Style,,new,
src/picstyle.c:787:choice:0,src/picstyle.c,787,choice:0,OFF,,new,
src/picstyle.c:787:choice:1,src/picstyle.c,787,choice:1,ON,,new,
src/powersave.c:584:name,src/powersave.c,584,name,Powersave in LiveView,,new,
src/powersave.c:587:help,src/powersave.c,587,help,Options for reducing power consumption during idle times.,,new,
src/powersave.c:591:name,src/powersave.c,591,name,Enable while recording,,new,
src/powersave.c:594:help,src/powersave.c,594,help,Powersave always works during standby; optionally also while recording.,,new,
src/powersave.c:595:help2,src/powersave.c,595,help2,Other ML features may use the options below (e.g. intervalometer in LV).,,new,
src/powersave.c:599:name,src/powersave.c,599,name,Use LCD sensor,,new,
src/powersave.c:602:help,src/powersave.c,602,help,With the LCD sensor you may wakeup or force powersave mode.,,new,
src/powersave.c:606:name,src/powersave.c,606,name,Use shortcut key,,new,
src/powersave.c:610:help,src/powersave.c,610,help,Shortcut key for enabling powersave modes right away.,,new,
src/powersave.c:613:name,src/powersave.c,613,name,Dim display,,new,
src/powersave.c:619:help,src/powersave.c,619,help,"Dim LCD display in LiveView when idle, to save power.",,new,
src/powersave.c:622:name,src/powersave.c,622,name,Turn off LCD,,new,
src/powersave.c:628:help,src/powersave.c,628,help,Turn off display. Will also pause LiveView if not recording.,,new,
src/powersave.c:631:name,src/powersave.c,631,name,Turn off GlobalDraw,,new,
src/powersave.c:637:help,src/powersave.c,637,help,"Turn off GlobalDraw when idle, to save some CPU cycles.",,new,
src/powersave.c:640:name,src/powersave.c,640,name,30-minute timer,,new,
src/powersave.c:646:help,src/powersave.c,646,help,Prevent Canon firmware from turning off LiveView after 30 minutes.,,new,
src/powersave.c:647:help2,src/powersave.c,647,help2,LED will blink every 10s. WARNING: this limit is there for good reason!,,new,
src/powersave.c:644:choice:0,src/powersave.c,644,choice:0,ON,,new,
src/powersave.c:644:choice:1,src/powersave.c,644,choice:1,Disabled,,new,
src/raw.c:2868:name,src/raw.c,2868,name,LV raw type,,new,
src/raw.c:2872:help,src/raw.c,2872,help,Choose what type of raw stream we should use in LiveView.,,new,
src/raw.c:2873:help2,src/raw.c,2873,help2,"See lv_af_raw, lv_rshd_raw, lv_set_raw, KindOfCraw...",,new,
src/sd.c:91:name,src/sd.c,91,name,SD speed autotune,,new,
src/sd.c:95:help,src/sd.c,95,help,Run Canon's SD autotune. You can benchmark to check improvement,,new,
src/shoot.c:3352:name,src/shoot.c,3352,name,Advanced Bracket,,new,
src/shoot.c:3356:help,src/shoot.c,3356,help,"Advanced bracketing (expo, flash, DOF). Press shutter once.",,new,
src/shoot.c:3361:name,src/shoot.c,3361,name,Bracket type,,new,
src/shoot.c:3366:help,src/shoot.c,3366,help,Choose the variables to bracket:,,new,
src/shoot.c:3367:help2,src/shoot.c,3367,help2,Expo bracket. M: changes shutter. Others: changes AEcomp.\n,,new,
src/shoot.c:3372:name,src/shoot.c,3372,name,Frames,,new,
src/shoot.c:3379:help,src/shoot.c,3379,help,Number of bracketed shots. Can be computed automatically.,,new,
src/shoot.c:3382:name,src/shoot.c,3382,name,EV increment,,new,
src/shoot.c:3390:help,src/shoot.c,3390,help,Exposure difference between two frames.,,new,
src/shoot.c:3393:name,src/shoot.c,3393,name,Sequence,,new,
src/shoot.c:3398:help,src/shoot.c,3398,help,Bracketing sequence order / type. Zero is always first.,,new,
src/shoot.c:3406:name,src/shoot.c,3406,name,2-second delay,,new,
src/shoot.c:3409:help,src/shoot.c,3409,help,Delay before starting the exposure.,,new,
src/shoot.c:3410:help2,src/shoot.c,3410,help2,Only used if you start bracketing by pressing the shutter.,,new,
src/shoot.c:3415:name,src/shoot.c,3415,name,ISO shifting,,new,
src/shoot.c:3418:help,src/shoot.c,3418,help,Also use ISO as bracket variable. Range: 100 - max AutoISO.,,new,
src/shoot.c:3419:help2,src/shoot.c,3419,help2, \n,,new,
src/shoot.c:3432:name,src/shoot.c,3432,name,Intervalometer,,new,
src/shoot.c:3436:help,src/shoot.c,3436,help,Take pictures at fixed intervals (for timelapse).,,new,
src/shoot.c:3441:name,src/shoot.c,3441,name,Take a pic every,,new,
src/shoot.c:3447:help,src/shoot.c,3447,help,Duration between two shots.,,new,
src/shoot.c:3450:name,src/shoot.c,3450,name,Start trigger,,new,
src/shoot.c:3455:help,src/shoot.c,3455,help,How to trigger the intervalometer start:,,new,
src/shoot.c:3456:help2,src/shoot.c,3456,help2,"When you exit ML menu, or at camera startup.\n",,new,
src/shoot.c:3462:name,src/shoot.c,3462,name,Start after,,new,
src/shoot.c:3468:help,src/shoot.c,3468,help,Start the intervalometer after X seconds / minutes / hours.,,new,
src/shoot.c:3471:name,src/shoot.c,3471,name,Stop after,,new,
src/shoot.c:3477:help,src/shoot.c,3477,help,Stop the intervalometer after taking X shots.,,new,
src/shoot.c:3488:name,src/shoot.c,3488,name,Bulb Timer,,new,
src/shoot.c:3492:help,src/shoot.c,3492,help,For very long exposures (several minutes).,,new,
src/shoot.c:3493:help2,src/shoot.c,3493,help2,"To trigger, hold shutter pressed halfway for 1 second.",,new,
src/shoot.c:3498:name,src/shoot.c,3498,name,Exposure duration,,new,
src/shoot.c:3505:name,src/shoot.c,3505,name,Display during exposure,,new,
src/shoot.c:3514:help,src/shoot.c,3514,help,Turn the screen on/off while taking bulb exposure.,,new,
src/shoot.c:3523:name,src/shoot.c,3523,name,LCDsensor Remote,,new,
src/shoot.c:3528:help,src/shoot.c,3528,help,Use the LCD face sensor as a simple remote (avoids shake).,,new,
src/shoot.c:3533:name,src/shoot.c,3533,name,Audio RemoteShot,,new,
src/shoot.c:3537:help,src/shoot.c,3537,help,Clap your hands or pop a balloon to take a picture.,,new,
src/shoot.c:3541:name,src/shoot.c,3541,name,Trigger level (dB),,new,
src/shoot.c:3545:help,src/shoot.c,3545,help,Picture taken when sound level becomes X dB above average.,,new,
src/shoot.c:3553:name,src/shoot.c,3553,name,Motion Detect,,new,
src/shoot.c:3557:help,src/shoot.c,3557,help,Take a picture when subject is moving or exposure changes.,,new,
src/shoot.c:3562:name,src/shoot.c,3562,name,Trigger by,,new,
src/shoot.c:3567:help,src/shoot.c,3567,help,Choose when the picture should be taken:,,new,
src/shoot.c:3568:help2,src/shoot.c,3568,help2,EXP: reacts to exposure changes (large movements).\n,,new,
src/shoot.c:3573:name,src/shoot.c,3573,name,Trigger level,,new,
src/shoot.c:3577:help,src/shoot.c,3577,help,Higher values = less sensitive to motion.,,new,
src/shoot.c:3580:name,src/shoot.c,3580,name,Detect Size,,new,
src/shoot.c:3584:help,src/shoot.c,3584,help,Size of the area on which motion shall be detected.,,new,
src/shoot.c:3587:name,src/shoot.c,3587,name,Delay,,new,
src/shoot.c:3593:help,src/shoot.c,3593,help,Delay between the detected motion and the picture taken.,,new,
src/shoot.c:3610:name,src/shoot.c,3610,name,Mirror Lockup,,new,
src/shoot.c:3617:help,src/shoot.c,3617,help,MLU tricks: hand-held or self-timer modes.,,new,
src/shoot.c:3619:help,src/shoot.c,3619,help,You can toggle MLU w. DirectPrint or link it to self-timer.,,new,
src/shoot.c:3621:help,src/shoot.c,3621,help,You can link MLU with self-timer (handy).,,new,
src/shoot.c:3626:name,src/shoot.c,3626,name,MLU mode,,new,
src/shoot.c:3635:help,src/shoot.c,3635,help,Choose when mirror lock-up should be active:,,new,
src/shoot.c:3636:help2,src/shoot.c,3636,help2,"Always ON: just the Canon mode, press shutter twice.\n",,new,
src/shoot.c:3642:name,src/shoot.c,3642,name,Handheld Shutter,,new,
src/shoot.c:3647:help,src/shoot.c,3647,help,At what shutter speeds you want to use handheld MLU.,,new,
src/shoot.c:3650:name,src/shoot.c,3650,name,Handheld Delay,,new,
src/shoot.c:3656:help,src/shoot.c,3656,help,Delay between mirror and shutter movement.,,new,
src/shoot.c:3664:name,src/shoot.c,3664,name,Handheld Debug,,new,
src/shoot.c:3667:help,src/shoot.c,3667,help,Check whether the 'mirror up' event is detected correctly.,,new,
src/shoot.c:3671:name,src/shoot.c,3671,name,Normal MLU Delay,,new,
src/shoot.c:3677:help,src/shoot.c,3677,help,"MLU delay used with intervalometer, bracketing etc.",,new,
src/shoot.c:3688:help,src/shoot.c,3688,help,Experimental SRAW/MRAW mode. You may get corrupted files.,,new,
src/shoot.c:3694:name,src/shoot.c,3694,name,Voice Tags,,new,
src/shoot.c:3697:help,src/shoot.c,3697,help,"After you take a picture, press SET to add a voice tag.",,new,
src/shoot.c:3698:help2,src/shoot.c,3698,help2,"For playback, go to Audio -> Sound Recorder.",,new,
src/shoot.c:3711:name,src/shoot.c,3711,name,Flash Tweaks,,new,
src/shoot.c:3713:help,src/shoot.c,3713,help,"Flash exposure compensation, 3rd party flash in LiveView...",,new,
src/shoot.c:3717:name,src/shoot.c,3717,name,Flash expo comp.,,new,
src/shoot.c:3723:help,src/shoot.c,3723,help,"Flash exposure compensation, from -10EV to +3EV.",,new,
src/shoot.c:3729:name,src/shoot.c,3729,name,Flash / No flash,,new,
src/shoot.c:3734:help,src/shoot.c,3734,help,"Take odd pictures with flash, even pictures without flash.",,new,
src/shoot.c:3739:name,src/shoot.c,3739,name,3rd p. flash LV,,new,
src/shoot.c:3743:help,src/shoot.c,3743,help,A trick to allow 3rd party flashes to fire in LiveView.,,new,
src/shoot.c:3744:help2,src/shoot.c,3744,help2,!!! DISABLE THIS OPTION WHEN YOU ARE NOT USING IT !!!  ,,new,
src/shoot.c:3755:name,src/shoot.c,3755,name,Shoot Preferences,,new,
src/shoot.c:3757:help,src/shoot.c,3757,help,"Autofocus, number of pics to take at once...",,new,
src/shoot.c:3762:name,src/shoot.c,3762,name,Pics at once,,new,
src/shoot.c:3768:help,src/shoot.c,3768,help,How many pictures to take at once (for each trigger event).,,new,
src/shoot.c:3769:help2,src/shoot.c,3769,help2,"For intervalometer, motion detect, trap focus, audio remote.",,new,
src/shoot.c:3773:name,src/shoot.c,3773,name,Use Autofocus,,new,
src/shoot.c:3777:help,src/shoot.c,3777,help,"For intervalometer, audio remote shot and motion detect.",,new,
src/shoot.c:3778:help2,src/shoot.c,3778,help2,"Be careful, won't take pics if it can't autofocus.",,new,
src/shoot.c:3786:name,src/shoot.c,3786,name,Post scripts,,new,
src/shoot.c:3789:help,src/shoot.c,3789,help,Post-processing scripts for bracketing and focus stacking.,,new,
src/shoot.c:3795:name,src/shoot.c,3795,name,Intervalometer Script,,new,
src/shoot.c:3798:help,src/shoot.c,3798,help,Scripts for sorting intervalometer sequences.,,new,
src/shoot.c:3804:name,src/shoot.c,3804,name,Snap Simulation,,new,
src/shoot.c:3816:help,src/shoot.c,3816,help,You can take virtual (fake) pictures just for testing.,,new,
src/shoot.c:3832:name,src/shoot.c,3832,name,LiveView zoom tweaks,,new,
src/shoot.c:3836:help,src/shoot.c,3836,help,"Disable x5 or x10, boost contrast/sharpness...",,new,
src/shoot.c:3841:name,src/shoot.c,3841,name,Zoom x1,,new,
src/shoot.c:3846:help,src/shoot.c,3846,help,Disable the screen that lets you move the focus box before zooming,,new,
src/shoot.c:3847:help2,src/shoot.c,3847,help2,(displayed as 'Zoom x1' on Canon' user interface),,new,
src/shoot.c:3852:name,src/shoot.c,3852,name,Zoom x5,,new,
src/shoot.c:3857:help,src/shoot.c,3857,help,Disable x5 zoom in LiveView.,,new,
src/shoot.c:3861:name,src/shoot.c,3861,name,Zoom x10,,new,
src/shoot.c:3866:help,src/shoot.c,3866,help,Disable x10 zoom in LiveView.,,new,
src/shoot.c:3874:name,src/shoot.c,3874,name,Auto exposure on Zoom,,new,
src/shoot.c:3877:help,src/shoot.c,3877,help,"Auto adjusts exposure, so you can focus manually wide open.",,new,
src/shoot.c:3885:name,src/shoot.c,3885,name,Increase SharpContrast,,new,
src/shoot.c:3888:help,src/shoot.c,3888,help,Increase sharpness and contrast when you zoom in LiveView.,,new,
src/shoot.c:3892:name,src/shoot.c,3892,name,Zoom on HalfShutter,,new,
src/shoot.c:3895:help,src/shoot.c,3895,help,Enable zoom when you hold the shutter halfway pressed.,,new,
src/shoot.c:3896:help2,src/shoot.c,3896,help2,This feature only works as long as you don't trigger autofocus.,,new,
src/shoot.c:3899:name,src/shoot.c,3899,name,Zoom with Focus Ring,,new,
src/shoot.c:3902:help,src/shoot.c,3902,help,Zoom when you turn the focus ring (only some Canon lenses).,,new,
src/shoot.c:3908:name,src/shoot.c,3908,name,Double Click,,new,
src/shoot.c:3911:help,src/shoot.c,3911,help,Double-click top-right button in LV. Shortcuts or Zoom.,,new,
src/shoot.c:3916:name,src/shoot.c,3916,name,Zoom with old button,,new,
src/shoot.c:3919:help,src/shoot.c,3919,help,"Use the old Zoom In button, as in 5D2. Double-click in LV.",,new,
src/shoot.c:3945:name,src/shoot.c,3945,name,White Balance,,new,
src/shoot.c:3948:help,src/shoot.c,3948,help,Adjust Kelvin white balance and GM/BA WBShift.,,new,
src/shoot.c:3949:help2,src/shoot.c,3949,help2,"Advanced: WBShift, RGB multipliers, Push-button WB...",,new,
src/shoot.c:3954:name,src/shoot.c,3954,name,White Balance,,new,
src/shoot.c:3957:help,src/shoot.c,3957,help,Adjust Kelvin white balance.,,new,
src/shoot.c:3961:name,src/shoot.c,3961,name,WBShift G/M,,new,
src/shoot.c:3967:help,src/shoot.c,3967,help,"Green-Magenta white balance shift, for fluorescent lights.",,new,
src/shoot.c:3971:name,src/shoot.c,3971,name,WBShift B/A,,new,
src/shoot.c:3977:help,src/shoot.c,3977,help,Blue-Amber WBShift; 1 unit = 5 mireks on Kelvin axis.,,new,
src/shoot.c:3981:name,src/shoot.c,3981,name,R multiplier,,new,
src/shoot.c:3986:help,src/shoot.c,3986,help,"RED channel multiplier, for custom white balance.",,new,
src/shoot.c:3990:name,src/shoot.c,3990,name,G multiplier,,new,
src/shoot.c:3995:help,src/shoot.c,3995,help,"GREEN channel multiplier, for custom white balance.",,new,
src/shoot.c:3999:name,src/shoot.c,3999,name,B multiplier,,new,
src/shoot.c:4004:help,src/shoot.c,4004,help,"BLUE channel multiplier, for custom white balance.",,new,
src/shoot.c:4008:name,src/shoot.c,4008,name,Auto adjust Kelvin,,new,
src/shoot.c:4010:help,src/shoot.c,4010,help,LiveView: adjust Kelvin value once for the current scene.,,new,
src/shoot.c:4013:name,src/shoot.c,4013,name,Auto adjust Green-Magenta,,new,
src/shoot.c:4015:help,src/shoot.c,4015,help,LiveView: adjust Green-Magenta once for the current scene.,,new,
src/shoot.c:4018:name,src/shoot.c,4018,name,Auto adjust Kelvin + G/M,,new,
src/shoot.c:4020:help,src/shoot.c,4020,help,LiveView: adjust Kelvin and G-M once (Push-button WB).,,new,
src/shoot.c:4030:name,src/shoot.c,4030,name,ISO,,new,
src/shoot.c:4033:help,src/shoot.c,4033,help,Adjust and fine-tune ISO. Also displays APEX Sv value.,,new,
src/shoot.c:4034:help2,src/shoot.c,4034,help2,"Advanced: digital ISO tweaks, HTP, ISO 50, ISO 800.000...",,new,
src/shoot.c:4041:name,src/shoot.c,4041,name,Equivalent ISO,,new,
src/shoot.c:4042:help,src/shoot.c,4042,help,ISO equivalent (analog + digital components).,,new,
src/shoot.c:4050:name,src/shoot.c,4050,name,Canon analog ISO,,new,
src/shoot.c:4051:help,src/shoot.c,4051,help,Analog ISO component (ISO at which the sensor is driven).,,new,
src/shoot.c:4060:name,src/shoot.c,4060,name,Canon digital ISO,,new,
src/shoot.c:4061:help,src/shoot.c,4061,help,Canon's digital ISO component. Strongly recommended: 0.,,new,
src/shoot.c:4071:name,src/shoot.c,4071,name,ML digital ISO,,new,
src/shoot.c:4074:help,src/shoot.c,4074,help,ISO tweaks. Negative gain has better highlight roll-off.,,new,
src/shoot.c:4083:name,src/shoot.c,4083,name,ISO Selection,,new,
src/shoot.c:4086:help,src/shoot.c,4086,help,What ISOs should be available from main menu and shortcuts.,,new,
src/shoot.c:4094:name,src/shoot.c,4094,name,Min Movie AutoISO,,new,
src/shoot.c:4099:help,src/shoot.c,4099,help,Minimum value for Auto ISO in movie mode.,,new,
src/shoot.c:4103:name,src/shoot.c,4103,name,Max Movie AutoISO,,new,
src/shoot.c:4108:help,src/shoot.c,4108,help,Maximum value for Auto ISO in movie mode.,,new,
src/shoot.c:4112:name,src/shoot.c,4112,name,A-ISO smoothness,,new,
src/shoot.c:4116:help,src/shoot.c,4116,help,Speed for movie Auto ISO. Low values = smooth transitions.,,new,
src/shoot.c:4126:name,src/shoot.c,4126,name,Shutter,,new,
src/shoot.c:4130:help,src/shoot.c,4130,help,Fine-tune shutter value. Displays APEX Tv or degrees equiv.,,new,
src/shoot.c:4136:name,src/shoot.c,4136,name,Aperture,,new,
src/shoot.c:4140:help,src/shoot.c,4140,help,Adjust aperture. Also displays APEX aperture (Av) in stops.,,new,
src/shoot.c:4150:name,src/shoot.c,4150,name,Expo. Lock,,new,
src/shoot.c:4154:help,src/shoot.c,4154,help,"In M mode, adjust Tv/Av/ISO without changing exposure.",,new,
src/shoot.c:4155:help2,src/shoot.c,4155,help2,It may change the way you use M mode. Maybe I'm just crazy.,,new,
src/shoot.c:4159:name,src/shoot.c,4159,name,Tv  -> ,,new,
src/shoot.c:4164:help,src/shoot.c,4164,help,"When you change Tv, ML adjusts Av and ISO to keep exposure.",,new,
src/shoot.c:4167:name,src/shoot.c,4167,name,Av  -> ,,new,
src/shoot.c:4172:help,src/shoot.c,4172,help,"When you change Av, ML adjusts Tv and ISO to keep exposure.",,new,
src/shoot.c:4175:name,src/shoot.c,4175,name,ISO -> ,,new,
src/shoot.c:4180:help,src/shoot.c,4180,help,"When you change ISO, ML adjusts Tv and Av to keep exposure.",,new,
src/shoot.c:4188:name,src/shoot.c,4188,name,Expo. Presets,,new,
src/shoot.c:4192:help,src/shoot.c,4192,help,"Quickly toggle between two expo presets (ISO,Tv,Av,Kelvin).",,new,
src/shoot.c:3365:choice:0,src/shoot.c,3365,choice:0,"Exposure (Tv,Ae)",,new,
src/shoot.c:3365:choice:1,src/shoot.c,3365,choice:1,Exposure (Flash),,new,
src/shoot.c:3365:choice:2,src/shoot.c,3365,choice:2,DOF (Aperture),,new,
src/shoot.c:3378:choice:0,src/shoot.c,3378,choice:0,Autodetect,,new,
src/shoot.c:3378:choice:1,src/shoot.c,3378,choice:1,2,,new,
src/shoot.c:3378:choice:2,src/shoot.c,3378,choice:2,3,,new,
src/shoot.c:3378:choice:3,src/shoot.c,3378,choice:3,4,,new,
src/shoot.c:3378:choice:4,src/shoot.c,3378,choice:4,5,,new,
src/shoot.c:3378:choice:5,src/shoot.c,3378,choice:5,6,,new,
src/shoot.c:3378:choice:6,src/shoot.c,3378,choice:6,7,,new,
src/shoot.c:3378:choice:7,src/shoot.c,3378,choice:7,8,,new,
src/shoot.c:3378:choice:8,src/shoot.c,3378,choice:8,9,,new,
src/shoot.c:3378:choice:9,src/shoot.c,3378,choice:9,10,,new,
src/shoot.c:3378:choice:10,src/shoot.c,3378,choice:10,11,,new,
src/shoot.c:3378:choice:11,src/shoot.c,3378,choice:11,12,,new,
src/shoot.c:3397:choice:0,src/shoot.c,3397,choice:0,0 - --,,new,
src/shoot.c:3397:choice:1,src/shoot.c,3397,choice:1,0 - + -- ++,,new,
src/shoot.c:3397:choice:2,src/shoot.c,3397,choice:2,0 + ++,,new,
src/shoot.c:3411:choice:0,src/shoot.c,3411,choice:0,OFF,,new,
src/shoot.c:3411:choice:1,src/shoot.c,3411,choice:1,Auto,,new,
src/shoot.c:3422:choice:0,src/shoot.c,3422,choice:0,OFF,,new,
src/shoot.c:3422:choice:1,src/shoot.c,3422,choice:1,Full,,new,
src/shoot.c:3422:choice:2,src/shoot.c,3422,choice:2,Half,,new,
src/shoot.c:3454:choice:0,src/shoot.c,3454,choice:0,Leave Menu,,new,
src/shoot.c:3454:choice:1,src/shoot.c,3454,choice:1,Half Shutter,,new,
src/shoot.c:3454:choice:2,src/shoot.c,3454,choice:2,Take a Pic,,new,
src/shoot.c:3513:choice:0,src/shoot.c,3513,choice:0,Don't change,,new,
src/shoot.c:3513:choice:1,src/shoot.c,3513,choice:1,Turn off,,new,
src/shoot.c:3513:choice:2,src/shoot.c,3513,choice:2,Show previous pic,,new,
src/shoot.c:3527:choice:0,src/shoot.c,3527,choice:0,OFF,,new,
src/shoot.c:3527:choice:1,src/shoot.c,3527,choice:1,Near,,new,
src/shoot.c:3527:choice:2,src/shoot.c,3527,choice:2,Away,,new,
src/shoot.c:3527:choice:3,src/shoot.c,3527,choice:3,Wave,,new,
src/shoot.c:3565:choice:0,src/shoot.c,3565,choice:0,Expo. change,,new,
src/shoot.c:3565:choice:1,src/shoot.c,3565,choice:1,Frame diff.,,new,
src/shoot.c:3565:choice:2,src/shoot.c,3565,choice:2,Steady hands,,new,
src/shoot.c:3583:choice:0,src/shoot.c,3583,choice:0,Small,,new,
src/shoot.c:3583:choice:1,src/shoot.c,3583,choice:1,Medium,,new,
src/shoot.c:3583:choice:2,src/shoot.c,3583,choice:2,Large,,new,
src/shoot.c:3592:choice:0,src/shoot.c,3592,choice:0,OFF,,new,
src/shoot.c:3592:choice:1,src/shoot.c,3592,choice:1,0.1s,,new,
src/shoot.c:3592:choice:2,src/shoot.c,3592,choice:2,0.2s,,new,
src/shoot.c:3592:choice:3,src/shoot.c,3592,choice:3,0.3s,,new,
src/shoot.c:3592:choice:4,src/shoot.c,3592,choice:4,0.4s,,new,
src/shoot.c:3592:choice:5,src/shoot.c,3592,choice:5,0.5s,,new,
src/shoot.c:3592:choice:6,src/shoot.c,3592,choice:6,0.6s,,new,
src/shoot.c:3592:choice:7,src/shoot.c,3592,choice:7,0.7s,,new,
src/shoot.c:3592:choice:8,src/shoot.c,3592,choice:8,0.8s,,new,
src/shoot.c:3592:choice:9,src/shoot.c,3592,choice:9,0.9s,,new,
src/shoot.c:3592:choice:10,src/shoot.c,3592,choice:10,1s,,new,
src/shoot.c:3634:choice:0,src/shoot.c,3634,choice:0,Always ON,,new,
src/shoot.c:3634:choice:1,src/shoot.c,3634,choice:1,Self-Timer,,new,
src/shoot.c:3634:choice:2,src/shoot.c,3634,choice:2,Handheld,,new,
src/shoot.c:3646:choice:0,src/shoot.c,3646,choice:0,All values,,new,
src/shoot.c:3646:choice:1,src/shoot.c,3646,choice:1,1/2...1/125,,new,
src/shoot.c:3655:choice:0,src/shoot.c,3655,choice:0,0.1s,,new,
src/shoot.c:3655:choice:1,src/shoot.c,3655,choice:1,0.2s,,new,
src/shoot.c:3655:choice:2,src/shoot.c,3655,choice:2,0.3s,,new,
src/shoot.c:3655:choice:3,src/shoot.c,3655,choice:3,0.4s,,new,
src/shoot.c:3655:choice:4,src/shoot.c,3655,choice:4,0.5s,,new,
src/shoot.c:3655:choice:5,src/shoot.c,3655,choice:5,0.75s,,new,
src/shoot.c:3655:choice:6,src/shoot.c,3655,choice:6,1s,,new,
src/shoot.c:3676:choice:0,src/shoot.c,3676,choice:0,0.5s,,new,
src/shoot.c:3676:choice:1,src/shoot.c,3676,choice:1,0.75s,,new,
src/shoot.c:3676:choice:2,src/shoot.c,3676,choice:2,1s,,new,
src/shoot.c:3676:choice:3,src/shoot.c,3676,choice:3,2s,,new,
src/shoot.c:3676:choice:4,src/shoot.c,3676,choice:4,3s,,new,
src/shoot.c:3676:choice:5,src/shoot.c,3676,choice:5,4s,,new,
src/shoot.c:3676:choice:6,src/shoot.c,3676,choice:6,5s,,new,
src/shoot.c:3765:choice:0,src/shoot.c,3765,choice:0,1 (OFF),,new,
src/shoot.c:3765:choice:1,src/shoot.c,3765,choice:1,2,,new,
src/shoot.c:3765:choice:2,src/shoot.c,3765,choice:2,3,,new,
src/shoot.c:3765:choice:3,src/shoot.c,3765,choice:3,4,,new,
src/shoot.c:3765:choice:4,src/shoot.c,3765,choice:4,5,,new,
src/shoot.c:3765:choice:5,src/shoot.c,3765,choice:5,6,,new,
src/shoot.c:3765:choice:6,src/shoot.c,3765,choice:6,7,,new,
src/shoot.c:3765:choice:7,src/shoot.c,3765,choice:7,8,,new,
src/shoot.c:3765:choice:8,src/shoot.c,3765,choice:8,9,,new,
src/shoot.c:3790:choice:0,src/shoot.c,3790,choice:0,OFF,,new,
src/shoot.c:3790:choice:1,src/shoot.c,3790,choice:1,Enfuse,,new,
src/shoot.c:3790:choice:2,src/shoot.c,3790,choice:2,Align+Enfuse,,new,
src/shoot.c:3790:choice:3,src/shoot.c,3790,choice:3,File List,,new,
src/shoot.c:3799:choice:0,src/shoot.c,3799,choice:0,OFF,,new,
src/shoot.c:3799:choice:1,src/shoot.c,3799,choice:1,Bash,,new,
src/shoot.c:3799:choice:2,src/shoot.c,3799,choice:2,MS-DOS,,new,
src/shoot.c:3799:choice:3,src/shoot.c,3799,choice:3,File List,,new,
src/shoot.c:3808:choice:0,src/shoot.c,3808,choice:0,OFF,,new,
src/shoot.c:3808:choice:1,src/shoot.c,3808,choice:1,Blink,,new,
src/shoot.c:3808:choice:2,src/shoot.c,3808,choice:2, & Beep,,new,
src/shoot.c:3844:choice:0,src/shoot.c,3844,choice:0,ON,,new,
src/shoot.c:3844:choice:1,src/shoot.c,3844,choice:1,Disable,,new,
src/shoot.c:3855:choice:0,src/shoot.c,3855,choice:0,ON,,new,
src/shoot.c:3855:choice:1,src/shoot.c,3855,choice:1,Disable,,new,
src/shoot.c:3865:choice:0,src/shoot.c,3865,choice:0,ON,,new,
src/shoot.c:3865:choice:1,src/shoot.c,3865,choice:1,Disable,,new,
src/shoot.c:3912:choice:0,src/shoot.c,3912,choice:0,OFF,,new,
src/shoot.c:3912:choice:1,src/shoot.c,3912,choice:1,Zoom,,new,
src/shoot.c:3912:choice:2,src/shoot.c,3912,choice:2,Shortcuts,,new,
src/shoot.c:3920:choice:0,src/shoot.c,3920,choice:0,OFF,,new,
src/shoot.c:3920:choice:1,src/shoot.c,3920,choice:1,ON (!),,new,
src/shoot.c:4087:choice:0,src/shoot.c,4087,choice:0,C 100/160x,,new,
src/shoot.c:4087:choice:1,src/shoot.c,4087,choice:1,ML ISOs,,new,
src/shoot.c:4163:choice:0,src/shoot.c,4163,choice:0,OFF,,new,
src/shoot.c:4163:choice:1,src/shoot.c,4163,choice:1,"Av,ISO",,new,
src/shoot.c:4163:choice:2,src/shoot.c,4163,choice:2,"ISO,Av",,new,
src/shoot.c:4171:choice:0,src/shoot.c,4171,choice:0,OFF,,new,
src/shoot.c:4171:choice:1,src/shoot.c,4171,choice:1,"Tv,ISO",,new,
src/shoot.c:4171:choice:2,src/shoot.c,4171,choice:2,"ISO,Tv",,new,
src/shoot.c:4179:choice:0,src/shoot.c,4179,choice:0,OFF,,new,
src/shoot.c:4179:choice:1,src/shoot.c,4179,choice:1,"Tv,Av",,new,
src/shoot.c:4179:choice:2,src/shoot.c,4179,choice:2,"Av,Tv",,new,
src/shoot.c:4191:choice:0,src/shoot.c,4191,choice:0,OFF,,new,
src/shoot.c:4191:choice:1,src/shoot.c,4191,choice:1,Press SET,,new,
src/shoot.c:4191:choice:2,src/shoot.c,4191,choice:2,Press ,,new,
src/tcc-gui.c:391:name,src/tcc-gui.c,391,name,Show script,,new,
src/tcc-gui.c:396:help,src/tcc-gui.c,396,help,Display the contents of the selected script.,,new,
src/tcc-gui.c:399:name,src/tcc-gui.c,399,name,Run script,,new,
src/tcc-gui.c:402:help,src/tcc-gui.c,402,help,Execute the selected script.,,new,
src/tcc-gui.c:405:help,src/tcc-gui.c,405,help,Script parameter #1,,new,
src/tcc-gui.c:408:help,src/tcc-gui.c,408,help,Script parameter #2,,new,
src/tcc-gui.c:411:help,src/tcc-gui.c,411,help,Script parameter #3,,new,
src/tcc-gui.c:414:help,src/tcc-gui.c,414,help,Script parameter #4,,new,
src/tcc-gui.c:417:help,src/tcc-gui.c,417,help,Script parameter #5,,new,
src/tcc-gui.c:420:help,src/tcc-gui.c,420,help,Script parameter #6,,new,
src/tcc-gui.c:423:help,src/tcc-gui.c,423,help,Script parameter #7,,new,
src/tcc-gui.c:426:help,src/tcc-gui.c,426,help,Script parameter #8,,new,
src/tcc-gui.c:429:help,src/tcc-gui.c,429,help,Script parameter #9,,new,
src/tcc-gui.c:439:name,src/tcc-gui.c,439,name,PicoC scripts...,,new,
src/tcc-gui.c:441:help,src/tcc-gui.c,441,help,Run small C-like scripts. http://code.google.com/p/picoc/,,new,
src/tcc-gui.c:444:name,src/tcc-gui.c,444,name,Select script,,new,
src/tcc-gui.c:448:help,src/tcc-gui.c,448,help,Place your scripts under ML/SCRIPTS directory.,,new,
src/tcc-gui.c:451:name,src/tcc-gui.c,451,name,Show script,,new,
src/tcc-gui.c:456:help,src/tcc-gui.c,456,help,Display the contents of the selected script.,,new,
src/tcc-gui.c:459:name,src/tcc-gui.c,459,name,Run script,,new,
src/tcc-gui.c:462:help,src/tcc-gui.c,462,help,Execute the selected script.,,new,
src/tcc-gui.c:479:help,src/tcc-gui.c,479,help,"Run C scripts with TinyCC, http://bellard.org/tcc/.",,new,
src/tcc-gui.c:480:help2,src/tcc-gui.c,480,help2,PLAY: quick start.,,new,
src/tweaks-eyefi.c:152:name,src/tweaks-eyefi.c,152,name,EyeFi Trick,,new,
src/tweaks-eyefi.c:154:help,src/tweaks-eyefi.c,154,help,Rename CR2 files to AVI (trick for EyeFi cards).,,new,
src/tweaks-eyefi.c:157:name,src/tweaks-eyefi.c,157,name,Rename CR2 to AVI,,new,
src/tweaks-eyefi.c:159:help,src/tweaks-eyefi.c,159,help,Rename CR2 files to AVI (trick for EyeFi cards).,,new,
src/tweaks-eyefi.c:162:name,src/tweaks-eyefi.c,162,name,Rename AVI to CR2,,new,
src/tweaks-eyefi.c:164:help,src/tweaks-eyefi.c,164,help,Rename back AVI files to CR2 (trick for EyeFi cards).,,new,
src/tweaks-eyefi.c:168:name,src/tweaks-eyefi.c,168,name,Rename 422 to MP4,,new,
src/tweaks-eyefi.c:170:help,src/tweaks-eyefi.c,170,help,Rename 422 files to MP4 (trick for EyeFi cards).,,new,
src/tweaks-eyefi.c:173:name,src/tweaks-eyefi.c,173,name,Rename MP4 to 422,,new,
src/tweaks-eyefi.c:175:help,src/tweaks-eyefi.c,175,help,Rename back MP4 files to 422 (trick for EyeFi cards).,,new,
src/tweaks.c:1997:name,src/tweaks.c,1997,name,Focus box settings,,new,
src/tweaks.c:2000:help,src/tweaks.c,2000,help,"Tweaks for LiveView focus box: move faster, snap to points.",,new,
src/tweaks.c:2005:name,src/tweaks.c,2005,name,Speed,,new,
src/tweaks.c:2010:help,src/tweaks.c,2010,help,Move the focus box faster (in LiveView).,,new,
src/tweaks.c:2015:name,src/tweaks.c,2015,name,Snap points,,new,
src/tweaks.c:2030:help,src/tweaks.c,2030,help,Snap the focus box to preset points (press CENTER key),,new,
src/tweaks.c:2035:name,src/tweaks.c,2035,name,Display,,new,
src/tweaks.c:2039:help,src/tweaks.c,2039,help,You can hide the focus box (the little white rectangle).,,new,
src/tweaks.c:2050:name,src/tweaks.c,2050,name,Arrow/SET shortcuts,,new,
src/tweaks.c:2054:help,src/tweaks.c,2054,help,Choose functions for arrows keys. Toggle w. ,,new,
src/tweaks.c:2063:name,src/tweaks.c,2063,name,Audio Gain,,new,
src/tweaks.c:2066:help,src/tweaks.c,2066,help,LEFT/RIGHT: input gain. UP/DOWN: output gain. SET: Input.,,new,
src/tweaks.c:2070:name,src/tweaks.c,2070,name,ISO/Kelvin,,new,
src/tweaks.c:2073:help,src/tweaks.c,2073,help,LEFT/RIGHT: ISO. UP/DN: Kelvin white balance. SET: PushWB.,,new,
src/tweaks.c:2076:name,src/tweaks.c,2076,name,Shutter/Aperture,,new,
src/tweaks.c:2079:help,src/tweaks.c,2079,help,LEFT/RIGHT: Shutter. UP/DN: Aperture.  SET: 180d shutter.,,new,
src/tweaks.c:2082:name,src/tweaks.c,2082,name,LCD Bright/Saturation,,new,
src/tweaks.c:2085:help,src/tweaks.c,2085,help,LEFT/RIGHT: LCD bright. UP/DN: LCD saturation. SET: reset.,,new,
src/tweaks.c:2088:name,src/tweaks.c,2088,name,Use SET button,,new,
src/tweaks.c:2091:help,src/tweaks.c,2091,help,Enables functions for SET when you use arrow shortcuts.,,new,
src/tweaks.c:2100:name,src/tweaks.c,2100,name,Misc key settings,,new,
src/tweaks.c:2103:help,src/tweaks.c,2103,help,Misc options related to shortcut keys.,,new,
src/tweaks.c:2107:name,src/tweaks.c,2107,name,LCD Sensor Shortcuts,,new,
src/tweaks.c:2111:help,src/tweaks.c,2111,help,Use the LCD face sensor as an extra key in ML.,,new,
src/tweaks.c:2116:name,src/tweaks.c,2116,name,Sticky DOF Preview,,new,
src/tweaks.c:2119:help,src/tweaks.c,2119,help,Makes the DOF preview button sticky (press to toggle).,,new,
src/tweaks.c:2124:name,src/tweaks.c,2124,name,Sticky HalfShutter,,new,
src/tweaks.c:2127:help,src/tweaks.c,2127,help,Makes the half-shutter button sticky (press to toggle).,,new,
src/tweaks.c:2132:name,src/tweaks.c,2132,name,Swap MENU <--> ERASE,,new,
src/tweaks.c:2135:help,src/tweaks.c,2135,help,Swaps MENU and ERASE buttons.,,new,
src/tweaks.c:2140:name,src/tweaks.c,2140,name,Swap INFO <--> PLAY,,new,
src/tweaks.c:2143:help,src/tweaks.c,2143,help,Swaps INFO and PLAY buttons.,,new,
src/tweaks.c:2148:name,src/tweaks.c,2148,name,DigitalZoom Shortcut,,new,
src/tweaks.c:2152:help,src/tweaks.c,2152,help,Movie: DISP + Zoom In toggles between 1x and 3x modes.,,new,
src/tweaks.c:2164:name,src/tweaks.c,2164,name,Warning for bad settings,,new,
src/tweaks.c:2167:help,src/tweaks.c,2167,help,Warn if some of your settings are changed by mistake.,,new,
src/tweaks.c:2171:name,src/tweaks.c,2171,name,Mode warning,,new,
src/tweaks.c:2176:help,src/tweaks.c,2176,help,Warn if you turn the mode dial to some other position.,,new,
src/tweaks.c:2179:name,src/tweaks.c,2179,name,Quality warning,,new,
src/tweaks.c:2183:help,src/tweaks.c,2183,help,Warn if you change the picture quality to something else.,,new,
src/tweaks.c:2186:name,src/tweaks.c,2186,name,ALO warning,,new,
src/tweaks.c:2190:help,src/tweaks.c,2190,help,Warn if you enable ALO by mistake.,,new,
src/tweaks.c:2193:name,src/tweaks.c,2193,name,WB warning,,new,
src/tweaks.c:2197:help,src/tweaks.c,2197,help,Warn if you disable AWB by mistake.,,new,
src/tweaks.c:2200:name,src/tweaks.c,2200,name,AF/MF warning,,new,
src/tweaks.c:2204:help,src/tweaks.c,2204,help,Warn on Manual / Automatic Focus,,new,
src/tweaks.c:2207:name,src/tweaks.c,2207,name,Warning message,,new,
src/tweaks.c:2217:help,src/tweaks.c,2217,help,"Warn type, LED, Messagebox, Beep",,new,
src/tweaks.c:2323:name,src/tweaks.c,2323,name,LV Display,,new,
src/tweaks.c:2327:help,src/tweaks.c,2327,help,Exposure simulation (LiveView display type).,,new,
src/tweaks.c:2329:name,src/tweaks.c,2329,name,ExpSim,,new,
src/tweaks.c:2331:help,src/tweaks.c,2331,help,Exposure simulation.,,new,
src/tweaks.c:3438:name,src/tweaks.c,3438,name,LV DIGIC peaking,,new,
src/tweaks.c:3448:help,src/tweaks.c,3448,help,Focus peaking via DIGIC. No CPU usage!,,new,
src/tweaks.c:3454:name,src/tweaks.c,3454,name,LV brightness,,new,
src/tweaks.c:3457:help,src/tweaks.c,3457,help,For LiveView preview only. Does not affect recording.,,new,
src/tweaks.c:3465:name,src/tweaks.c,3465,name,LV contrast,,new,
src/tweaks.c:3470:help,src/tweaks.c,3470,help,For LiveView preview only. Does not affect recording.,,new,
src/tweaks.c:3479:name,src/tweaks.c,3479,name,LV saturation,,new,
src/tweaks.c:3484:help,src/tweaks.c,3484,help,For LiveView preview only. Does not affect recording.,,new,
src/tweaks.c:3485:help2,src/tweaks.c,3485,help2, \n,,new,
src/tweaks.c:3499:name,src/tweaks.c,3499,name,Boost when adjusting WB,,new,
src/tweaks.c:3502:help,src/tweaks.c,3502,help,Increase LiveView saturation when adjusting white balance.,,new,
src/tweaks.c:3510:name,src/tweaks.c,3510,name,LV display gain,,new,
src/tweaks.c:3517:help,src/tweaks.c,3517,help,Makes LiveView usable in complete darkness (photo mode).,,new,
src/tweaks.c:3518:help2,src/tweaks.c,3518,help2,"Tip: if it gets really dark, also enable FPS override.",,new,
src/tweaks.c:3525:name,src/tweaks.c,3525,name,Clear overlays,,new,
src/tweaks.c:3530:help,src/tweaks.c,3530,help,Clear bitmap overlays from LiveView display.,,new,
src/tweaks.c:3535:name,src/tweaks.c,3535,name,Mode,,new,
src/tweaks.c:3538:help,src/tweaks.c,3538,help,Clear screen when you hold shutter halfway or when idle.,,new,
src/tweaks.c:3550:name,src/tweaks.c,3550,name,Defishing,,new,
src/tweaks.c:3557:help,src/tweaks.c,3557,help,Preview straightened images from fisheye lenses. LV+PLAY.,,new,
src/tweaks.c:3561:name,src/tweaks.c,3561,name,Projection,,new,
src/tweaks.c:3566:help,src/tweaks.c,3566,help,Projection used for defishing (Rectilinear or Panini).,,new,
src/tweaks.c:3579:name,src/tweaks.c,3579,name,Anamorphic,,new,
src/tweaks.c:3584:help,src/tweaks.c,3584,help,"Stretches LiveView image vertically, for anamorphic lenses.",,new,
src/tweaks.c:3589:name,src/tweaks.c,3589,name,Stretch Ratio,,new,
src/tweaks.c:3593:help,src/tweaks.c,3593,help,Aspect ratio used for anamorphic preview correction.,,new,
src/tweaks.c:3601:name,src/tweaks.c,3601,name,Advanced settings,,new,
src/tweaks.c:3604:help,src/tweaks.c,3604,help,"Screen orientation, position fine-tuning...",,new,
src/tweaks.c:3608:name,src/tweaks.c,3608,name,Kill Canon GUI,,new,
src/tweaks.c:3613:help,src/tweaks.c,3613,help,Workarounds for disabling Canon graphics elements.,,new,
src/tweaks.c:3618:name,src/tweaks.c,3618,name,Screen Layout,,new,
src/tweaks.c:3634:help,src/tweaks.c,3634,help,"Position of top/bottom bars, useful for external displays.",,new,
src/tweaks.c:3640:name,src/tweaks.c,3640,name,Color scheme,,new,
src/tweaks.c:3644:help,src/tweaks.c,3644,help,"Color scheme for bitmap overlays (ML menus, Canon menus...)",,new,
src/tweaks.c:3650:name,src/tweaks.c,3650,name,Image position,,new,
src/tweaks.c:3656:help,src/tweaks.c,3656,help,May make the image easier to see from difficult angles.,,new,
src/tweaks.c:3661:name,src/tweaks.c,3661,name,UpsideDown mode,,new,
src/tweaks.c:3664:help,src/tweaks.c,3664,help,Displays overlay graphics upside-down and flips arrow keys.,,new,
src/tweaks.c:3669:name,src/tweaks.c,3669,name,Orientation,,new,
src/tweaks.c:3674:help,src/tweaks.c,3674,help,Display + LiveView orientation: Normal / Reverse / Mirror.,,new,
src/tweaks.c:3679:name,src/tweaks.c,3679,name,Auto Mirroring,,new,
src/tweaks.c:3683:help,src/tweaks.c,3683,help,"Prevents display mirroring, which may reverse ML texts.",,new,
src/tweaks.c:3689:name,src/tweaks.c,3689,name,LV crazy colors,,new,
src/tweaks.c:3697:help,src/tweaks.c,3697,help,Crazy color effects that may help with white balance.,,new,
src/tweaks.c:3698:help2,src/tweaks.c,3698,help2,For LiveView preview only. Does not affect recording.\n,,new,
src/tweaks.c:3708:name,src/tweaks.c,3708,name,Display Shake,,new,
src/tweaks.c:3711:help,src/tweaks.c,3711,help,Emphasizes camera shake on LiveView display.,,new,
src/tweaks.c:3717:name,src/tweaks.c,3717,name,Force HDMI-VGA,,new,
src/tweaks.c:3720:help,src/tweaks.c,3720,help,Force low resolution (720x480) on HDMI displays.,,new,
src/tweaks.c:3733:name,src/tweaks.c,3733,name,Image review settings,,new,
src/tweaks.c:3736:help,src/tweaks.c,3736,help,Options for PLAY (image review) mode.,,new,
src/tweaks.c:3741:name,src/tweaks.c,3741,name,Play mode actions,,new,
src/tweaks.c:3742:help,src/tweaks.c,3742,help,Several helpful image actions you can trigger in PLAY mode.,,new,
src/tweaks.c:3748:name,src/tweaks.c,3748,name,Action type,,new,
src/tweaks.c:3752:help,src/tweaks.c,3752,help,Chose the action type to perform when triggered.,,new,
src/tweaks.c:3757:name,src/tweaks.c,3757,name,Trigger key(s),,new,
src/tweaks.c:3761:help,src/tweaks.c,3761,help,Use Av+MainDial together to perform selected action.,,new,
src/tweaks.c:3766:name,src/tweaks.c,3766,name,Trigger key(s),,new,
src/tweaks.c:3770:help,src/tweaks.c,3770,help,Either use a key combination and/or just an easier single keystroke.,,new,
src/tweaks.c:3780:name,src/tweaks.c,3780,name,Image Review,,new,
src/tweaks.c:3784:help,src/tweaks.c,3784,help,"When you set \""ImageReview: Hold\"", it will go to Play mode.",,new,
src/tweaks.c:3790:name,src/tweaks.c,3790,name,Quick Zoom,,new,
src/tweaks.c:3794:help,src/tweaks.c,3794,help,"Faster zoom in Play mode, for pixel peeping :)",,new,
src/tweaks.c:3801:name,src/tweaks.c,3801,name,Remember last Zoom pos,,new,
src/tweaks.c:3804:help,src/tweaks.c,3804,help,Remember last Zoom position in playback mode.,,new,
src/tweaks.c:3810:name,src/tweaks.c,3810,name,LV button,,new,
src/tweaks.c:3816:help,src/tweaks.c,3816,help,You may use the LiveView button to protect or rate images.,,new,
src/tweaks.c:3818:help2,src/tweaks.c,3818,help2,Also up/down keys/joystick work as +/- rating if zoomed out.,,new,
src/tweaks.c:3823:help,src/tweaks.c,3823,help,You may use the LiveView button to protect images quickly.,,new,
src/tweaks.c:3832:name,src/tweaks.c,3832,name,Quick Erase,,new,
src/tweaks.c:3836:help,src/tweaks.c,3836,help,Delete files quickly with fewer keystrokes (be careful!!!),,new,
src/tweaks.c:3839:help,src/tweaks.c,3839,help,Delete files quickly with SET+Erase (be careful!!!),,new,
src/tweaks.c:3860:name,src/tweaks.c,3860,name,Saturation,,new,
src/tweaks.c:3866:help,src/tweaks.c,3866,help,For preview only - adjust display saturation.,,new,
src/tweaks.c:3870:name,src/tweaks.c,3870,name,Image Review,,new,
src/tweaks.c:3874:help,src/tweaks.c,3874,help,"When you set \""ImageReview: Hold\"", it will go to Play mode.",,new,
src/tweaks.c:3878:name,src/tweaks.c,3878,name,Quick Zoom,,new,
src/tweaks.c:3882:help,src/tweaks.c,3882,help,"Faster zoom in Play mode, for pixel peeping :)",,new,
src/tweaks.c:3887:name,src/tweaks.c,3887,name,Quick Erase,,new,
src/tweaks.c:3890:help,src/tweaks.c,3890,help,Delete files quickly with fewer keystrokes (be careful!!!),,new,
src/tweaks.c:3893:name,src/tweaks.c,3893,name,SET+MainDial,,new,
src/tweaks.c:3898:help,src/tweaks.c,3898,help,What to do when you press SET and turn the scrollwheel.,,new,
src/tweaks.c:3515:choice:0,src/tweaks.c,3515,choice:0,OFF,,new,
src/tweaks.c:3515:choice:1,src/tweaks.c,3515,choice:1,1 EV,,new,
src/tweaks.c:3515:choice:2,src/tweaks.c,3515,choice:2,2 EV,,new,
src/tweaks.c:3515:choice:3,src/tweaks.c,3515,choice:3,3 EV,,new,
src/tweaks.c:3515:choice:4,src/tweaks.c,3515,choice:4,4 EV,,new,
src/tweaks.c:3515:choice:5,src/tweaks.c,3515,choice:5,5 EV,,new,
src/tweaks.c:3515:choice:6,src/tweaks.c,3515,choice:6,6 EV,,new,
src/tweaks.c:3611:choice:0,src/tweaks.c,3611,choice:0,OFF,,new,
src/tweaks.c:3611:choice:1,src/tweaks.c,3611,choice:1,Idle/Menus,,new,
src/tweaks.c:3611:choice:2,src/tweaks.c,3611,choice:2,Idle/Menus+Keys,,new,
src/tweaks.c:3623:choice:0,src/tweaks.c,3623,choice:0,"4:3 display,auto",,new,
src/tweaks.c:3623:choice:1,src/tweaks.c,3623,choice:1,"3:2 display,t/b",,new,
src/tweaks.c:3623:choice:2,src/tweaks.c,3623,choice:2,"16:10 HDMI,t/b",,new,
src/tweaks.c:3623:choice:3,src/tweaks.c,3623,choice:3,"16:9  HDMI,t/b",,new,
src/tweaks.c:3623:choice:4,src/tweaks.c,3623,choice:4,"Bottom,under 3:2",,new,
src/tweaks.c:3623:choice:5,src/tweaks.c,3623,choice:5,"Bottom,under16:9",,new,
src/vectorscope.c:289:name,src/vectorscope.c,289,name,Vectorscope,,new,
src/vectorscope.c:293:help,src/vectorscope.c,293,help,Shows color distribution as U-V plot. For grading & WB.,,new,
src/vectorscope.c:297:name,src/vectorscope.c,297,name,UV scaling,,new,
src/vectorscope.c:301:help,src/vectorscope.c,301,help,Scaling for input signal (useful with flat picture styles).,,new,
src/video_hacks.c:132:name,src/video_hacks.c,132,name,Video Hacks,,new,
src/video_hacks.c:135:help,src/video_hacks.c,135,help,"Experimental hacks: flush rate, GOP size. Be careful!",,new,
src/video_hacks.c:139:name,src/video_hacks.c,139,name,Flush rate,,new,
src/video_hacks.c:144:help,src/video_hacks.c,144,help,Flush movie buffer every n frames.,,new,
src/video_hacks.c:147:name,src/video_hacks.c,147,name,GOP size,,new,
src/video_hacks.c:152:help,src/video_hacks.c,152,help,Set GOP size to n frames.,,new,
src/zebra-5dc.c:1707:name,src/zebra-5dc.c,1707,name,Show Overlay,,new,
src/zebra-5dc.c:1712:help,src/zebra-5dc.c,1712,help,"When to display ML overlay graphics (zebra, histogram...)",,new,
src/zebra-5dc.c:1716:name,src/zebra-5dc.c,1716,name,Zebras,,new,
src/zebra-5dc.c:1720:help,src/zebra-5dc.c,1720,help,Zebra stripes: show overexposed or underexposed areas.,,new,
src/zebra-5dc.c:1724:name,src/zebra-5dc.c,1724,name,Color space,,new,
src/zebra-5dc.c:1729:help,src/zebra-5dc.c,1729,help,Luma: red/blue. RGB: color is reverse of clipped channel.,,new,
src/zebra-5dc.c:1732:name,src/zebra-5dc.c,1732,name,Underexposure,,new,
src/zebra-5dc.c:1737:help,src/zebra-5dc.c,1737,help,Underexposure threshold.,,new,
src/zebra-5dc.c:1740:name,src/zebra-5dc.c,1740,name,Overexposure,,new,
src/zebra-5dc.c:1745:help,src/zebra-5dc.c,1745,help,Overexposure threshold.,,new,
src/zebra-5dc.c:1751:name,src/zebra-5dc.c,1751,name,Focus Peak,,new,
src/zebra-5dc.c:1755:help,src/zebra-5dc.c,1755,help,Show which parts of the image are in focus.,,new,
src/zebra-5dc.c:1760:name,src/zebra-5dc.c,1760,name,Filter bias,,new,
src/zebra-5dc.c:1764:help,src/zebra-5dc.c,1764,help,Balance fine texture details vs strong high-contrast edges.,,new,
src/zebra-5dc.c:1768:name,src/zebra-5dc.c,1768,name,Threshold,,new,
src/zebra-5dc.c:1771:help,src/zebra-5dc.c,1771,help,How many pixels are considered in focus (percentage).,,new,
src/zebra-5dc.c:1775:name,src/zebra-5dc.c,1775,name,Color,,new,
src/zebra-5dc.c:1779:help,src/zebra-5dc.c,1779,help,Focus peaking color (fixed or color coding).,,new,
src/zebra-5dc.c:1783:name,src/zebra-5dc.c,1783,name,Grayscale img.,,new,
src/zebra-5dc.c:1786:help,src/zebra-5dc.c,1786,help,Display the image in grayscale.,,new,
src/zebra-5dc.c:1791:name,src/zebra-5dc.c,1791,name,Debug mode,,new,
src/zebra-5dc.c:1792:help,src/zebra-5dc.c,1792,help,Displays raw contrast image (grayscale).,,new,
src/zebra-5dc.c:1798:name,src/zebra-5dc.c,1798,name,Spotmeter,,new,
src/zebra-5dc.c:1802:help,src/zebra-5dc.c,1802,help,Exposure aid: display brightness from a small spot.,,new,
src/zebra-5dc.c:1806:name,src/zebra-5dc.c,1806,name,Spotmeter Unit,,new,
src/zebra-5dc.c:1811:help,src/zebra-5dc.c,1811,help,Measurement unit for brightness level(s).,,new,
src/zebra-5dc.c:1818:name,src/zebra-5dc.c,1818,name,False color,,new,
src/zebra-5dc.c:1822:help,src/zebra-5dc.c,1822,help,Exposure aid: each brightness level is color-coded.,,new,
src/zebra-5dc.c:1826:name,src/zebra-5dc.c,1826,name,Palette,,new,
src/zebra-5dc.c:1831:help,src/zebra-5dc.c,1831,help,"False color palettes for exposure, banding, green screen...",,new,
src/zebra-5dc.c:1838:name,src/zebra-5dc.c,1838,name,Histo/Wavefm,,new,
src/zebra-5dc.c:1843:help,src/zebra-5dc.c,1843,help,Histogram [SET] and Waveform [Q] for evaluating exposure.,,new,
src/zebra-5dc.c:1848:name,src/zebra-5dc.c,1848,name,Histogram,,new,
src/zebra-5dc.c:1852:help,src/zebra-5dc.c,1852,help,Exposure aid: shows the distribution of brightness levels.,,new,
src/zebra-5dc.c:1856:name,src/zebra-5dc.c,1856,name,Color space,,new,
src/zebra-5dc.c:1861:help,src/zebra-5dc.c,1861,help,Color space for histogram: Luma channel (YUV) / RGB.,,new,
src/zebra-5dc.c:1864:name,src/zebra-5dc.c,1864,name,Scaling,,new,
src/zebra-5dc.c:1868:help,src/zebra-5dc.c,1868,help,Linear or logarithmic histogram.,,new,
src/zebra-5dc.c:1872:name,src/zebra-5dc.c,1872,name,Clip warning,,new,
src/zebra-5dc.c:1876:help,src/zebra-5dc.c,1876,help,Display warning dots when one color channel is clipped.,,new,
src/zebra-5dc.c:1882:name,src/zebra-5dc.c,1882,name,Waveform,,new,
src/zebra-5dc.c:1886:help,src/zebra-5dc.c,1886,help,Exposure aid: useful for checking overall brightness.,,new,
src/zebra-5dc.c:1889:name,src/zebra-5dc.c,1889,name,Size,,new,
src/zebra-5dc.c:1894:help,src/zebra-5dc.c,1894,help,Waveform size: Small / Large / FullScreen.,,new,
src/zebra-5dc.c:1901:name,src/zebra-5dc.c,1901,name,Vectorscope,,new,
src/zebra-5dc.c:1905:help,src/zebra-5dc.c,1905,help,Shows color distribution as U-V plot. For grading & WB.,,new,
src/zebra.c:2684:name,src/zebra.c,2684,name,Global Draw,,new,
src/zebra.c:2695:help,src/zebra.c,2695,help,"Enable/disable ML overlay graphics (zebra, cropmarks...)",,new,
src/zebra.c:2701:name,src/zebra.c,2701,name,Zebras,,new,
src/zebra.c:2705:help,src/zebra.c,2705,help,Zebra stripes: show overexposed or underexposed areas.,,new,
src/zebra.c:2709:name,src/zebra.c,2709,name,Color Space,,new,
src/zebra.c:2719:help,src/zebra.c,2719,help,Luma: red/blue. RGB: show color of the clipped channel(s).,,new,
src/zebra.c:2722:name,src/zebra.c,2722,name,Underexposure,,new,
src/zebra.c:2728:help,src/zebra.c,2728,help,Underexposure threshold.,,new,
src/zebra.c:2731:name,src/zebra.c,2731,name,Overexposure,,new,
src/zebra.c:2737:help,src/zebra.c,2737,help,Overexposure threshold.,,new,
src/zebra.c:2741:name,src/zebra.c,2741,name,When recording,,new,
src/zebra.c:2745:help,src/zebra.c,2745,help,You can hide zebras when recording.,,new,
src/zebra.c:2750:name,src/zebra.c,2750,name,Use RAW zebras,,new,
src/zebra.c:2755:help,src/zebra.c,2755,help,Use RAW zebras if possible.,,new,
src/zebra.c:2758:name,src/zebra.c,2758,name,Raw zebra underexposure,,new,
src/zebra.c:2762:help,src/zebra.c,2762,help,RAW zebra underexposure threshold,,new,
src/zebra.c:2763:help2,src/zebra.c,2763,help2,(in EVs above the noise floor),,new,
src/zebra.c:2779:name,src/zebra.c,2779,name,Focus Peak,,new,
src/zebra.c:2783:help,src/zebra.c,2783,help,Show which parts of the image are in focus.,,new,
src/zebra.c:2788:name,src/zebra.c,2788,name,Filter bias,,new,
src/zebra.c:2792:help,src/zebra.c,2792,help,Fine-tune the focus detection algorithm:,,new,
src/zebra.c:2793:help2,src/zebra.c,2793,help2,"Strong edges: looks for edges, works best in low light.\n",,new,
src/zebra.c:2800:name,src/zebra.c,2800,name,Method,,new,
src/zebra.c:2804:help,src/zebra.c,2804,help,"Contrast detection method. 2: more accurate, 1: less noisy.",,new,
src/zebra.c:2811:name,src/zebra.c,2811,name,Display type,,new,
src/zebra.c:2815:help,src/zebra.c,2815,help,"How to display peaking. Alpha looks nicer, but image lags.",,new,
src/zebra.c:2819:name,src/zebra.c,2819,name,Threshold,,new,
src/zebra.c:2825:help,src/zebra.c,2825,help,How many pixels are considered in focus (percentage).,,new,
src/zebra.c:2828:name,src/zebra.c,2828,name,Color,,new,
src/zebra.c:2832:help,src/zebra.c,2832,help,Focus peaking color (fixed or color coding).,,new,
src/zebra.c:2836:name,src/zebra.c,2836,name,Grayscale image,,new,
src/zebra.c:2839:help,src/zebra.c,2839,help,Display LiveView image in grayscale.,,new,
src/zebra.c:2847:name,src/zebra.c,2847,name,Magic Zoom,,new,
src/zebra.c:2852:help,src/zebra.c,2852,help,Zoom box for checking focus. Can be used while recording.,,new,
src/zebra.c:2857:name,src/zebra.c,2857,name,Trigger mode,,new,
src/zebra.c:2863:help,src/zebra.c,2863,help,Trigger Magic Zoom by focus ring or half-shutter.,,new,
src/zebra.c:2866:help,src/zebra.c,2866,help,Zoom when recording / trigger from focus ring / Zoom button,,new,
src/zebra.c:2870:name,src/zebra.c,2870,name,Size,,new,
src/zebra.c:2874:help,src/zebra.c,2874,help,Size of zoom box (small / medium / large / full screen).,,new,
src/zebra.c:2877:help,src/zebra.c,2877,help,Size of zoom box (small / medium / large).,,new,
src/zebra.c:2883:name,src/zebra.c,2883,name,Position,,new,
src/zebra.c:2888:help,src/zebra.c,2888,help,Position of zoom box (fixed or linked to focus box).,,new,
src/zebra.c:2891:name,src/zebra.c,2891,name,Magnification,,new,
src/zebra.c:2896:help,src/zebra.c,2896,help,"1:1 displays recorded pixels, 2:1 displays them doubled.",,new,
src/zebra.c:2900:name,src/zebra.c,2900,name,Focus confirm,,new,
src/zebra.c:2905:help,src/zebra.c,2905,help,How to show focus confirmation (green bars / split screen).,,new,
src/zebra.c:2909:name,src/zebra.c,2909,name,Look-up Table,,new,
src/zebra.c:2913:help,src/zebra.c,2913,help,LUT for increasing contrast in the zoom box.,,new,
src/zebra.c:2927:name,src/zebra.c,2927,name,Ghost image,,new,
src/zebra.c:2931:help,src/zebra.c,2931,help,"Overlay any image in LiveView. In PLAY mode, press LV btn.",,new,
src/zebra.c:2936:name,src/zebra.c,2936,name,Auto-update,,new,
src/zebra.c:2939:help,src/zebra.c,2939,help,Update the overlay whenever you take a picture.,,new,
src/zebra.c:2947:name,src/zebra.c,2947,name,Spotmeter,,new,
src/zebra.c:2951:help,src/zebra.c,2951,help,Exposure aid: display brightness from a small spot.,,new,
src/zebra.c:2955:name,src/zebra.c,2955,name,Spotmeter Unit,,new,
src/zebra.c:2964:help,src/zebra.c,2964,help,Measurement unit for brightness level(s).,,new,
src/zebra.c:2973:name,src/zebra.c,2973,name,Spot Position,,new,
src/zebra.c:2978:help,src/zebra.c,2978,help,Spotmeter position: center or linked to focus box.,,new,
src/zebra.c:2986:name,src/zebra.c,2986,name,False color,,new,
src/zebra.c:2992:help,src/zebra.c,2992,help,Exposure aid: each brightness level is color-coded.,,new,
src/zebra.c:2996:name,src/zebra.c,2996,name,Palette      ,,new,
src/zebra.c:3002:help,src/zebra.c,3002,help,"False color palettes for exposure, banding, green screen...",,new,
src/zebra.c:3010:name,src/zebra.c,3010,name,Histogram,,new,
src/zebra.c:3014:help,src/zebra.c,3014,help,Exposure aid: shows the distribution of brightness levels.,,new,
src/zebra.c:3019:name,src/zebra.c,3019,name,Histogram type,,new,
src/zebra.c:3034:help,src/zebra.c,3034,help,Choose between YUV-based (JPG) or RAW-based histogram.,,new,
src/zebra.c:3035:help2,src/zebra.c,3035,help2,"If RAW data is not available, it will fall back to YUV-based.",,new,
src/zebra.c:3039:name,src/zebra.c,3039,name,RAW EV indicator,,new,
src/zebra.c:3043:help,src/zebra.c,3043,help,Choose an EV image indicator to display on the histogram.,,new,
src/zebra.c:3051:name,src/zebra.c,3051,name,Scaling,,new,
src/zebra.c:3055:help,src/zebra.c,3055,help,Linear or logarithmic histogram.,,new,
src/zebra.c:3059:name,src/zebra.c,3059,name,Clip warning,,new,
src/zebra.c:3062:help,src/zebra.c,3062,help,Display warning dots when one color channel is clipped.,,new,
src/zebra.c:3063:help2,src/zebra.c,3063,help2,Numbers represent the percentage of pixels clipped.,,new,
src/zebra.c:3071:name,src/zebra.c,3071,name,Waveform,,new,
src/zebra.c:3075:help,src/zebra.c,3075,help,Exposure aid: useful for checking overall brightness.,,new,
src/zebra.c:3079:name,src/zebra.c,3079,name,Waveform Size,,new,
src/zebra.c:3084:help,src/zebra.c,3084,help,Waveform size: Small / Large / FullScreen.,,new,
src/zebra.c:3094:name,src/zebra.c,3094,name,Level Indicator,,new,
src/zebra.c:3097:help,src/zebra.c,3097,help,Electronic level indicator in 0.5 degree steps.,,new,
src/zebra.c:3106:name,src/zebra.c,3106,name,Show Overlay FPS,,new,
src/zebra.c:3109:help,src/zebra.c,3109,help,"Show the frame rate of overlay loop (zebras, peaking...)",,new,
src/zebra.c:3117:name,src/zebra.c,3117,name,LV Display Presets,,new,
src/zebra.c:3122:help,src/zebra.c,3122,help,Num. of LV display presets. Switch with ,,new,
src/zebra.c:3000:choice:0,src/zebra.c,3000,choice:0,Marshall,,new,
src/zebra.c:3000:choice:1,src/zebra.c,3000,choice:1,SmallHD,,new,
src/zebra.c:3000:choice:2,src/zebra.c,3000,choice:2,50-55%,,new,
src/zebra.c:3000:choice:3,src/zebra.c,3000,choice:3,67-72%,,new,
src/zebra.c:3000:choice:4,src/zebra.c,3000,choice:4,Banding detection,,new,
src/zebra.c:3000:choice:5,src/zebra.c,3000,choice:5,GreenScreen,,new,
src/zebra.c:3042:choice:0,src/zebra.c,3042,choice:0,OFF,,new,
src/zebra.c:3042:choice:1,src/zebra.c,3042,choice:1,Dynamic Range,,new,
src/zebra.c:3042:choice:2,src/zebra.c,3042,choice:2,ETTR hint,,new,
modules/raw_video/mlv_lite/mlv_lite.c:4017:name,modules/raw_video/mlv_lite/mlv_lite.c,4017,name,RAW video,,new,
modules/raw_video/mlv_lite/mlv_lite.c:4023:help,modules/raw_video/mlv_lite/mlv_lite.c,4023,help,"Record RAW video (MLV format, no sound, basic metadata).",,new,
modules/raw_video/mlv_lite/mlv_lite.c:4024:help2,modules/raw_video/mlv_lite/mlv_lite.c,4024,help2,Press LiveView to start recording.,,new,
modules/raw_video/mlv_lite/mlv_lite.c:4027:name,modules/raw_video/mlv_lite/mlv_lite.c,4027,name,Resolution,,new,
modules/raw_video/mlv_lite/mlv_lite.c:4035:name,modules/raw_video/mlv_lite/mlv_lite.c,4035,name,Aspect ratio,,new,
modules/raw_video/mlv_lite/mlv_lite.c:4042:name,modules/raw_video/mlv_lite/mlv_lite.c,4042,name,Data format,,new,
modules/raw_video/mlv_lite/mlv_lite.c:4054:help,modules/raw_video/mlv_lite/mlv_lite.c,4054,help,"Choose the output format (bit depth, compression) for the raw stream:",,new,
modules/raw_video/mlv_lite/mlv_lite.c:4055:help2,modules/raw_video/mlv_lite/mlv_lite.c,4055,help2,14-bit: native uncompressed format used in Canon firmware.\n,,new,
modules/raw_video/mlv_lite/mlv_lite.c:4063:name,modules/raw_video/mlv_lite/mlv_lite.c,4063,name,Preview,,new,
modules/raw_video/mlv_lite/mlv_lite.c:4067:help,modules/raw_video/mlv_lite/mlv_lite.c,4067,help,Raw video preview (long half-shutter press to override):,,new,
modules/raw_video/mlv_lite/mlv_lite.c:4068:help2,modules/raw_video/mlv_lite/mlv_lite.c,4068,help2,Auto: ML chooses what's best for each video mode\n,,new,
modules/raw_video/mlv_lite/mlv_lite.c:4075:name,modules/raw_video/mlv_lite/mlv_lite.c,4075,name,Pre-record,,new,
modules/raw_video/mlv_lite/mlv_lite.c:4079:help,modules/raw_video/mlv_lite/mlv_lite.c,4079,help,"Pre-records a few seconds of video into memory, discarding old frames.",,new,
modules/raw_video/mlv_lite/mlv_lite.c:4080:help2,modules/raw_video/mlv_lite/mlv_lite.c,4080,help2,"Press REC twice: 1 - to start pre-recording, 2 - for normal recording.",,new,
modules/raw_video/mlv_lite/mlv_lite.c:4083:name,modules/raw_video/mlv_lite/mlv_lite.c,4083,name,Rec trigger,,new,
modules/raw_video/mlv_lite/mlv_lite.c:4087:help,modules/raw_video/mlv_lite/mlv_lite.c,4087,help,Use external trigger to start/pause recording within a video clip.,,new,
modules/raw_video/mlv_lite/mlv_lite.c:4088:help2,modules/raw_video/mlv_lite/mlv_lite.c,4088,help2,Disabled (press REC as usual).\n,,new,
modules/raw_video/mlv_lite/mlv_lite.c:4094:name,modules/raw_video/mlv_lite/mlv_lite.c,4094,name,Card Spanning,,new,
modules/raw_video/mlv_lite/mlv_lite.c:4097:help,modules/raw_video/mlv_lite/mlv_lite.c,4097,help,Span video file over SD + CF cards.,,new,
modules/raw_video/mlv_lite/mlv_lite.c:4098:help2,modules/raw_video/mlv_lite/mlv_lite.c,4098,help2,Can increase write speed.,,new,
modules/raw_video/mlv_lite/mlv_lite.c:4101:name,modules/raw_video/mlv_lite/mlv_lite.c,4101,name,Digital dolly,,new,
modules/raw_video/mlv_lite/mlv_lite.c:4104:help,modules/raw_video/mlv_lite/mlv_lite.c,4104,help,Smooth panning of the recording window (software dolly).,,new,
modules/raw_video/mlv_lite/mlv_lite.c:4105:help2,modules/raw_video/mlv_lite/mlv_lite.c,4105,help2,Use arrow keys (joystick) to move the window.,,new,
modules/raw_video/mlv_lite/mlv_lite.c:4109:name,modules/raw_video/mlv_lite/mlv_lite.c,4109,name,H.264 proxy,,new,
modules/raw_video/mlv_lite/mlv_lite.c:4113:help,modules/raw_video/mlv_lite/mlv_lite.c,4113,help,Record a H.264 video at the same time.,,new,
modules/raw_video/mlv_lite/mlv_lite.c:4114:help2,modules/raw_video/mlv_lite/mlv_lite.c,4114,help2,"For best performance, record H.264 on SD and RAW on CF.",,new,
modules/raw_video/mlv_lite/mlv_lite.c:4118:name,modules/raw_video/mlv_lite/mlv_lite.c,4118,name,Card warm-up,,new,
modules/raw_video/mlv_lite/mlv_lite.c:4122:help,modules/raw_video/mlv_lite/mlv_lite.c,4122,help,Write a large file on the card at camera startup.,,new,
modules/raw_video/mlv_lite/mlv_lite.c:4123:help2,modules/raw_video/mlv_lite/mlv_lite.c,4123,help2,Some cards seem to get a bit faster after this.,,new,
modules/raw_video/mlv_lite/mlv_lite.c:4127:name,modules/raw_video/mlv_lite/mlv_lite.c,4127,name,Use SRM memory,,new,
modules/raw_video/mlv_lite/mlv_lite.c:4130:help,modules/raw_video/mlv_lite/mlv_lite.c,4130,help,Allocate memory from SRM job buffers (normally used for still capture).,,new,
modules/raw_video/mlv_lite/mlv_lite.c:4131:help2,modules/raw_video/mlv_lite/mlv_lite.c,4131,help2,Side effect: will show BUSY on the screen and might affect other functions.,,new,
modules/raw_video/mlv_lite/mlv_lite.c:4135:name,modules/raw_video/mlv_lite/mlv_lite.c,4135,name,Small hacks,,new,
modules/raw_video/mlv_lite/mlv_lite.c:4138:help,modules/raw_video/mlv_lite/mlv_lite.c,4138,help,"Slow down Canon GUI, disable auto exposure, white balance...",,new,
modules/raw_video/mlv_lite/mlv_lite.c:4142:name,modules/raw_video/mlv_lite/mlv_lite.c,4142,name,Show graph,,new,
modules/raw_video/mlv_lite/mlv_lite.c:4146:help,modules/raw_video/mlv_lite/mlv_lite.c,4146,help,Displays a graph of the current buffer usage and expected frames.,,new,
modules/raw_video/mlv_lite/mlv_lite.c:4150:name,modules/raw_video/mlv_lite/mlv_lite.c,4150,name,Sync beep,,new,
modules/raw_video/mlv_lite/mlv_lite.c:4153:help,modules/raw_video/mlv_lite/mlv_lite.c,4153,help,Beeps on recording start for better sync.,,new,
modules/raw_video/mlv_lite/mlv_lite.c:4157:name,modules/raw_video/mlv_lite/mlv_lite.c,4157,name,Show EDMAC,,new,
modules/raw_video/mlv_lite/mlv_lite.c:4160:help,modules/raw_video/mlv_lite/mlv_lite.c,4160,help,Plots the EDMAC read/write pointers within the source raw buffer.,,new,
modules/raw_video/mlv_lite/mlv_lite.c:4161:help2,modules/raw_video/mlv_lite/mlv_lite.c,4161,help2,"If green (RD) is always above red (WR), it's safe to use single-buffering.",,new,
modules/raw_video/mlv_lite/mlv_lite.c:4165:name,modules/raw_video/mlv_lite/mlv_lite.c,4165,name,Playback,,new,
modules/raw_video/mlv_lite/mlv_lite.c:4169:help,modules/raw_video/mlv_lite/mlv_lite.c,4169,help,Play back the last raw video clip.,,new,
modules/raw_video/mlv_lite/mlv_lite.c:4488:name,modules/raw_video/mlv_lite/mlv_lite.c,4488,name,Rec. Status,,new,
modules/raw_video/mlv_lite/mlv_lite.c:4532:help,modules/raw_video/mlv_lite/mlv_lite.c,4532,help,Record RAW video. Press SET to start.,,new,
modules/raw_video/mlv_lite/mlv_lite.c:119:choice:0,modules/raw_video/mlv_lite/mlv_lite.c,119,choice:0,640,,new,
modules/raw_video/mlv_lite/mlv_lite.c:119:choice:1,modules/raw_video/mlv_lite/mlv_lite.c,119,choice:1,960,,new,
modules/raw_video/mlv_lite/mlv_lite.c:119:choice:2,modules/raw_video/mlv_lite/mlv_lite.c,119,choice:2,1280,,new,
modules/raw_video/mlv_lite/mlv_lite.c:119:choice:3,modules/raw_video/mlv_lite/mlv_lite.c,119,choice:3,1600,,new,
modules/raw_video/mlv_lite/mlv_lite.c:119:choice:4,modules/raw_video/mlv_lite/mlv_lite.c,119,choice:4,1920,,new,
modules/raw_video/mlv_lite/mlv_lite.c:119:choice:5,modules/raw_video/mlv_lite/mlv_lite.c,119,choice:5,2240,,new,
modules/raw_video/mlv_lite/mlv_lite.c:119:choice:6,modules/raw_video/mlv_lite/mlv_lite.c,119,choice:6,2560,,new,
modules/raw_video/mlv_lite/mlv_lite.c:119:choice:7,modules/raw_video/mlv_lite/mlv_lite.c,119,choice:7,2880,,new,
modules/raw_video/mlv_lite/mlv_lite.c:119:choice:8,modules/raw_video/mlv_lite/mlv_lite.c,119,choice:8,3072,,new,
modules/raw_video/mlv_lite/mlv_lite.c:119:choice:9,modules/raw_video/mlv_lite/mlv_lite.c,119,choice:9,3520,,new,
modules/raw_video/mlv_lite/mlv_lite.c:119:choice:10,modules/raw_video/mlv_lite/mlv_lite.c,119,choice:10,4096,,new,
modules/raw_video/mlv_lite/mlv_lite.c:119:choice:11,modules/raw_video/mlv_lite/mlv_lite.c,119,choice:11,5796,,new,
modules/raw_video/mlv_lite/mlv_lite.c:4046:choice:0,modules/raw_video/mlv_lite/mlv_lite.c,4046,choice:0,14-bit,,new,
modules/raw_video/mlv_lite/mlv_lite.c:4046:choice:1,modules/raw_video/mlv_lite/mlv_lite.c,4046,choice:1,12-bit,,new,
modules/raw_video/mlv_lite/mlv_lite.c:4046:choice:2,modules/raw_video/mlv_lite/mlv_lite.c,4046,choice:2,10-bit,,new,
modules/raw_video/mlv_lite/mlv_lite.c:4046:choice:3,modules/raw_video/mlv_lite/mlv_lite.c,4046,choice:3,14-bit lossless,,new,
modules/raw_video/mlv_lite/mlv_lite.c:4046:choice:4,modules/raw_video/mlv_lite/mlv_lite.c,4046,choice:4,12-bit lossless,,new,
modules/raw_video/mlv_lite/mlv_lite.c:4046:choice:5,modules/raw_video/mlv_lite/mlv_lite.c,4046,choice:5,11...8-bit lossless,,new,
modules/raw_video/mlv_lite/mlv_lite.c:4066:choice:0,modules/raw_video/mlv_lite/mlv_lite.c,4066,choice:0,Auto,,new,
modules/raw_video/mlv_lite/mlv_lite.c:4066:choice:1,modules/raw_video/mlv_lite/mlv_lite.c,4066,choice:1,Real-time,,new,
modules/raw_video/mlv_lite/mlv_lite.c:4066:choice:2,modules/raw_video/mlv_lite/mlv_lite.c,4066,choice:2,Framing,,new,
modules/raw_video/mlv_lite/mlv_lite.c:4066:choice:3,modules/raw_video/mlv_lite/mlv_lite.c,4066,choice:3,Frozen LV,,new,
modules/raw_video/mlv_lite/mlv_lite.c:4086:choice:0,modules/raw_video/mlv_lite/mlv_lite.c,4086,choice:0,OFF,,new,
modules/raw_video/mlv_lite/mlv_lite.c:4086:choice:1,modules/raw_video/mlv_lite/mlv_lite.c,4086,choice:1,Half-shutter: start/pause,,new,
modules/raw_video/mlv_lite/mlv_lite.c:4086:choice:2,modules/raw_video/mlv_lite/mlv_lite.c,4086,choice:2,Half-shutter: hold,,new,
modules/raw_video/mlv_lite/mlv_lite.c:4086:choice:3,modules/raw_video/mlv_lite/mlv_lite.c,4086,choice:3,Half-shutter: pre only,,new,
modules/raw_video/mlv_lite/mlv_lite.c:4121:choice:0,modules/raw_video/mlv_lite/mlv_lite.c,4121,choice:0,OFF,,new,
modules/raw_video/mlv_lite/mlv_lite.c:4121:choice:1,modules/raw_video/mlv_lite/mlv_lite.c,4121,choice:1,16 MB,,new,
modules/raw_video/mlv_lite/mlv_lite.c:4121:choice:2,modules/raw_video/mlv_lite/mlv_lite.c,4121,choice:2,32 MB,,new,
modules/raw_video/mlv_lite/mlv_lite.c:4121:choice:3,modules/raw_video/mlv_lite/mlv_lite.c,4121,choice:3,64 MB,,new,
modules/raw_video/mlv_lite/mlv_lite.c:4121:choice:4,modules/raw_video/mlv_lite/mlv_lite.c,4121,choice:4,128 MB,,new,
modules/raw_video/mlv_lite/mlv_lite.c:4121:choice:5,modules/raw_video/mlv_lite/mlv_lite.c,4121,choice:5,256 MB,,new,
modules/raw_video/mlv_lite/mlv_lite.c:4121:choice:6,modules/raw_video/mlv_lite/mlv_lite.c,4121,choice:6,512 MB,,new,
modules/raw_video/mlv_lite/mlv_lite.c:4121:choice:7,modules/raw_video/mlv_lite/mlv_lite.c,4121,choice:7,1 GB,,new,
modules/raw_video/mlv_lite/mlv_lite.c:4144:choice:0,modules/raw_video/mlv_lite/mlv_lite.c,4144,choice:0,OFF,,new,
modules/raw_video/mlv_lite/mlv_lite.c:4144:choice:1,modules/raw_video/mlv_lite/mlv_lite.c,4144,choice:1,Buffers,,new,
modules/raw_video/mlv_lite/mlv_lite.c:4144:choice:2,modules/raw_video/mlv_lite/mlv_lite.c,4144,choice:2,Buffer usage,,new,
modules/raw_video/mlv_rec/mlv_rec.c:3981:name,modules/raw_video/mlv_rec/mlv_rec.c,3981,name,RAW video (MLV),,new,
modules/raw_video/mlv_rec/mlv_rec.c:3987:help,modules/raw_video/mlv_rec/mlv_rec.c,3987,help,Record RAW video. Press LiveView to start.,,new,
modules/raw_video/mlv_rec/mlv_rec.c:3990:name,modules/raw_video/mlv_rec/mlv_rec.c,3990,name,Resolution,,new,
modules/raw_video/mlv_rec/mlv_rec.c:3998:name,modules/raw_video/mlv_rec/mlv_rec.c,3998,name,Aspect Ratio,,new,
modules/raw_video/mlv_rec/mlv_rec.c:4005:name,modules/raw_video/mlv_rec/mlv_rec.c,4005,name,Bit Depth,,new,
modules/raw_video/mlv_rec/mlv_rec.c:4011:name,modules/raw_video/mlv_rec/mlv_rec.c,4011,name,Create Directory,,new,
modules/raw_video/mlv_rec/mlv_rec.c:4014:help,modules/raw_video/mlv_rec/mlv_rec.c,4014,help,Save video chunks in separate folders.,,new,
modules/raw_video/mlv_rec/mlv_rec.c:4017:name,modules/raw_video/mlv_rec/mlv_rec.c,4017,name,Global Draw,,new,
modules/raw_video/mlv_rec/mlv_rec.c:4021:help,modules/raw_video/mlv_rec/mlv_rec.c,4021,help,Disable global draw while recording.,,new,
modules/raw_video/mlv_rec/mlv_rec.c:4022:help2,modules/raw_video/mlv_rec/mlv_rec.c,4022,help2,May help with performance. Some previews depend on GD.,,new,
modules/raw_video/mlv_rec/mlv_rec.c:4025:name,modules/raw_video/mlv_rec/mlv_rec.c,4025,name,Frame Skipping,,new,
modules/raw_video/mlv_rec/mlv_rec.c:4029:help,modules/raw_video/mlv_rec/mlv_rec.c,4029,help,Enable if you don't mind skipping frames (for slow cards).,,new,
modules/raw_video/mlv_rec/mlv_rec.c:4030:help2,modules/raw_video/mlv_rec/mlv_rec.c,4030,help2,Be careful of stuttering footage.,,new,
modules/raw_video/mlv_rec/mlv_rec.c:4033:name,modules/raw_video/mlv_rec/mlv_rec.c,4033,name,Preview Options,,new,
modules/raw_video/mlv_rec/mlv_rec.c:4037:help2,modules/raw_video/mlv_rec/mlv_rec.c,4037,help2,Auto: ML chooses what's best for each video mode.\n,,new,
modules/raw_video/mlv_rec/mlv_rec.c:4044:name,modules/raw_video/mlv_rec/mlv_rec.c,4044,name,Status When Recording,,new,
modules/raw_video/mlv_rec/mlv_rec.c:4048:help,modules/raw_video/mlv_rec/mlv_rec.c,4048,help,Display status while recording.,,new,
modules/raw_video/mlv_rec/mlv_rec.c:4049:help2,modules/raw_video/mlv_rec/mlv_rec.c,4049,help2,Display a small recording icon with basic information.\n,,new,
modules/raw_video/mlv_rec/mlv_rec.c:4053:name,modules/raw_video/mlv_rec/mlv_rec.c,4053,name,Start Delay,,new,
modules/raw_video/mlv_rec/mlv_rec.c:4058:help,modules/raw_video/mlv_rec/mlv_rec.c,4058,help,Start delay. Useful to stabilize in photo mode.,,new,
modules/raw_video/mlv_rec/mlv_rec.c:4059:help2,modules/raw_video/mlv_rec/mlv_rec.c,4059,help2,Pressing shutter button.,,new,
modules/raw_video/mlv_rec/mlv_rec.c:4062:name,modules/raw_video/mlv_rec/mlv_rec.c,4062,name,Files > 4GiB (exFAT),,new,
modules/raw_video/mlv_rec/mlv_rec.c:4065:help,modules/raw_video/mlv_rec/mlv_rec.c,4065,help,Don't split files on 4GiB margins.,,new,
modules/raw_video/mlv_rec/mlv_rec.c:4066:help2,modules/raw_video/mlv_rec/mlv_rec.c,4066,help2,Ensure your card is formatted as exFAT!,,new,
modules/raw_video/mlv_rec/mlv_rec.c:4069:name,modules/raw_video/mlv_rec/mlv_rec.c,4069,name,Digital Dolly,,new,
modules/raw_video/mlv_rec/mlv_rec.c:4072:help,modules/raw_video/mlv_rec/mlv_rec.c,4072,help,Smooth panning of the recording window (software dolly).,,new,
modules/raw_video/mlv_rec/mlv_rec.c:4073:help2,modules/raw_video/mlv_rec/mlv_rec.c,4073,help2,Use arrow keys (joystick) to move the window.,,new,
modules/raw_video/mlv_rec/mlv_rec.c:4076:name,modules/raw_video/mlv_rec/mlv_rec.c,4076,name,Card Warm-up,,new,
modules/raw_video/mlv_rec/mlv_rec.c:4080:help,modules/raw_video/mlv_rec/mlv_rec.c,4080,help,Write a large file on the card at camera startup.,,new,
modules/raw_video/mlv_rec/mlv_rec.c:4081:help2,modules/raw_video/mlv_rec/mlv_rec.c,4081,help2,Some cards seem to get a bit faster after this.,,new,
modules/raw_video/mlv_rec/mlv_rec.c:4084:name,modules/raw_video/mlv_rec/mlv_rec.c,4084,name,Use SRM Job Memory,,new,
modules/raw_video/mlv_rec/mlv_rec.c:4087:help,modules/raw_video/mlv_rec/mlv_rec.c,4087,help,Allocate memory from SRM job buffers.,,new,
modules/raw_video/mlv_rec/mlv_rec.c:4090:name,modules/raw_video/mlv_rec/mlv_rec.c,4090,name,Extra Hacks,,new,
modules/raw_video/mlv_rec/mlv_rec.c:4093:help,modules/raw_video/mlv_rec/mlv_rec.c,4093,help,"Slow down Canon GUI, lock digital expo while recording.",,new,
modules/raw_video/mlv_rec/mlv_rec.c:4094:help2,modules/raw_video/mlv_rec/mlv_rec.c,4094,help2,May help with performance.,,new,
modules/raw_video/mlv_rec/mlv_rec.c:4097:name,modules/raw_video/mlv_rec/mlv_rec.c,4097,name,Debug Trace,,new,
modules/raw_video/mlv_rec/mlv_rec.c:4100:help,modules/raw_video/mlv_rec/mlv_rec.c,4100,help,Write an execution trace. Causes perfomance drop.,,new,
modules/raw_video/mlv_rec/mlv_rec.c:4101:help2,modules/raw_video/mlv_rec/mlv_rec.c,4101,help2,You have to restart camera before setting takes effect.,,new,
modules/raw_video/mlv_rec/mlv_rec.c:4104:name,modules/raw_video/mlv_rec/mlv_rec.c,4104,name,Show Buffer Graph,,new,
modules/raw_video/mlv_rec/mlv_rec.c:4107:help,modules/raw_video/mlv_rec/mlv_rec.c,4107,help,Displays a graph of the current buffer usage and expected frames.,,new,
modules/raw_video/mlv_rec/mlv_rec.c:4110:name,modules/raw_video/mlv_rec/mlv_rec.c,4110,name,Buffer Fill Method,,new,
modules/raw_video/mlv_rec/mlv_rec.c:4113:help,modules/raw_video/mlv_rec/mlv_rec.c,4113,help,Method for filling buffers. Will affect write speed.,,new,
modules/raw_video/mlv_rec/mlv_rec.c:4114:help2,modules/raw_video/mlv_rec/mlv_rec.c,4114,help2,Try different options for the best performance.,,new,
modules/raw_video/mlv_rec/mlv_rec.c:4117:name,modules/raw_video/mlv_rec/mlv_rec.c,4117,name,CF-only Buffers,,new,
modules/raw_video/mlv_rec/mlv_rec.c:4120:help,modules/raw_video/mlv_rec/mlv_rec.c,4120,help,How many of the largest buffers are for CF writing.,,new,
modules/raw_video/mlv_rec/mlv_rec.c:4123:name,modules/raw_video/mlv_rec/mlv_rec.c,4123,name,Card Spanning,,new,
modules/raw_video/mlv_rec/mlv_rec.c:4126:help,modules/raw_video/mlv_rec/mlv_rec.c,4126,help,Span video file over cards to use SD+CF write speed.,,new,
modules/raw_video/mlv_rec/mlv_rec.c:4127:help2,modules/raw_video/mlv_rec/mlv_rec.c,4127,help2,May increase performance.,,new,
modules/raw_video/mlv_rec/mlv_rec.c:4130:name,modules/raw_video/mlv_rec/mlv_rec.c,4130,name,Reserve Card Space,,new,
modules/raw_video/mlv_rec/mlv_rec.c:4133:help,modules/raw_video/mlv_rec/mlv_rec.c,4133,help,Write a file to the card before recording.,,new,
modules/raw_video/mlv_rec/mlv_rec.c:4134:help2,modules/raw_video/mlv_rec/mlv_rec.c,4134,help2,Use this to prevent data loss at card full.,,new,
modules/raw_video/mlv_rec/mlv_rec.c:4137:name,modules/raw_video/mlv_rec/mlv_rec.c,4137,name,Tag: Text,,new,
modules/raw_video/mlv_rec/mlv_rec.c:4141:help,modules/raw_video/mlv_rec/mlv_rec.c,4141,help,Free text field.,,new,
modules/raw_video/mlv_rec/mlv_rec.c:4144:name,modules/raw_video/mlv_rec/mlv_rec.c,4144,name,Tag: Take,,new,
modules/raw_video/mlv_rec/mlv_rec.c:4149:help,modules/raw_video/mlv_rec/mlv_rec.c,4149,help,Auto-counting take number.,,new,
modules/raw_video/mlv_rec/mlv_rec.c:4398:help,modules/raw_video/mlv_rec/mlv_rec.c,4398,help,Record RAW video. Press SET to start.,,new,
modules/raw_video/mlv_rec/mlv_rec.c:142:choice:0,modules/raw_video/mlv_rec/mlv_rec.c,142,choice:0,640,,new,
modules/raw_video/mlv_rec/mlv_rec.c:142:choice:1,modules/raw_video/mlv_rec/mlv_rec.c,142,choice:1,960,,new,
modules/raw_video/mlv_rec/mlv_rec.c:142:choice:2,modules/raw_video/mlv_rec/mlv_rec.c,142,choice:2,1280,,new,
modules/raw_video/mlv_rec/mlv_rec.c:142:choice:3,modules/raw_video/mlv_rec/mlv_rec.c,142,choice:3,1600,,new,
modules/raw_video/mlv_rec/mlv_rec.c:142:choice:4,modules/raw_video/mlv_rec/mlv_rec.c,142,choice:4,1920,,new,
modules/raw_video/mlv_rec/mlv_rec.c:142:choice:5,modules/raw_video/mlv_rec/mlv_rec.c,142,choice:5,2240,,new,
modules/raw_video/mlv_rec/mlv_rec.c:142:choice:6,modules/raw_video/mlv_rec/mlv_rec.c,142,choice:6,2560,,new,
modules/raw_video/mlv_rec/mlv_rec.c:142:choice:7,modules/raw_video/mlv_rec/mlv_rec.c,142,choice:7,2880,,new,
modules/raw_video/mlv_rec/mlv_rec.c:142:choice:8,modules/raw_video/mlv_rec/mlv_rec.c,142,choice:8,3200,,new,
modules/raw_video/mlv_rec/mlv_rec.c:142:choice:9,modules/raw_video/mlv_rec/mlv_rec.c,142,choice:9,3520,,new,
modules/raw_video/mlv_rec/mlv_rec.c:4008:choice:0,modules/raw_video/mlv_rec/mlv_rec.c,4008,choice:0,10bpp,,new,
modules/raw_video/mlv_rec/mlv_rec.c:4008:choice:1,modules/raw_video/mlv_rec/mlv_rec.c,4008,choice:1,12bpp,,new,
modules/raw_video/mlv_rec/mlv_rec.c:4008:choice:2,modules/raw_video/mlv_rec/mlv_rec.c,4008,choice:2,14bpp,,new,
modules/raw_video/mlv_rec/mlv_rec.c:4020:choice:0,modules/raw_video/mlv_rec/mlv_rec.c,4020,choice:0,Allow,,new,
modules/raw_video/mlv_rec/mlv_rec.c:4020:choice:1,modules/raw_video/mlv_rec/mlv_rec.c,4020,choice:1,OFF,,new,
modules/raw_video/mlv_rec/mlv_rec.c:4028:choice:0,modules/raw_video/mlv_rec/mlv_rec.c,4028,choice:0,OFF,,new,
modules/raw_video/mlv_rec/mlv_rec.c:4028:choice:1,modules/raw_video/mlv_rec/mlv_rec.c,4028,choice:1,Allow,,new,
modules/raw_video/mlv_rec/mlv_rec.c:4036:choice:0,modules/raw_video/mlv_rec/mlv_rec.c,4036,choice:0,Auto,,new,
modules/raw_video/mlv_rec/mlv_rec.c:4036:choice:1,modules/raw_video/mlv_rec/mlv_rec.c,4036,choice:1,Canon,,new,
modules/raw_video/mlv_rec/mlv_rec.c:4036:choice:2,modules/raw_video/mlv_rec/mlv_rec.c,4036,choice:2,ML Grayscale,,new,
modules/raw_video/mlv_rec/mlv_rec.c:4036:choice:3,modules/raw_video/mlv_rec/mlv_rec.c,4036,choice:3,HaCKeD,,new,
modules/raw_video/mlv_rec/mlv_rec.c:4036:choice:4,modules/raw_video/mlv_rec/mlv_rec.c,4036,choice:4,Hacked No Prev,,new,
modules/raw_video/mlv_rec/mlv_rec.c:4047:choice:0,modules/raw_video/mlv_rec/mlv_rec.c,4047,choice:0,None,,new,
modules/raw_video/mlv_rec/mlv_rec.c:4047:choice:1,modules/raw_video/mlv_rec/mlv_rec.c,4047,choice:1,Icon,,new,
modules/raw_video/mlv_rec/mlv_rec.c:4047:choice:2,modules/raw_video/mlv_rec/mlv_rec.c,4047,choice:2,Debug,,new,
modules/raw_video/mlv_rec/mlv_rec.c:4056:choice:0,modules/raw_video/mlv_rec/mlv_rec.c,4056,choice:0,OFF,,new,
modules/raw_video/mlv_rec/mlv_rec.c:4056:choice:1,modules/raw_video/mlv_rec/mlv_rec.c,4056,choice:1,2 sec.,,new,
modules/raw_video/mlv_rec/mlv_rec.c:4056:choice:2,modules/raw_video/mlv_rec/mlv_rec.c,4056,choice:2,4 sec.,,new,
modules/raw_video/mlv_rec/mlv_rec.c:4056:choice:3,modules/raw_video/mlv_rec/mlv_rec.c,4056,choice:3,10 sec.,,new,
modules/raw_video/mlv_rec/mlv_rec.c:4079:choice:0,modules/raw_video/mlv_rec/mlv_rec.c,4079,choice:0,OFF,,new,
modules/raw_video/mlv_rec/mlv_rec.c:4079:choice:1,modules/raw_video/mlv_rec/mlv_rec.c,4079,choice:1,16 MB,,new,
modules/raw_video/mlv_rec/mlv_rec.c:4079:choice:2,modules/raw_video/mlv_rec/mlv_rec.c,4079,choice:2,32 MB,,new,
modules/raw_video/mlv_rec/mlv_rec.c:4079:choice:3,modules/raw_video/mlv_rec/mlv_rec.c,4079,choice:3,64 MB,,new,
modules/raw_video/mlv_rec/mlv_rec.c:4079:choice:4,modules/raw_video/mlv_rec/mlv_rec.c,4079,choice:4,128 MB,,new,
modules/raw_video/mlv_rec/mlv_rec.c:4079:choice:5,modules/raw_video/mlv_rec/mlv_rec.c,4079,choice:5,256 MB,,new,
modules/raw_video/mlv_rec/mlv_rec.c:4079:choice:6,modules/raw_video/mlv_rec/mlv_rec.c,4079,choice:6,512 MB,,new,
modules/raw_video/mlv_rec/mlv_rec.c:4079:choice:7,modules/raw_video/mlv_rec/mlv_rec.c,4079,choice:7,1 GB,,new,
modules/raw_video/mlv_snd/mlv_snd.c:655:name,modules/raw_video/mlv_snd/mlv_snd.c,655,name,Sound recording,,new,
modules/raw_video/mlv_snd/mlv_snd.c:658:help,modules/raw_video/mlv_snd/mlv_snd.c,658,help,Sound recording options provided by mlv_snd.,,new,
modules/raw_video/mlv_snd/mlv_snd.c:662:name,modules/raw_video/mlv_snd/mlv_snd.c,662,name,Enable sound,,new,
modules/raw_video/mlv_snd/mlv_snd.c:665:help,modules/raw_video/mlv_snd/mlv_snd.c,665,help,[mlv_snd] Enable sound recording for MLV.,,new,
modules/raw_video/mlv_snd/mlv_snd.c:668:name,modules/raw_video/mlv_snd/mlv_snd.c,668,name,Sampling rate,,new,
modules/raw_video/mlv_snd/mlv_snd.c:673:help,modules/raw_video/mlv_snd/mlv_snd.c,673,help,[mlv_snd] Select your sampling rate.,,new,
modules/raw_video/mlv_snd/mlv_snd.c:676:name,modules/raw_video/mlv_snd/mlv_snd.c,676,name,Audio delay,,new,
modules/raw_video/mlv_snd/mlv_snd.c:680:help,modules/raw_video/mlv_snd/mlv_snd.c,680,help,Delay the audio that many frames. (experimental),,new,
modules/raw_video/mlv_snd/mlv_snd.c:683:name,modules/raw_video/mlv_snd/mlv_snd.c,683,name,Trace output,,new,
modules/raw_video/mlv_snd/mlv_snd.c:687:help,modules/raw_video/mlv_snd/mlv_snd.c,687,help,[mlv_snd] Enable log file tracing. Needs camera restart.,,new,
modules/file_man/file_man.c:158:name,modules/file_man/file_man.c,158,name,File Manager,,new,
modules/ettr/ettr.c:1619:name,modules/ettr/ettr.c,1619,name,Auto ETTR,,new,
modules/ettr/ettr.c:1623:help,modules/ettr/ettr.c,1623,help,Auto expose to the right when you shoot RAW.,,new,
modules/ettr/ettr.c:1627:name,modules/ettr/ettr.c,1627,name,Trigger mode,,new,
modules/ettr/ettr.c:1631:help,modules/ettr/ettr.c,1631,help,When should the exposure be adjusted for ETTR:,,new,
modules/ettr/ettr.c:1632:help2,modules/ettr/ettr.c,1632,help2,"Always ON: when you take a pic, or continuously in LiveView\n",,new,
modules/ettr/ettr.c:1638:name,modules/ettr/ettr.c,1638,name,Slowest shutter,,new,
modules/ettr/ettr.c:1645:help,modules/ettr/ettr.c,1645,help,Slowest shutter speed for ETTR (longest exposure time).,,new,
modules/ettr/ettr.c:1648:name,modules/ettr/ettr.c,1648,name,Exposure target,,new,
modules/ettr/ettr.c:1653:help,modules/ettr/ettr.c,1653,help,Exposure target for ETTR. Recommended: -0.5 or -1 EV.,,new,
modules/ettr/ettr.c:1657:name,modules/ettr/ettr.c,1657,name,Highlight ignore,,new,
modules/ettr/ettr.c:1663:help,modules/ettr/ettr.c,1663,help,How many bright pixels are allowed above the target level.,,new,
modules/ettr/ettr.c:1664:help2,modules/ettr/ettr.c,1664,help2,Use this to allow spec(ta)cular highlights to be clipped.,,new,
modules/ettr/ettr.c:1667:name,modules/ettr/ettr.c,1667,name,Allow clipping,,new,
modules/ettr/ettr.c:1671:help,modules/ettr/ettr.c,1671,help,Choose what color channels are allowed to be clipped.,,new,
modules/ettr/ettr.c:1675:name,modules/ettr/ettr.c,1675,name,Midtone SNR limit,,new,
modules/ettr/ettr.c:1680:help,modules/ettr/ettr.c,1680,help,Stop underexposing when at least half of the image gets,,new,
modules/ettr/ettr.c:1681:help2,modules/ettr/ettr.c,1681,help2,noisier than selected SNR => will clip more highlights.,,new,
modules/ettr/ettr.c:1685:name,modules/ettr/ettr.c,1685,name,Shadow SNR limit,,new,
modules/ettr/ettr.c:1690:help,modules/ettr/ettr.c,1690,help,Stop underexposing when at least 5% of the image gets,,new,
modules/ettr/ettr.c:1691:help2,modules/ettr/ettr.c,1691,help2,noisier than selected SNR => will clip more highlights.,,new,
modules/ettr/ettr.c:1695:name,modules/ettr/ettr.c,1695,name,Link to Canon shutter,,new,
modules/ettr/ettr.c:1698:help,modules/ettr/ettr.c,1698,help,Hack to adjust slowest shutter from main dial.,,new,
modules/ettr/ettr.c:1702:name,modules/ettr/ettr.c,1702,name,Link to Dual ISO,,new,
modules/ettr/ettr.c:1705:help,modules/ettr/ettr.c,1705,help,Let ETTR change DualISO settings so you get the SNR values,,new,
modules/ettr/ettr.c:1706:help2,modules/ettr/ettr.c,1706,help2,in mids & shadows. It will disable dual ISO if not needed.,,new,
modules/ettr/ettr.c:1709:name,modules/ettr/ettr.c,1709,name,Show metered areas,,new,
modules/ettr/ettr.c:1712:help,modules/ettr/ettr.c,1712,help,Show where the white point and the SNR levels are metered,,new,
modules/ettr/ettr.c:1713:help2,modules/ettr/ettr.c,1713,help2,"(what exactly is considered highlight, midtone and shadow).",,new,
modules/ettr/ettr.c:1717:name,modules/ettr/ettr.c,1717,name,Allow beeps,,new,
modules/ettr/ettr.c:1720:help,modules/ettr/ettr.c,1720,help,"Make status beeps (1 = OK, 2 = need more pictures, 3 = error).",,new,
modules/ettr/ettr.c:1724:name,modules/ettr/ettr.c,1724,name,Show debug info,,new,
modules/ettr/ettr.c:1728:help,modules/ettr/ettr.c,1728,help,For camera nerds.,,new,
modules/ettr/ettr.c:1630:choice:0,modules/ettr/ettr.c,1630,choice:0,Always ON,,new,
modules/ettr/ettr.c:1630:choice:1,modules/ettr/ettr.c,1630,choice:1,Auto Snap,,new,
modules/ettr/ettr.c:1630:choice:2,modules/ettr/ettr.c,1630,choice:2,Press SET,,new,
modules/ettr/ettr.c:1630:choice:3,modules/ettr/ettr.c,1630,choice:3,HalfS DblClick,,new,
modules/ettr/ettr.c:1652:choice:0,modules/ettr/ettr.c,1652,choice:0,-4 EV,,new,
modules/ettr/ettr.c:1652:choice:1,modules/ettr/ettr.c,1652,choice:1,-3 EV,,new,
modules/ettr/ettr.c:1652:choice:2,modules/ettr/ettr.c,1652,choice:2,-2 EV,,new,
modules/ettr/ettr.c:1652:choice:3,modules/ettr/ettr.c,1652,choice:3,-1 EV,,new,
modules/ettr/ettr.c:1652:choice:4,modules/ettr/ettr.c,1652,choice:4,-0.5 EV,,new,
modules/ettr/ettr.c:1670:choice:0,modules/ettr/ettr.c,1670,choice:0,OFF,,new,
modules/ettr/ettr.c:1670:choice:1,modules/ettr/ettr.c,1670,choice:1,Green channel,,new,
modules/ettr/ettr.c:1670:choice:2,modules/ettr/ettr.c,1670,choice:2,Any channel,,new,
modules/ettr/ettr.c:1679:choice:0,modules/ettr/ettr.c,1679,choice:0,OFF,,new,
modules/ettr/ettr.c:1679:choice:1,modules/ettr/ettr.c,1679,choice:1,1 EV,,new,
modules/ettr/ettr.c:1679:choice:2,modules/ettr/ettr.c,1679,choice:2,2 EV,,new,
modules/ettr/ettr.c:1679:choice:3,modules/ettr/ettr.c,1679,choice:3,3 EV,,new,
modules/ettr/ettr.c:1679:choice:4,modules/ettr/ettr.c,1679,choice:4,4 EV,,new,
modules/ettr/ettr.c:1679:choice:5,modules/ettr/ettr.c,1679,choice:5,5 EV,,new,
modules/ettr/ettr.c:1679:choice:6,modules/ettr/ettr.c,1679,choice:6,6 EV,,new,
modules/ettr/ettr.c:1679:choice:7,modules/ettr/ettr.c,1679,choice:7,7 EV,,new,
modules/ettr/ettr.c:1679:choice:8,modules/ettr/ettr.c,1679,choice:8,8 EV,,new,
modules/ettr/ettr.c:1689:choice:0,modules/ettr/ettr.c,1689,choice:0,OFF,,new,
modules/ettr/ettr.c:1689:choice:1,modules/ettr/ettr.c,1689,choice:1,1 EV,,new,
modules/ettr/ettr.c:1689:choice:2,modules/ettr/ettr.c,1689,choice:2,2 EV,,new,
modules/ettr/ettr.c:1689:choice:3,modules/ettr/ettr.c,1689,choice:3,3 EV,,new,
modules/ettr/ettr.c:1689:choice:4,modules/ettr/ettr.c,1689,choice:4,4 EV,,new,
modules/ettr/ettr.c:1689:choice:5,modules/ettr/ettr.c,1689,choice:5,5 EV,,new,
modules/ettr/ettr.c:1689:choice:6,modules/ettr/ettr.c,1689,choice:6,6 EV,,new,
modules/dual_iso/dual_iso.c:941:name,modules/dual_iso/dual_iso.c,941,name,Dual ISO,,new,
modules/dual_iso/dual_iso.c:945:help,modules/dual_iso/dual_iso.c,945,help,Alternate ISO for every 2 sensor scan lines.,,new,
modules/dual_iso/dual_iso.c:946:help2,modules/dual_iso/dual_iso.c,946,help2,"With some clever post, you get less shadow noise (more DR).",,new,
modules/dual_iso/dual_iso.c:950:name,modules/dual_iso/dual_iso.c,950,name,Recovery ISO,,new,
modules/dual_iso/dual_iso.c:957:help,modules/dual_iso/dual_iso.c,957,help,ISO for half of the scanlines (usually to recover shadows).,,new,
modules/dual_iso/dual_iso.c:958:help2,modules/dual_iso/dual_iso.c,958,help2,Can be absolute or relative to primary ISO from Canon menu.,,new,
modules/dual_iso/dual_iso.c:961:name,modules/dual_iso/dual_iso.c,961,name,Dynamic range gained,,new,
modules/dual_iso/dual_iso.c:964:help,modules/dual_iso/dual_iso.c,964,help,[READ-ONLY] How much more DR you get with current settings,,new,
modules/dual_iso/dual_iso.c:965:help2,modules/dual_iso/dual_iso.c,965,help2,"(upper theoretical limit, estimated from DxO measurements)",,new,
modules/dual_iso/dual_iso.c:968:name,modules/dual_iso/dual_iso.c,968,name,Midtone overlapping,,new,
modules/dual_iso/dual_iso.c:971:help,modules/dual_iso/dual_iso.c,971,help,[READ-ONLY] How much of midtones will get better resolution,,new,
modules/dual_iso/dual_iso.c:972:help2,modules/dual_iso/dual_iso.c,972,help2,"Highlights/shadows will be half res, with aliasing/moire.",,new,
modules/dual_iso/dual_iso.c:975:name,modules/dual_iso/dual_iso.c,975,name,Every other frame,,new,
modules/dual_iso/dual_iso.c:978:help,modules/dual_iso/dual_iso.c,978,help,"Shoot one image with the hack, one without.",,new,
modules/dual_iso/dual_iso.c:981:name,modules/dual_iso/dual_iso.c,981,name,Custom file prefix,,new,
modules/dual_iso/dual_iso.c:985:help,modules/dual_iso/dual_iso.c,985,help,Change file prefix for dual ISO photos (e.g. DUAL0001.CR2).,,new,
modules/dual_iso/dual_iso.c:986:help2,modules/dual_iso/dual_iso.c,986,help2,Will not sync properly in burst mode or when taking pics quickly.,,new,
modules/dual_iso/dual_iso.c:182:choice:0,modules/dual_iso/dual_iso.c,182,choice:0,-6 EV,,new,
modules/dual_iso/dual_iso.c:182:choice:1,modules/dual_iso/dual_iso.c,182,choice:1,-5 EV,,new,
modules/dual_iso/dual_iso.c:182:choice:2,modules/dual_iso/dual_iso.c,182,choice:2,-4 EV,,new,
modules/dual_iso/dual_iso.c:182:choice:3,modules/dual_iso/dual_iso.c,182,choice:3,-3 EV,,new,
modules/dual_iso/dual_iso.c:182:choice:4,modules/dual_iso/dual_iso.c,182,choice:4,-2 EV,,new,
modules/dual_iso/dual_iso.c:182:choice:5,modules/dual_iso/dual_iso.c,182,choice:5,-1 EV,,new,
modules/dual_iso/dual_iso.c:182:choice:6,modules/dual_iso/dual_iso.c,182,choice:6,+1 EV,,new,
modules/dual_iso/dual_iso.c:182:choice:7,modules/dual_iso/dual_iso.c,182,choice:7,+2 EV,,new,
modules/dual_iso/dual_iso.c:182:choice:8,modules/dual_iso/dual_iso.c,182,choice:8,+3 EV,,new,
modules/dual_iso/dual_iso.c:182:choice:9,modules/dual_iso/dual_iso.c,182,choice:9,+4 EV,,new,
modules/dual_iso/dual_iso.c:182:choice:10,modules/dual_iso/dual_iso.c,182,choice:10,+5 EV,,new,
modules/dual_iso/dual_iso.c:182:choice:11,modules/dual_iso/dual_iso.c,182,choice:11,+6 EV,,new,
modules/dual_iso/dual_iso.c:182:choice:12,modules/dual_iso/dual_iso.c,182,choice:12,100,,new,
modules/dual_iso/dual_iso.c:182:choice:13,modules/dual_iso/dual_iso.c,182,choice:13,200,,new,
modules/dual_iso/dual_iso.c:182:choice:14,modules/dual_iso/dual_iso.c,182,choice:14,400,,new,
modules/dual_iso/dual_iso.c:182:choice:15,modules/dual_iso/dual_iso.c,182,choice:15,800,,new,
modules/dual_iso/dual_iso.c:182:choice:16,modules/dual_iso/dual_iso.c,182,choice:16,1600,,new,
modules/dual_iso/dual_iso.c:182:choice:17,modules/dual_iso/dual_iso.c,182,choice:17,3200,,new,
modules/dual_iso/dual_iso.c:182:choice:18,modules/dual_iso/dual_iso.c,182,choice:18,6400,,new,
modules/dual_iso/dual_iso.c:956:choice:0,modules/dual_iso/dual_iso.c,956,choice:0,-6 EV,,new,
modules/dual_iso/dual_iso.c:956:choice:1,modules/dual_iso/dual_iso.c,956,choice:1,-5 EV,,new,
modules/dual_iso/dual_iso.c:956:choice:2,modules/dual_iso/dual_iso.c,956,choice:2,-4 EV,,new,
modules/dual_iso/dual_iso.c:956:choice:3,modules/dual_iso/dual_iso.c,956,choice:3,-3 EV,,new,
modules/dual_iso/dual_iso.c:956:choice:4,modules/dual_iso/dual_iso.c,956,choice:4,-2 EV,,new,
modules/dual_iso/dual_iso.c:956:choice:5,modules/dual_iso/dual_iso.c,956,choice:5,-1 EV,,new,
modules/dual_iso/dual_iso.c:956:choice:6,modules/dual_iso/dual_iso.c,956,choice:6,+1 EV,,new,
modules/dual_iso/dual_iso.c:956:choice:7,modules/dual_iso/dual_iso.c,956,choice:7,+2 EV,,new,
modules/dual_iso/dual_iso.c:956:choice:8,modules/dual_iso/dual_iso.c,956,choice:8,+3 EV,,new,
modules/dual_iso/dual_iso.c:956:choice:9,modules/dual_iso/dual_iso.c,956,choice:9,+4 EV,,new,
modules/dual_iso/dual_iso.c:956:choice:10,modules/dual_iso/dual_iso.c,956,choice:10,+5 EV,,new,
modules/dual_iso/dual_iso.c:956:choice:11,modules/dual_iso/dual_iso.c,956,choice:11,+6 EV,,new,
modules/dual_iso/dual_iso.c:956:choice:12,modules/dual_iso/dual_iso.c,956,choice:12,100,,new,
modules/dual_iso/dual_iso.c:956:choice:13,modules/dual_iso/dual_iso.c,956,choice:13,200,,new,
modules/dual_iso/dual_iso.c:956:choice:14,modules/dual_iso/dual_iso.c,956,choice:14,400,,new,
modules/dual_iso/dual_iso.c:956:choice:15,modules/dual_iso/dual_iso.c,956,choice:15,800,,new,
modules/dual_iso/dual_iso.c:956:choice:16,modules/dual_iso/dual_iso.c,956,choice:16,1600,,new,
modules/dual_iso/dual_iso.c:956:choice:17,modules/dual_iso/dual_iso.c,956,choice:17,3200,,new,
modules/dual_iso/dual_iso.c:956:choice:18,modules/dual_iso/dual_iso.c,956,choice:18,6400,,new,
modules/dual_iso/dual_iso.c:984:choice:0,modules/dual_iso/dual_iso.c,984,choice:0,OFF,,new,
modules/dual_iso/dual_iso.c:984:choice:1,modules/dual_iso/dual_iso.c,984,choice:1,DUAL (unreliable!),,new,
modules/silent/silent.c:1769:name,modules/silent/silent.c,1769,name,Silent Picture,,new,
modules/silent/silent.c:1774:help,modules/silent/silent.c,1774,help,Take pics in LiveView without moving the shutter mechanism.,,new,
modules/silent/silent.c:1779:name,modules/silent/silent.c,1779,name,Silent Mode,,new,
modules/silent/silent.c:1792:help,modules/silent/silent.c,1792,help,Choose the silent picture mode:,,new,
modules/silent/silent.c:1803:name,modules/silent/silent.c,1803,name,Slit-Scan Mode,,new,
modules/silent/silent.c:1813:help,modules/silent/silent.c,1813,help,Choose slitscan mode:,,new,
modules/silent/silent.c:1823:name,modules/silent/silent.c,1823,name,Trigger Mode,,new,
modules/silent/silent.c:1831:help,modules/silent/silent.c,1831,help,Choose when to capture the image:,,new,
modules/silent/silent.c:1839:name,modules/silent/silent.c,1839,name,File Format,,new,
modules/silent/silent.c:1843:help,modules/silent/silent.c,1843,help,File format to save the image as:,,new,
modules/silent/silent.c:1783:choice:0,modules/silent/silent.c,1783,choice:0,Simple,,new,
modules/silent/silent.c:1783:choice:1,modules/silent/silent.c,1783,choice:1,Burst,,new,
modules/silent/silent.c:1783:choice:2,modules/silent/silent.c,1783,choice:2,"Burst, End Trigger",,new,
modules/silent/silent.c:1783:choice:3,modules/silent/silent.c,1783,choice:3,Best Focus,,new,
modules/silent/silent.c:1783:choice:4,modules/silent/silent.c,1783,choice:4,Slit-Scan,,new,
modules/silent/silent.c:1783:choice:5,modules/silent/silent.c,1783,choice:5,Full-res,,new,
modules/silent/silent.c:1783:choice:6,modules/silent/silent.c,1783,choice:6,Full-res LV,,new,
modules/silent/silent.c:1806:choice:0,modules/silent/silent.c,1806,choice:0,Top->Bottom,,new,
modules/silent/silent.c:1806:choice:1,modules/silent/silent.c,1806,choice:1,Bottom->Top,,new,
modules/silent/silent.c:1806:choice:2,modules/silent/silent.c,1806,choice:2,Left->Right,,new,
modules/silent/silent.c:1806:choice:3,modules/silent/silent.c,1806,choice:3,Right->Left,,new,
modules/silent/silent.c:1806:choice:4,modules/silent/silent.c,1806,choice:4,Horizontal,,new,
modules/silent/silent.c:1826:choice:0,modules/silent/silent.c,1826,choice:0,Half-shutter press,,new,
modules/silent/silent.c:1826:choice:1,modules/silent/silent.c,1826,choice:1,Half-shutter release,,new,
modules/silent/silent.c:1826:choice:2,modules/silent/silent.c,1826,choice:2,Delayed,,new,
modules/silent/silent.c:1848:choice:0,modules/silent/silent.c,1848,choice:0,DNG,,new,
modules/silent/silent.c:1848:choice:1,modules/silent/silent.c,1848,choice:1,MLV,,new,
modules/silent/silent.c:1848:choice:2,modules/silent/silent.c,1848,choice:2,Lossless DNG,,new,
modules/dot_tune/dot_tune.c:664:name,modules/dot_tune/dot_tune.c,664,name,DotTune AFMA,,new,
modules/dot_tune/dot_tune.c:666:help,modules/dot_tune/dot_tune.c,666,help,Auto calibrate AF microadjustment ( youtu.be/7zE50jCUPhM ),,new,
modules/dot_tune/dot_tune.c:667:help2,modules/dot_tune/dot_tune.c,667,help2,"Before running, focus manually on a test target in LiveView.",,new,
modules/dot_tune/dot_tune.c:672:name,modules/dot_tune/dot_tune.c,672,name,Start Scan,,new,
modules/dot_tune/dot_tune.c:676:help,modules/dot_tune/dot_tune.c,676,help,Step 1: achieve critical focus in LiveView with 10x zoom.,,new,
modules/dot_tune/dot_tune.c:677:help2,modules/dot_tune/dot_tune.c,677,help2,Step 2: run this and leave the camera still for ~2 minutes.,,new,
modules/dot_tune/dot_tune.c:681:name,modules/dot_tune/dot_tune.c,681,name,Scan type,,new,
modules/dot_tune/dot_tune.c:692:help,modules/dot_tune/dot_tune.c,692,help,AFMA scan type and range,,new,
modules/dot_tune/dot_tune.c:695:name,modules/dot_tune/dot_tune.c,695,name,Scan passes,,new,
modules/dot_tune/dot_tune.c:698:help,modules/dot_tune/dot_tune.c,698,help,Number of time to check for focus confirmation.,,new,
modules/dot_tune/dot_tune.c:701:name,modules/dot_tune/dot_tune.c,701,name,AF microadjust,,new,
modules/dot_tune/dot_tune.c:704:help,modules/dot_tune/dot_tune.c,704,help,Adjust AFMA value manually. Range: -100...+100.,,new,
modules/dot_tune/dot_tune.c:714:name,modules/dot_tune/dot_tune.c,714,name,AFMA mode,,new,
modules/dot_tune/dot_tune.c:724:help,modules/dot_tune/dot_tune.c,724,help,Where to apply the AFMA adjustment.,,new,
modules/dot_tune/dot_tune.c:732:name,modules/dot_tune/dot_tune.c,732,name,AFMA mode,,new,
modules/dot_tune/dot_tune.c:744:help,modules/dot_tune/dot_tune.c,744,help,Where to apply the AFMA adjustment:,,new,
modules/dot_tune/dot_tune.c:745:help2,modules/dot_tune/dot_tune.c,745,help2, \n,,new,
modules/dot_tune/dot_tune.c:686:choice:0,modules/dot_tune/dot_tune.c,686,choice:0,Auto range detection,,new,
modules/dot_tune/dot_tune.c:686:choice:1,modules/dot_tune/dot_tune.c,686,choice:1,Linear -20 .. +20,,new,
modules/dot_tune/dot_tune.c:686:choice:2,modules/dot_tune/dot_tune.c,686,choice:2,Linear -40 .. +40,,new,
modules/dot_tune/dot_tune.c:686:choice:3,modules/dot_tune/dot_tune.c,686,choice:3,Linear -100 .. +100,,new,
modules/dot_tune/dot_tune.c:719:choice:0,modules/dot_tune/dot_tune.c,719,choice:0,Disabled,,new,
modules/dot_tune/dot_tune.c:719:choice:1,modules/dot_tune/dot_tune.c,719,choice:1,All lenses,,new,
modules/dot_tune/dot_tune.c:719:choice:2,modules/dot_tune/dot_tune.c,719,choice:2,This lens,,new,
modules/dot_tune/dot_tune.c:737:choice:0,modules/dot_tune/dot_tune.c,737,choice:0,Disabled,,new,
modules/dot_tune/dot_tune.c:737:choice:1,modules/dot_tune/dot_tune.c,737,choice:1,All lenses,,new,
modules/dot_tune/dot_tune.c:737:choice:2,modules/dot_tune/dot_tune.c,737,choice:2,"This lens, wide end",,new,
modules/dot_tune/dot_tune.c:737:choice:3,modules/dot_tune/dot_tune.c,737,choice:3,"This lens, tele end",,new,
modules/dot_tune/dot_tune.c:737:choice:4,modules/dot_tune/dot_tune.c,737,choice:4,"This lens, prime/both",,new,
modules/autoexpo/autoexpo.c:461:name,modules/autoexpo/autoexpo.c,461,name,Auto exposure,,new,
modules/autoexpo/autoexpo.c:466:help,modules/autoexpo/autoexpo.c,466,help,Automatic exposure algorithm based on predefined curves.,,new,
modules/autoexpo/autoexpo.c:467:help2,modules/autoexpo/autoexpo.c,467,help2,You have to press halfshutter for a while.,,new,
modules/autoexpo/autoexpo.c:470:name,modules/autoexpo/autoexpo.c,470,name,Show graph,,new,
modules/autoexpo/autoexpo.c:476:name,modules/autoexpo/autoexpo.c,476,name,Use in LV,,new,
modules/autoexpo/autoexpo.c:480:help,modules/autoexpo/autoexpo.c,480,help,When you press halfshutter exposure will be set.,,new,
modules/autoexpo/autoexpo.c:481:help2,modules/autoexpo/autoexpo.c,481,help2,After release you previos exposure will be restored.,,new,
modules/autoexpo/autoexpo.c:484:name,modules/autoexpo/autoexpo.c,484,name,Lens aperture,,new,
modules/autoexpo/autoexpo.c:488:help,modules/autoexpo/autoexpo.c,488,help,Simulate minimum aperture value.,,new,
modules/autoexpo/autoexpo.c:491:name,modules/autoexpo/autoexpo.c,491,name,TV minimum,,new,
modules/autoexpo/autoexpo.c:496:help,modules/autoexpo/autoexpo.c,496,help,Set minimum shutter value.,,new,
modules/autoexpo/autoexpo.c:499:name,modules/autoexpo/autoexpo.c,499,name,Same TV curve,,new,
modules/autoexpo/autoexpo.c:503:help,modules/autoexpo/autoexpo.c,503,help,Auto compensate minimum ISO & minimum AV & EC changes.,,new,
modules/autoexpo/autoexpo.c:506:name,modules/autoexpo/autoexpo.c,506,name,AV range,,new,
modules/autoexpo/autoexpo.c:510:help,modules/autoexpo/autoexpo.c,510,help,Use left & right for minimum. Main dial for maximum.,,new,
modules/autoexpo/autoexpo.c:513:name,modules/autoexpo/autoexpo.c,513,name,AV curve,,new,
modules/autoexpo/autoexpo.c:517:help,modules/autoexpo/autoexpo.c,517,help,Main dial changes curve offset. Left & right sets EV steps per BV.,,new,
modules/autoexpo/autoexpo.c:520:name,modules/autoexpo/autoexpo.c,520,name,ISO range,,new,
modules/autoexpo/autoexpo.c:524:help,modules/autoexpo/autoexpo.c,524,help,Use left & right for minimum. Main dial for maximum.,,new,
modules/autoexpo/autoexpo.c:525:help2,modules/autoexpo/autoexpo.c,525,help2,Make sure that it corresponds to your extended ISO settings.,,new,
modules/autoexpo/autoexpo.c:528:name,modules/autoexpo/autoexpo.c,528,name,ISO curve,,new,
modules/autoexpo/autoexpo.c:532:help,modules/autoexpo/autoexpo.c,532,help,Main dial changes curve offset. Left & right sets EV steps per BV.,,new,
modules/autoexpo/autoexpo.c:535:name,modules/autoexpo/autoexpo.c,535,name,EC,,new,
modules/autoexpo/autoexpo.c:539:help,modules/autoexpo/autoexpo.c,539,help,Exposure compensation.,,new,
modules/autoexpo/autoexpo.c:542:name,modules/autoexpo/autoexpo.c,542,name,EC range,,new,
modules/autoexpo/autoexpo.c:546:help,modules/autoexpo/autoexpo.c,546,help,Use left & right for minimum. Main dial for maximum.,,new,
modules/autoexpo/autoexpo.c:549:name,modules/autoexpo/autoexpo.c,549,name,EC curve,,new,
modules/autoexpo/autoexpo.c:553:help,modules/autoexpo/autoexpo.c,553,help,Main dial changes curve offset. Left & right sets EV steps per BV.,,new,
modules/autoexpo/autoexpo.c:556:name,modules/autoexpo/autoexpo.c,556,name,Browse,,new,
modules/arkanoid/arkanoid.c:760:name,modules/arkanoid/arkanoid.c,760,name,Arkanoid,,new,
modules/arkanoid/arkanoid.c:762:help,modules/arkanoid/arkanoid.c,762,help,Second game for Magic Lantern. Try it in LiveView.,,new,
modules/arkanoid/arkanoid.c:766:name,modules/arkanoid/arkanoid.c,766,name,Level,,new,
modules/arkanoid/arkanoid.c:773:name,modules/arkanoid/arkanoid.c,773,name,Sound,,new,
modules/deflick/deflick.c:209:name,modules/deflick/deflick.c,209,name,Post Deflicker,,new,
modules/deflick/deflick.c:213:help,modules/deflick/deflick.c,213,help,"Create sidecar files with exposure compensation,",,new,
modules/deflick/deflick.c:214:help2,modules/deflick/deflick.c,214,help2,"so all your pics look equally exposed, without flicker.",,new,
modules/deflick/deflick.c:219:name,modules/deflick/deflick.c,219,name,Sidecar file type,,new,
modules/deflick/deflick.c:223:help,modules/deflick/deflick.c,223,help,"Sidecar file format, for deflicker metadata.",,new,
modules/deflick/deflick.c:226:name,modules/deflick/deflick.c,226,name,Deflicker percentile,,new,
modules/deflick/deflick.c:231:help,modules/deflick/deflick.c,231,help,Where to meter for deflicking. Recommended: 50% (median).,,new,
modules/deflick/deflick.c:232:help2,modules/deflick/deflick.c,232,help2,Try 75% if you get black borders (e.g. Samyang 8mm on 5D).,,new,
modules/deflick/deflick.c:235:name,modules/deflick/deflick.c,235,name,Deflicker target level,,new,
modules/deflick/deflick.c:240:help,modules/deflick/deflick.c,240,help,Where to place the exposure level for processed pics,,new,
modules/deflick/deflick.c:241:help2,modules/deflick/deflick.c,241,help2,EV below overexposure.,,new,
modules/deflick/deflick.c:222:choice:0,modules/deflick/deflick.c,222,choice:0,Adobe XMP,,new,
modules/deflick/deflick.c:222:choice:1,modules/deflick/deflick.c,222,choice:1,UFRaw,,new,
modules/deflick/deflick.c:239:choice:0,modules/deflick/deflick.c,239,choice:0,-8 EV,,new,
modules/deflick/deflick.c:239:choice:1,modules/deflick/deflick.c,239,choice:1,-7 EV,,new,
modules/deflick/deflick.c:239:choice:2,modules/deflick/deflick.c,239,choice:2,-6 EV,,new,
modules/deflick/deflick.c:239:choice:3,modules/deflick/deflick.c,239,choice:3,-5 EV,,new,
modules/deflick/deflick.c:239:choice:4,modules/deflick/deflick.c,239,choice:4,-4 EV,,new,
modules/deflick/deflick.c:239:choice:5,modules/deflick/deflick.c,239,choice:5,-3 EV,,new,
modules/deflick/deflick.c:239:choice:6,modules/deflick/deflick.c,239,choice:6,-2 EV,,new,
modules/deflick/deflick.c:239:choice:7,modules/deflick/deflick.c,239,choice:7,-1 EV,,new,
modules/img_name/img_name.c:255:name,modules/img_name/img_name.c,255,name,Image file naming,,new,
modules/img_name/img_name.c:258:help,modules/img_name/img_name.c,258,help,Customize image file naming for still pictures. Experimental.,,new,
modules/img_name/img_name.c:259:help2,modules/img_name/img_name.c,259,help2,"Examples: IMG_1234.JPG -> ABCD1234.JPG, IMG_1234.JPG -> IMG_0001.JPG.",,new,
modules/img_name/img_name.c:263:name,modules/img_name/img_name.c,263,name,Image file prefix,,new,
modules/img_name/img_name.c:267:help,modules/img_name/img_name.c,267,help,Custom image file prefix (e.g. IMG_1234.JPG -> ABCD1234.JPG).,,new,
modules/img_name/img_name.c:268:help2,modules/img_name/img_name.c,268,help2,Might conflict with Dual ISO prefixes (to be tested).,,new,
modules/img_name/img_name.c:271:name,modules/img_name/img_name.c,271,name,Image file number,,new,
modules/img_name/img_name.c:278:help,modules/img_name/img_name.c,278,help,Custom image file number (e.g. IMG_1234.JPG -> IMG_5678.JPG).,,new,
modules/img_name/img_name.c:279:help2,modules/img_name/img_name.c,279,help2,You will need to restart the camera for the changes to take effect.,,new,
modules/img_name/img_name.c:282:name,modules/img_name/img_name.c,282,name,Image folder number,,new,
modules/img_name/img_name.c:289:help,modules/img_name/img_name.c,289,help,Custom image folder num. You must take a picture to apply this setting.,,new,
modules/img_name/img_name.c:290:help2,modules/img_name/img_name.c,290,help2,DCIM/100CANON/IMG_1234.JPG -> DCIM/123CANON/IMG_1234.JPG,,new,
modules/lua/lua.c:1085:name,modules/lua/lua.c,1085,name,Run Script,,new,
modules/lua/lua.c:1089:help,modules/lua/lua.c,1089,help,Press SET to load/run this script.,,new,
modules/lua/lua.c:1092:name,modules/lua/lua.c,1092,name,Edit Script,,new,
modules/lua/lua.c:1096:help,modules/lua/lua.c,1096,help,Load this script in the text editor (EDITOR.LUA).,,new,
modules/lua/lua.c:1099:name,modules/lua/lua.c,1099,name,Autorun,,new,
modules/lua/lua.c:1102:help,modules/lua/lua.c,1102,help,Select whether this script will be loaded at camera startup.,,new,
modules/lua/lua.c:1124:name,modules/lua/lua.c,1124,name,Show console,,new,
modules/lua/lua.c:1128:help,modules/lua/lua.c,1128,help,Show/hide script console.,,new,
modules/bench/bench.c:29:name,modules/bench/bench.c,29,name,Benchmarks,,new,
modules/bench/bench.c:31:help,modules/bench/bench.c,31,help,"Check how fast is your camera. Card, CPU, graphics...",,new,
modules/bench/bench.c:35:name,modules/bench/bench.c,35,name,Card Benchmarks,,new,
modules/bench/bench.c:37:help,modules/bench/bench.c,37,help,CF or SD card benchmarks,,new,
modules/bench/bench.c:40:name,modules/bench/bench.c,40,name,Quick R/W benchmark (1 min),,new,
modules/bench/bench.c:43:help,modules/bench/bench.c,43,help,Check card read/write speed with a 16MB buffer. Uses a 1GB temp file.,,new,
modules/bench/bench.c:44:help2,modules/bench/bench.c,44,help2,"For raw video, you want to run it either in movie mode or in PLAY mode.",,new,
modules/bench/bench.c:47:name,modules/bench/bench.c,47,name,CF+SD write benchmark (1 min),,new,
modules/bench/bench.c:50:help,modules/bench/bench.c,50,help,Write speed on both CF and SD cards at the same time.,,new,
modules/bench/bench.c:54:name,modules/bench/bench.c,54,name,Buffer R/W benchmark (5 min),,new,
modules/bench/bench.c:57:help,modules/bench/bench.c,57,help,"Checks various buffer sizes. You don't need it for raw video benchmarks,",,new,
modules/bench/bench.c:58:help2,modules/bench/bench.c,58,help2,"but if you want to optimize the video buffering algorithms, try it.",,new,
modules/bench/bench.c:61:name,modules/bench/bench.c,61,name,Buffer write benchmark (inf),,new,
modules/bench/bench.c:64:help,modules/bench/bench.c,64,help,Experiment for finding optimal write buffer sizes.,,new,
modules/bench/bench.c:65:help2,modules/bench/bench.c,65,help2,Results saved in BENCH.LOG.,,new,
modules/bench/bench.c:71:name,modules/bench/bench.c,71,name,Memory Benchmarks,,new,
modules/bench/bench.c:73:help,modules/bench/bench.c,73,help,Memory or cache benchmarks,,new,
modules/bench/bench.c:76:name,modules/bench/bench.c,76,name,Memcpy benchmark (20s),,new,
modules/bench/bench.c:79:help,modules/bench/bench.c,79,help,Check memcpy speed using different subsystems.,,new,
modules/bench/bench.c:80:help2,modules/bench/bench.c,80,help2,"(memcpy, dma_memcpy, DMA unit, EDMAC unit)",,new,
modules/bench/bench.c:83:name,modules/bench/bench.c,83,name,Memory benchmark (1 min),,new,
modules/bench/bench.c:86:help,modules/bench/bench.c,86,help,Check memory read/write speed using different methods.,,new,
modules/bench/bench.c:87:help2,modules/bench/bench.c,87,help2,"(cacheable, uncacheable, EDMAC, different data types...)",,new,
modules/bench/bench.c:90:name,modules/bench/bench.c,90,name,Cache benchmark (RAM),,new,
modules/bench/bench.c:93:help,modules/bench/bench.c,93,help,Detect RAM cache size by benchmarking (look for a sharp speed drop).,,new,
modules/bench/bench.c:94:help2,modules/bench/bench.c,94,help2,Tip: load the 'plot' module to get a nice graph.,,new,
modules/bench/bench.c:97:name,modules/bench/bench.c,97,name,"Cache benchmark (RAM, no cache)",,new,
modules/bench/bench.c:100:help,modules/bench/bench.c,100,help,This checks if the speed drop is indeed caused by cache overflow.,,new,
modules/bench/bench.c:101:help2,modules/bench/bench.c,101,help2,Tip: load the 'plot' module to get a nice graph.,,new,
modules/bench/bench.c:104:name,modules/bench/bench.c,104,name,Cache benchmark (ROM),,new,
modules/bench/bench.c:107:help,modules/bench/bench.c,107,help,Detect ROM cache size by benchmarking (look for a sharp speed drop).,,new,
modules/bench/bench.c:108:help2,modules/bench/bench.c,108,help2,Tip: load the 'plot' module to get a nice graph.,,new,
modules/bench/bench.c:114:name,modules/bench/bench.c,114,name,Misc Benchmarks,,new,
modules/bench/bench.c:116:help,modules/bench/bench.c,116,help,Benchmarks for focus peaking and menu backend (for now),,new,
modules/bench/bench.c:119:name,modules/bench/bench.c,119,name,Focus peaking benchmark (30s),,new,
modules/bench/bench.c:122:help,modules/bench/bench.c,122,help,Check how fast peaking runs in PLAY mode (1000 iterations).,,new,
modules/bench/bench.c:123:help2,modules/bench/bench.c,123,help2,You should have a valid image on the card.,,new,
modules/bench/bench.c:126:name,modules/bench/bench.c,126,name,Menu benchmark (10s),,new,
modules/bench/bench.c:129:help,modules/bench/bench.c,129,help,Check speed of menu backend.,,new,
modules/selftest/selftest.c:2397:name,modules/selftest/selftest.c,2397,name,Self tests,,new,
modules/selftest/selftest.c:2399:help,modules/selftest/selftest.c,2399,help,Tests to make sure Magic Lantern is stable and won't crash.,,new,
modules/selftest/selftest.c:2403:name,modules/selftest/selftest.c,2403,name,Stubs API test,,new,
modules/selftest/selftest.c:2406:help,modules/selftest/selftest.c,2406,help,"Tests Canon functions called by ML. SET=once, PLAY=100x.",,new,
modules/selftest/selftest.c:2409:name,modules/selftest/selftest.c,2409,name,Thread safety test,,new,
modules/selftest/selftest.c:2412:help,modules/selftest/selftest.c,2412,help,Tests various functions for thread safety. WIP.,,new,
modules/selftest/selftest.c:2415:name,modules/selftest/selftest.c,2415,name,RPC reliability test (infinite),,new,
modules/selftest/selftest.c:2418:help,modules/selftest/selftest.c,2418,help,Flood master with RPC requests and print delay. ,,new,
modules/selftest/selftest.c:2422:name,modules/selftest/selftest.c,2422,name,Quick test (around 15 min),,new,
modules/selftest/selftest.c:2425:help,modules/selftest/selftest.c,2425,help,A quick test which covers basic functionality. ,,new,
modules/selftest/selftest.c:2428:name,modules/selftest/selftest.c,2428,name,Random tests (infinite loop),,new,
modules/selftest/selftest.c:2431:help,modules/selftest/selftest.c,2431,help,A thorough test which randomly enables functions from menu. ,,new,
modules/selftest/selftest.c:2434:name,modules/selftest/selftest.c,2434,name,Menu backend test (infinite),,new,
modules/selftest/selftest.c:2437:help,modules/selftest/selftest.c,2437,help,Tests proper usage of Canon API calls in ML menu backend.,,new,
modules/selftest/selftest.c:2440:name,modules/selftest/selftest.c,2440,name,Redraw test (infinite),,new,
modules/selftest/selftest.c:2443:help,modules/selftest/selftest.c,2443,help,Causes excessive redraws for testing the graphics backend,,new,
modules/selftest/selftest.c:2446:name,modules/selftest/selftest.c,2446,name,Rectangle test (infinite),,new,
modules/selftest/selftest.c:2449:help,modules/selftest/selftest.c,2449,help,Stresses graphics bandwith. Run this while recording.,,new,
modules/selftest/selftest.c:2452:name,modules/selftest/selftest.c,2452,name,Info screen test (infinite),,new,
modules/selftest/selftest.c:2455:help,modules/selftest/selftest.c,2455,help,Switches INFO screens very quickly.,,new,
modules/selftest/selftest.c:2456:help2,modules/selftest/selftest.c,2456,help2,This used to crash the 500D if the test was run while recording.,,new,
modules/selftest/selftest.c:2459:name,modules/selftest/selftest.c,2459,name,SRM memory test (5 minutes),,new,
modules/selftest/selftest.c:2462:help,modules/selftest/selftest.c,2462,help,Tests SRM memory allocation routines.,,new,
modules/selftest/selftest.c:2465:name,modules/selftest/selftest.c,2465,name,Small-block malloc test (quick),,new,
modules/selftest/selftest.c:2468:help,modules/selftest/selftest.c,2468,help,"Allocate up to 50000 small blocks, 32K each, until memory gets full.",,new,
modules/selftest/selftest.c:2471:name,modules/selftest/selftest.c,2471,name,Memory leak test (1 minute),,new,
modules/selftest/selftest.c:2474:help,modules/selftest/selftest.c,2474,help,Allocate and free a large block of RAM (16 MB); repeat 1000 times.,,new,
modules/selftest/selftest.c:2477:name,modules/selftest/selftest.c,2477,name,EDMAC screen test (infinite),,new,
modules/selftest/selftest.c:2480:help,modules/selftest/selftest.c,2480,help,Shift the entire display left and right with EDMAC routines.,,new,
modules/selftest/selftest.c:2481:help2,modules/selftest/selftest.c,2481,help2,Fixme: this will lock up if you change the video mode during the test.,,new,
modules/selftest/selftest.c:2484:name,modules/selftest/selftest.c,2484,name,Null pointer test (quick),,new,
modules/selftest/selftest.c:2487:help,modules/selftest/selftest.c,2487,help,Writes 0xBAADBAAD to address 0 (simulating a null pointer error).,,new,
modules/selftest/selftest.c:2488:help2,modules/selftest/selftest.c,2488,help2,ML should save a crash log about 0xBAADBAAD and should not crash.,,new,
modules/selftest/selftest.c:2494:name,modules/selftest/selftest.c,2494,name,Fault emulation,,new,
modules/selftest/selftest.c:2496:help,modules/selftest/selftest.c,2496,help,Causes intentionally wrong behavior to see DryOS reaction.,,new,
modules/selftest/selftest.c:2497:help2,modules/selftest/selftest.c,2497,help2,You'll have to take the battery out after running most of these.,,new,
modules/selftest/selftest.c:2500:name,modules/selftest/selftest.c,2500,name,Create a stuck task,,new,
modules/selftest/selftest.c:2503:help,modules/selftest/selftest.c,2503,help,Creates a task which will become stuck in an infinite loop.,,new,
modules/selftest/selftest.c:2504:help2,modules/selftest/selftest.c,2504,help2,Low priority tasks (prio >= 0x1A) will no longer be able to run.,,new,
modules/selftest/selftest.c:2507:name,modules/selftest/selftest.c,2507,name,Freeze the GUI task,,new,
modules/selftest/selftest.c:2509:help,modules/selftest/selftest.c,2509,help,Freezes main GUI task. Camera will stop reacting to buttons.,,new,
modules/selftest/selftest.c:2512:name,modules/selftest/selftest.c,2512,name,Lock-up the ARM CPU,,new,
modules/selftest/selftest.c:2515:help,modules/selftest/selftest.c,2515,help,Creates a task which will clear the interrupts and execute while(1).,,new,
modules/selftest/selftest.c:2516:help2,modules/selftest/selftest.c,2516,help2,Anything still running after that would be secondary CPUs or hardware.,,new,
modules/selftest/selftest.c:2519:name,modules/selftest/selftest.c,2519,name,Division by zero,,new,
modules/selftest/selftest.c:2522:help,modules/selftest/selftest.c,2522,help,Performs some math operations which will divide by zero.,,new,
modules/selftest/selftest.c:2525:name,modules/selftest/selftest.c,2525,name,AllocateMemory 1MB,,new,
modules/selftest/selftest.c:2528:help,modules/selftest/selftest.c,2528,help,"Allocates 1MB RAM using AllocateMemory, without freeing it.",,new,
modules/selftest/selftest.c:2529:help2,modules/selftest/selftest.c,2529,help2,"After running this a few times, you'll get ERR70.",,new,
modules/selftest/selftest.c:2532:name,modules/selftest/selftest.c,2532,name,Allocate 10MB of RAM,,new,
modules/selftest/selftest.c:2535:help,modules/selftest/selftest.c,2535,help,"Allocates 1MB RAM from any source, without freeing it.",,new,
modules/selftest/selftest.c:2536:help2,modules/selftest/selftest.c,2536,help2,"After running this a few times, you'll run out of memory.",,new,
modules/selftest/selftest.c:2554:name,modules/selftest/selftest.c,2554,name,Menu edit tests,,new,
modules/selftest/selftest.c:2556:help,modules/selftest/selftest.c,2556,help,Dummy variables with various edit ranges.,,new,
modules/selftest/selftest.c:2559:name,modules/selftest/selftest.c,2559,name,Decimal 0..5,,new,
modules/selftest/selftest.c:2567:name,modules/selftest/selftest.c,2567,name,Decimal 0..10,,new,
modules/selftest/selftest.c:2575:name,modules/selftest/selftest.c,2575,name,Decimal 0..15,,new,
modules/selftest/selftest.c:2583:name,modules/selftest/selftest.c,2583,name,Decimal 10..20,,new,
modules/selftest/selftest.c:2591:name,modules/selftest/selftest.c,2591,name,Decimal 0..99,,new,
modules/selftest/selftest.c:2598:name,modules/selftest/selftest.c,2598,name,Decimal 0..100,,new,
modules/selftest/selftest.c:2605:name,modules/selftest/selftest.c,2605,name,Decimal 25..150,,new,
modules/selftest/selftest.c:2612:name,modules/selftest/selftest.c,2612,name,Decimal -5..5,,new,
modules/selftest/selftest.c:2619:name,modules/selftest/selftest.c,2619,name,Decimal -9..9,,new,
modules/selftest/selftest.c:2626:name,modules/selftest/selftest.c,2626,name,Decimal -10..10,,new,
modules/selftest/selftest.c:2633:name,modules/selftest/selftest.c,2633,name,Decimal -50..500,,new,
modules/selftest/selftest.c:2640:name,modules/selftest/selftest.c,2640,name,Decimal 1..10000000,,new,
modules/selftest/selftest.c:2647:name,modules/selftest/selftest.c,2647,name,Hex 0..7,,new,
modules/selftest/selftest.c:2654:name,modules/selftest/selftest.c,2654,name,Hex 0..F,,new,
modules/selftest/selftest.c:2661:name,modules/selftest/selftest.c,2661,name,Hex 0..FF,,new,
modules/selftest/selftest.c:2668:name,modules/selftest/selftest.c,2668,name,Hex 0..1FF,,new,
modules/selftest/selftest.c:2675:name,modules/selftest/selftest.c,2675,name,Hex 0..3FF,,new,
modules/selftest/selftest.c:2682:name,modules/selftest/selftest.c,2682,name,Hex 100..3FF,,new,
modules/selftest/selftest.c:2689:name,modules/selftest/selftest.c,2689,name,Hex 0..FFFFFFFF,,new,
modules/selftest/selftest.c:2696:name,modules/selftest/selftest.c,2696,name,Time 0..10s,,new,
modules/selftest/selftest.c:2703:name,modules/selftest/selftest.c,2703,name,Time 0..1m,,new,
modules/selftest/selftest.c:2710:name,modules/selftest/selftest.c,2710,name,Time 0..1h,,new,
modules/selftest/selftest.c:2717:name,modules/selftest/selftest.c,2717,name,Time 0..24h,,new,
modules/selftest/selftest.c:2724:name,modules/selftest/selftest.c,2724,name,Time 0..500ms,,new,
modules/selftest/selftest.c:2731:name,modules/selftest/selftest.c,2731,name,Time 113..512,,new,
modules/adv_int/adv_int.c:752:name,modules/adv_int/adv_int.c,752,name,Ramping options,,new,
modules/adv_int/adv_int.c:757:help,modules/adv_int/adv_int.c,757,help,Advanced intervalometer ramping options.,,new,
modules/adv_int/adv_int.c:761:name,modules/adv_int/adv_int.c,761,name,Enabled,,new,
modules/adv_int/adv_int.c:764:help,modules/adv_int/adv_int.c,764,help,Enable advanced intervalometer ramping,,new,
modules/adv_int/adv_int.c:767:name,modules/adv_int/adv_int.c,767,name,Use Global Time,,new,
modules/adv_int/adv_int.c:770:help,modules/adv_int/adv_int.c,770,help,Set keyframes by global time (time of day),,new,
modules/adv_int/adv_int.c:771:help2,modules/adv_int/adv_int.c,771,help2,You should clear all keyframes when switching this setting,,new,
modules/adv_int/adv_int.c:774:name,modules/adv_int/adv_int.c,774,name,Loop After,,new,
modules/adv_int/adv_int.c:779:help,modules/adv_int/adv_int.c,779,help,Loops keyframe sequence after x frames,,new,
modules/adv_int/adv_int.c:782:name,modules/adv_int/adv_int.c,782,name,External Source,,new,
modules/adv_int/adv_int.c:786:help,modules/adv_int/adv_int.c,786,help,Use this module with an external intervalometer,,new,
modules/adv_int/adv_int.c:789:name,modules/adv_int/adv_int.c,789,name,List Keyframes,,new,
modules/adv_int/adv_int.c:792:help,modules/adv_int/adv_int.c,792,help,Lists all keyframes,,new,
modules/adv_int/adv_int.c:798:name,modules/adv_int/adv_int.c,798,name,Save Keyframes,,new,
modules/adv_int/adv_int.c:800:help,modules/adv_int/adv_int.c,800,help,Save current keyframes to file.,,new,
modules/adv_int/adv_int.c:801:help2,modules/adv_int/adv_int.c,801,help2,This sequence will be auto-loaded at startup.,,new,
modules/adv_int/adv_int.c:804:name,modules/adv_int/adv_int.c,804,name,Clear Keyframes,,new,
modules/adv_int/adv_int.c:806:help,modules/adv_int/adv_int.c,806,help,Clears all keyframes.,,new,
modules/adv_int/adv_int.c:807:help2,modules/adv_int/adv_int.c,807,help2,Note: this will not remove the saved sequence.,,new,
modules/adv_int/adv_int.c:810:name,modules/adv_int/adv_int.c,810,name,New Keyframe...,,new,
modules/adv_int/adv_int.c:814:help,modules/adv_int/adv_int.c,814,help,Create a new keyframe from the current camera settings,,new,
modules/adv_int/adv_int.c:818:name,modules/adv_int/adv_int.c,818,name,Create Keyframe,,new,
modules/adv_int/adv_int.c:820:help,modules/adv_int/adv_int.c,820,help,Create a new keyframe from the current camera settings,,new,
modules/adv_int/adv_int.c:823:name,modules/adv_int/adv_int.c,823,name,Keyframe Time,,new,
modules/adv_int/adv_int.c:829:help,modules/adv_int/adv_int.c,829,help,The frame at which to apply this keyframe,,new,
modules/adv_int/adv_int.c:830:help2,modules/adv_int/adv_int.c,830,help2,* Computed time inacurate if ramping interval time,,new,
modules/adv_int/adv_int.c:833:name,modules/adv_int/adv_int.c,833,name,Shutter ,,new,
modules/adv_int/adv_int.c:840:help,modules/adv_int/adv_int.c,840,help,Include current Shutter in Keyframe,,new,
modules/adv_int/adv_int.c:844:name,modules/adv_int/adv_int.c,844,name,Enabled,,new,
modules/adv_int/adv_int.c:848:help,modules/adv_int/adv_int.c,848,help,Include current Shutter in Keyframe,,new,
modules/adv_int/adv_int.c:851:name,modules/adv_int/adv_int.c,851,name,Adjust Shutter,,new,
modules/adv_int/adv_int.c:855:help,modules/adv_int/adv_int.c,855,help,Fine-tune shutter value. Displays APEX Tv or degrees equiv.,,new,
modules/adv_int/adv_int.c:862:name,modules/adv_int/adv_int.c,862,name,Aperture ,,new,
modules/adv_int/adv_int.c:869:help,modules/adv_int/adv_int.c,869,help,Include current Aperture in Keyframe,,new,
modules/adv_int/adv_int.c:873:name,modules/adv_int/adv_int.c,873,name,Enabled,,new,
modules/adv_int/adv_int.c:877:help,modules/adv_int/adv_int.c,877,help,Include current Aperture in Keyframe,,new,
modules/adv_int/adv_int.c:880:name,modules/adv_int/adv_int.c,880,name,Adjust Aperture,,new,
modules/adv_int/adv_int.c:884:help,modules/adv_int/adv_int.c,884,help,Adjust aperture. Also displays APEX aperture (Av) in stops.,,new,
modules/adv_int/adv_int.c:892:name,modules/adv_int/adv_int.c,892,name,ISO ,,new,
modules/adv_int/adv_int.c:898:help,modules/adv_int/adv_int.c,898,help,Include current ISO in Keyframe,,new,
modules/adv_int/adv_int.c:902:name,modules/adv_int/adv_int.c,902,name,Enabled,,new,
modules/adv_int/adv_int.c:906:help,modules/adv_int/adv_int.c,906,help,Include current ISO in Keyframe,,new,
modules/adv_int/adv_int.c:909:name,modules/adv_int/adv_int.c,909,name,Adjust ISO,,new,
modules/adv_int/adv_int.c:912:help,modules/adv_int/adv_int.c,912,help,Adjust and fine-tune ISO. Also displays APEX Sv value.,,new,
modules/adv_int/adv_int.c:919:name,modules/adv_int/adv_int.c,919,name,Focus,,new,
modules/adv_int/adv_int.c:924:help,modules/adv_int/adv_int.c,924,help,The focus offset in steps,,new,
modules/adv_int/adv_int.c:929:name,modules/adv_int/adv_int.c,929,name,Interval Time,,new,
modules/adv_int/adv_int.c:934:help,modules/adv_int/adv_int.c,934,help,Changes the interval between shots,,new,
modules/adv_int/adv_int.c:937:name,modules/adv_int/adv_int.c,937,name,Bulb Duration,,new,
modules/adv_int/adv_int.c:944:help,modules/adv_int/adv_int.c,944,help,Changes duration of the bulb timer,,new,
modules/adv_int/adv_int.c:947:name,modules/adv_int/adv_int.c,947,name,White Balance,,new,
modules/adv_int/adv_int.c:951:help,modules/adv_int/adv_int.c,951,help,Changes the Kelvin white balance,,new,
modules/crop_rec/crop_rec.c:1507:name,modules/crop_rec/crop_rec.c,1507,name,Crop mode,,new,
modules/crop_rec/crop_rec.c:1513:name,modules/crop_rec/crop_rec.c,1513,name,Shutter range,,new,
modules/crop_rec/crop_rec.c:1517:help,modules/crop_rec/crop_rec.c,1517,help,Choose the available shutter speed range:,,new,
modules/crop_rec/crop_rec.c:1518:help2,modules/crop_rec/crop_rec.c,1518,help2,Original: default range used by Canon in selected video mode.\n,,new,
modules/crop_rec/crop_rec.c:1522:name,modules/crop_rec/crop_rec.c,1522,name,Target YRES,,new,
modules/crop_rec/crop_rec.c:1527:help,modules/crop_rec/crop_rec.c,1527,help,Desired vertical resolution (only for presets with higher resolution).,,new,
modules/crop_rec/crop_rec.c:1528:help2,modules/crop_rec/crop_rec.c,1528,help2,Decrease if you get corrupted frames (dial the desired resolution here).,,new,
modules/crop_rec/crop_rec.c:1531:name,modules/crop_rec/crop_rec.c,1531,name,Delta ADTG 0,,new,
modules/crop_rec/crop_rec.c:1536:help,modules/crop_rec/crop_rec.c,1536,help,"ADTG 0x8178, 0x8196, 0x82F8",,new,
modules/crop_rec/crop_rec.c:1537:help2,modules/crop_rec/crop_rec.c,1537,help2,May help pushing the resolution a little. Start with small increments.,,new,
modules/crop_rec/crop_rec.c:1541:name,modules/crop_rec/crop_rec.c,1541,name,Delta ADTG 1,,new,
modules/crop_rec/crop_rec.c:1546:help,modules/crop_rec/crop_rec.c,1546,help,"ADTG 0x8179, 0x8197, 0x82F9",,new,
modules/crop_rec/crop_rec.c:1547:help2,modules/crop_rec/crop_rec.c,1547,help2,May help pushing the resolution a little. Start with small increments.,,new,
modules/crop_rec/crop_rec.c:1551:name,modules/crop_rec/crop_rec.c,1551,name,Delta HEAD3,,new,
modules/crop_rec/crop_rec.c:1556:help2,modules/crop_rec/crop_rec.c,1556,help2,May help pushing the resolution a little. Start with small increments.,,new,
modules/crop_rec/crop_rec.c:1560:name,modules/crop_rec/crop_rec.c,1560,name,Delta HEAD4,,new,
modules/crop_rec/crop_rec.c:1565:help2,modules/crop_rec/crop_rec.c,1565,help2,May help pushing the resolution a little. Start with small increments.,,new,
modules/crop_rec/crop_rec.c:1569:name,modules/crop_rec/crop_rec.c,1569,name,CMOS[1] lo,,new,
modules/crop_rec/crop_rec.c:1573:help,modules/crop_rec/crop_rec.c,1573,help,Start scanline (very rough). Use for vertical positioning.,,new,
modules/crop_rec/crop_rec.c:1577:name,modules/crop_rec/crop_rec.c,1577,name,CMOS[1] hi,,new,
modules/crop_rec/crop_rec.c:1581:help,modules/crop_rec/crop_rec.c,1581,help,End scanline (very rough). Increase if white bar at bottom.,,new,
modules/crop_rec/crop_rec.c:1582:help2,modules/crop_rec/crop_rec.c,1582,help2,Decrease if you get strange colors as you move the camera.,,new,
modules/crop_rec/crop_rec.c:1586:name,modules/crop_rec/crop_rec.c,1586,name,CMOS[2],,new,
modules/crop_rec/crop_rec.c:1590:help,modules/crop_rec/crop_rec.c,1590,help,Horizontal position / binning.,,new,
modules/crop_rec/crop_rec.c:1591:help2,modules/crop_rec/crop_rec.c,1591,help2,Use for horizontal centering.,,new,
modules/crop_rec/crop_rec.c:1858:name,modules/crop_rec/crop_rec.c,1858,name,Crop info,,new,
modules/crop_rec/crop_rec.c:1516:choice:0,modules/crop_rec/crop_rec.c,1516,choice:0,Original,,new,
modules/crop_rec/crop_rec.c:1516:choice:1,modules/crop_rec/crop_rec.c,1516,choice:1,Full range,,new,
modules/dev_tools/edmac/edmac.c:739:name,modules/dev_tools/edmac/edmac.c,739,name,EDMAC tools,,new,
modules/dev_tools/edmac/edmac.c:743:name,modules/dev_tools/edmac/edmac.c,743,name,Show EDMAC channels,,new,
modules/dev_tools/edmac/edmac.c:746:help,modules/dev_tools/edmac/edmac.c,746,help,Useful for finding image buffers.,,new,
modules/dev_tools/edmac/edmac.c:749:name,modules/dev_tools/edmac/edmac.c,749,name,EDMAC display,,new,
modules/dev_tools/edmac/edmac.c:758:name,modules/dev_tools/edmac/edmac.c,758,name,Find free EDMAC channels,,new,
modules/dev_tools/edmac/edmac.c:761:help,modules/dev_tools/edmac/edmac.c,761,help,Useful to find which channels can be used in LiveView.\n,,new,
modules/dev_tools/edmac/edmac.c:764:name,modules/dev_tools/edmac/edmac.c,764,name,Log EDMAC activity,,new,
modules/dev_tools/edmac/edmac.c:766:help,modules/dev_tools/edmac/edmac.c,766,help,Sample EDMAC activity on all channels and save a log file.,,new,
modules/dev_tools/edmac/edmac.c:767:help2,modules/dev_tools/edmac/edmac.c,767,help2,Useful for figuring out how image capture/processing works.,,new,
modules/dev_tools/edmac/edmac.c:770:name,modules/dev_tools/edmac/edmac.c,770,name,Start logging,,new,
modules/dev_tools/edmac/edmac.c:773:help,modules/dev_tools/edmac/edmac.c,773,help,Start logging EDMAC activity.,,new,
modules/dev_tools/edmac/edmac.c:774:help2,modules/dev_tools/edmac/edmac.c,774,help2,Press shutter halfway to choose the exact moment.,,new,
modules/dev_tools/edmac/edmac.c:777:name,modules/dev_tools/edmac/edmac.c,777,name,Log every,,new,
modules/dev_tools/edmac/edmac.c:784:help,modules/dev_tools/edmac/edmac.c,784,help,Sampling interval (how often EDMAC channels are polled).,,new,
modules/dev_tools/edmac/edmac.c:785:help2,modules/dev_tools/edmac/edmac.c,785,help2,The logging buffer size is fixed at 2048 samples.,,new,
modules/dev_tools/edmac/edmac.c:791:name,modules/dev_tools/edmac/edmac.c,791,name,EDMAC model test,,new,
modules/dev_tools/edmac/edmac.c:794:help,modules/dev_tools/edmac/edmac.c,794,help,Tests to confirm our hypothesis on how EDMAC works.,,new,
modules/dev_tools/edmac/edmac.c:795:help2,modules/dev_tools/edmac/edmac.c,795,help2,Should be executed on both camera and QEMU.,,new,
modules/sd_uhs/sd_uhs.c:577:name,modules/sd_uhs/sd_uhs.c,577,name,SD Overclock,,new,
modules/sd_uhs/sd_uhs.c:584:help,modules/sd_uhs/sd_uhs.c,584,help,"Choose an option, restart the camera to apply.",,new,
modules/sd_uhs/sd_uhs.c:585:name,modules/sd_uhs/sd_uhs.c,585,name,SD Frequency,,new,
modules/sd_uhs/sd_uhs.c:589:name,modules/sd_uhs/sd_uhs.c,589,name,Access Mode,,new,
modules/sd_uhs/sd_uhs.c:593:help,modules/sd_uhs/sd_uhs.c,593,help,SDR104 mode may be required for >100 MHz. It's ON by default.,,new,
modules/sd_uhs/sd_uhs.c:594:help2,modules/sd_uhs/sd_uhs.c,594,help2,However some SD cards prefer SDR50 for high frequencies.,,new,
modules/sd_uhs/sd_uhs.c:597:name,modules/sd_uhs/sd_uhs.c,597,name,Show CID info,,new,
modules/sd_uhs/sd_uhs.c:599:help,modules/sd_uhs/sd_uhs.c,599,help,Read the contents of CID register.,,new,
modules/sd_uhs/sd_uhs.c:600:help2,modules/sd_uhs/sd_uhs.c,600,help2,CID register contains some information about an SD card.,,new,
modules/sd_uhs/sd_uhs.c:604:name,modules/sd_uhs/sd_uhs.c,604,name,MID:,,new,
modules/sd_uhs/sd_uhs.c:606:help,modules/sd_uhs/sd_uhs.c,606,help,Manufacturer ID.,,new,
modules/sd_uhs/sd_uhs.c:610:name,modules/sd_uhs/sd_uhs.c,610,name,OID:,,new,
modules/sd_uhs/sd_uhs.c:612:help,modules/sd_uhs/sd_uhs.c,612,help,OEM/Application ID.,,new,
modules/sd_uhs/sd_uhs.c:616:name,modules/sd_uhs/sd_uhs.c,616,name,PNM:,,new,
modules/sd_uhs/sd_uhs.c:618:help,modules/sd_uhs/sd_uhs.c,618,help,Product Name.,,new,
modules/sd_uhs/sd_uhs.c:622:name,modules/sd_uhs/sd_uhs.c,622,name,PRV:,,new,
modules/sd_uhs/sd_uhs.c:624:help,modules/sd_uhs/sd_uhs.c,624,help,Product Revision.,,new,
modules/sd_uhs/sd_uhs.c:628:name,modules/sd_uhs/sd_uhs.c,628,name,PSN:,,new,
modules/sd_uhs/sd_uhs.c:630:help,modules/sd_uhs/sd_uhs.c,630,help,Serial Number.,,new,
modules/sd_uhs/sd_uhs.c:634:name,modules/sd_uhs/sd_uhs.c,634,name,MDT:,,new,
modules/sd_uhs/sd_uhs.c:636:help,modules/sd_uhs/sd_uhs.c,636,help,Manufacture Date Code.,,new,
modules/sd_uhs/sd_uhs.c:640:name,modules/sd_uhs/sd_uhs.c,640,name,CRC:,,new,
modules/sd_uhs/sd_uhs.c:642:help,modules/sd_uhs/sd_uhs.c,642,help,CRC7 checksum.,,new,
modules/sd_uhs/sd_uhs.c:586:choice:0,modules/sd_uhs/sd_uhs.c,586,choice:0,OFF,,new,
modules/sd_uhs/sd_uhs.c:586:choice:1,modules/sd_uhs/sd_uhs.c,586,choice:1,160MHz,,new,
modules/sd_uhs/sd_uhs.c:586:choice:2,modules/sd_uhs/sd_uhs.c,586,choice:2,192MHz,,new,
modules/sd_uhs/sd_uhs.c:586:choice:3,modules/sd_uhs/sd_uhs.c,586,choice:3,240MHz,,new,
modules/sd_uhs/sd_uhs.c:592:choice:0,modules/sd_uhs/sd_uhs.c,592,choice:0,SDR50,,new,
modules/sd_uhs/sd_uhs.c:592:choice:1,modules/sd_uhs/sd_uhs.c,592,choice:1,SDR104,,new,
